url,recipe_name,ingredients,total_time,servings
https://www.allrecipes.com/air-fryer-lamb-chops-recipe-11694499,Air Fryer Lamb Chops,"[{'quantity': '1/2', 'unit': 'cup', 'ingredient': 'extra virgin olive oil'}, {'quantity': '1', 'unit': None, 'ingredient': 'lemon, zested and juiced'}, {'quantity': '1', 'unit': 'teaspoon', 'ingredient': 'kosher salt'}, {'quantity': '1/2', 'unit': 'teaspoon', 'ingredient': 'ground black pepper'}, {'quantity': '2', 'unit': None, 'ingredient': 'cloves garlic'}, {'quantity': '1', 'unit': 'teaspoon', 'ingredient': 'fresh oregano'}, {'quantity': '1', 'unit': 'teaspoon', 'ingredient': 'fresh mint'}, {'quantity': '2', 'unit': 'teaspoons', 'ingredient': 'fresh rosemary'}, {'quantity': '3', 'unit': 'teaspoons', 'ingredient': 'fresh parsley'}, {'quantity': '4', 'unit': '(1/2-inch-thick)', 'ingredient': 'lamb loin chops'}]",4 hrs 30 mins,4
https://www.allrecipes.com/air-fryer-english-muffin-tuna-melt-recipe-11695943,Air Fryer English Muffin Tuna Melt,"[{'quantity': '2', 'unit': None, 'ingredient': 'English muffins'}, {'quantity': '2', 'unit': '(5-ounce) cans', 'ingredient': 'tuna'}, {'quantity': '3', 'unit': 'tablespoons', 'ingredient': 'mayonnaise'}, {'quantity': '1', 'unit': 'tablespoon', 'ingredient': 'mustard'}, {'quantity': '3', 'unit': 'tablespoons', 'ingredient': 'celery'}, {'quantity': '1', 'unit': 'tablespoon', 'ingredient': 'onion'}, {'quantity': None, 'unit': None, 'ingredient': 'salt and freshly ground black pepper to taste'}, {'quantity': '4', 'unit': 'slices', 'ingredient': 'provolone cheese'}, {'quantity': '4', 'unit': 'slices', 'ingredient': 'Cheddar cheese'}]",25 mins,4
https://www.allrecipes.com/air-fryer-honey-mustard-salmon-bites-recipe-11680825,Air Fryer Honey Mustard Salmon Bites,"[{'quantity': '1', 'unit': 'pound', 'ingredient': 'salmon'}, {'quantity': '1', 'unit': 'teaspoon', 'ingredient': 'olive oil'}, {'quantity': '1/2', 'unit': 'teaspoon', 'ingredient': 'paprika'}, {'quantity': '1/4', 'unit': 'teaspoon', 'ingredient': 'salt'}, {'quantity': '1/8', 'unit': 'teaspoon', 'ingredient': 'black pepper'}, {'quantity': '1/4', 'unit': 'cup', 'ingredient': 'honey mustard'}]",20 mins,6
https://www.allrecipes.com/panko-sesame-crusted-salmon-bites-recipe-8785036,Panko Sesame Crusted Salmon Bites,"[{'quantity': '1', 'unit': 'pound', 'ingredient': 'salmon fillet'}, {'quantity': '1', 'unit': 'teaspoon', 'ingredient': 'kosher salt'}, {'quantity': '1', 'unit': 'teaspoon', 'ingredient': 'granulated garlic'}, {'quantity': '1/2', 'unit': 'cup', 'ingredient': 'mayonnaise'}, {'quantity': '1', 'unit': 'tablespoon', 'ingredient': 'toasted sesame oil'}, {'quantity': '1', 'unit': 'tablespoon', 'ingredient': 'soy sauce'}, {'quantity': '1 1/2', 'unit': 'teaspoons', 'ingredient': 'lime juice,'}, {'quantity': '1/2', 'unit': 'cup', 'ingredient': 'panko (Japanese-style breadcrumbs)'}, {'quantity': '1/2', 'unit': 'cup', 'ingredient': 'toasted sesame seeds'}, {'quantity': None, 'unit': None, 'ingredient': 'cooking spray'}, {'quantity': '2', 'unit': 'teaspoons', 'ingredient': 'chili garlic sauce'}, {'quantity': '1', 'unit': 'teaspoon', 'ingredient': 'honey'}]",30 mins,4
https://www.allrecipes.com/wet-wet-wings-recipe-8786824,Wet Wet Wings,"[{'quantity': '2', 'unit': 'pounds', 'ingredient': 'chicken wings and drummettes'}, {'quantity': '1', 'unit': 'tablespoon', 'ingredient': 'oil'}, {'quantity': '1 1/2', 'unit': 'teaspoons', 'ingredient': 'kosher salt'}, {'quantity': '1/2', 'unit': 'teaspoon', 'ingredient': 'pepper'}, {'quantity': '1', 'unit': 'cup', 'ingredient': 'Wet Wet sauce'}, {'quantity': '1/2', 'unit': 'bunchgreen onions, green parts only, sliced (optional)', 'ingredient': 'green onions, green parts only, sliced (optional)'}, {'quantity': '1', 'unit': 'teaspoon', 'ingredient': 'sesame seeds (optional)'}]",40 mins,6
https://www.allrecipes.com/ninja-crispi-air-fryer-amazon-2024-8732423,The Genius New Ninja Crispi Changed My Mind About Cooking with Air Fryers,[],,
https://www.allrecipes.com/air-fryer-chicken-thigh-recipes-8743140,12 Air Fryer Chicken Thigh Recipes to Make for Dinner Tonight,[],,
https://www.allrecipes.com/air-fryer-pesto-chicken-quinoa-bowl-recipe-11691482,Air Fryer Pesto Chicken Quinoa Bowl,"[{'quantity': '2', 'unit': 'teaspoons', 'ingredient': 'pesto'}, {'quantity': '1/4', 'unit': 'teaspoon', 'ingredient': 'garlic powder'}, {'quantity': '1', 'unit': 'pound', 'ingredient': 'boneless chicken breasts'}, {'quantity': '2', 'unit': 'teaspoons', 'ingredient': 'olive oil'}, {'quantity': '1/8', 'unit': 'teaspoon', 'ingredient': 'crushed red pepper flakes'}, {'quantity': '1/8', 'unit': 'teaspoon', 'ingredient': 'salt'}, {'quantity': '1/8', 'unit': 'teaspoon', 'ingredient': 'ground black pepper'}, {'quantity': '1', 'unit': None, 'ingredient': 'zucchini,'}, {'quantity': None, 'unit': None, 'ingredient': 'nonstick cooking spray'}, {'quantity': '2', 'unit': 'cups', 'ingredient': 'cooked quinoa (see Note)'}, {'quantity': '10', 'unit': None, 'ingredient': 'basil leaves,'}, {'quantity': '1', 'unit': 'cup', 'ingredient': 'grape tomatoes,'}, {'quantity': '1/4', 'unit': 'cup', 'ingredient': 'feta cheese'}]",20 mins,2
https://www.allrecipes.com/recipe/283850/easy-air-fried-chicken-breast/,Easy Air Fryer Chicken Breast,"[{'quantity': '1', 'unit': '(8 ounce)', 'ingredient': 'chicken breast'}, {'quantity': '2', 'unit': 'teaspoons', 'ingredient': 'olive oil'}, {'quantity': '1/4', 'unit': 'teaspoon', 'ingredient': 'garlic powder, or to taste'}, {'quantity': None, 'unit': None, 'ingredient': 'salt and freshly ground black pepper to taste'}]",30 mins,1
https://www.allrecipes.com/air-fried-tossed-taquitos-recipe-8784154,Air Fried Tossed Taquitos,"[{'quantity': '24', 'unit': None, 'ingredient': 'chicken taquitos'}, {'quantity': '2', 'unit': 'tablespoons', 'ingredient': 'butter'}, {'quantity': '1', 'unit': 'tablespoon', 'ingredient': 'hot sauce'}, {'quantity': '1/4', 'unit': 'cup', 'ingredient': 'cotija cheese'}, {'quantity': '1', 'unit': 'tablespoon', 'ingredient': 'chopped cilantro'}, {'quantity': '1/2', 'unit': 'cup', 'ingredient': 'sour cream, or as needed for dipping'}]",15 mins,6
https://www.allrecipes.com/air-fryer-honey-mustard-salmon-recipe-8789582,Air Fryer Honey Mustard Salmon,"[{'quantity': '1', 'unit': 'pound', 'ingredient': 'salmon filet'}, {'quantity': '2', 'unit': 'teaspoons', 'ingredient': 'Dijon mustard'}, {'quantity': '1', 'unit': 'teaspoon', 'ingredient': 'honey'}, {'quantity': '1/2', 'unit': 'teaspoon', 'ingredient': 'salt'}, {'quantity': '1/4', 'unit': 'teaspoon', 'ingredient': 'black pepper'}, {'quantity': '2', 'unit': 'tablespoons', 'ingredient': 'unsalted butter'}, {'quantity': '2', 'unit': 'tablespoons', 'ingredient': 'whiskey'}, {'quantity': '1/4', 'unit': 'cup', 'ingredient': 'heavy cream'}, {'quantity': '1', 'unit': 'tablespoon', 'ingredient': 'Dijon mustard'}, {'quantity': '1 1/2', 'unit': 'teaspoons', 'ingredient': 'honey'}, {'quantity': None, 'unit': None, 'ingredient': 'salt and freshly ground black pepper to taste'}, {'quantity': None, 'unit': None, 'ingredient': 'fresh thyme for garnish'}]",25 mins,4
https://www.allrecipes.com/air-fryer-appetizer-recipes-8746703,18 Air Fryer Appetizers You'll Come Back to Again and Again,[],,
https://www.allrecipes.com/best-air-fryer-thanksgiving-recipes-8729089,Our 15 Best Air Fryer Thanksgiving Recipes,[],,
https://www.allrecipes.com/air-fryer-lemon-garlic-parmesan-chicken-recipe-8726749,Air Fryer Lemon Garlic Parmesan Chicken,"[{'quantity': '1 1/2', 'unit': 'pounds', 'ingredient': 'skinless boneless chicken thighs'}, {'quantity': '3', 'unit': 'cloves', 'ingredient': 'garlic, minced'}, {'quantity': '1', 'unit': 'teaspoon', 'ingredient': 'lemon zest'}, {'quantity': '1', 'unit': 'teaspoon', 'ingredient': 'paprika'}, {'quantity': '1', 'unit': 'teaspoon', 'ingredient': 'dried oregano'}, {'quantity': '1/2', 'unit': 'teaspoon', 'ingredient': 'salt'}, {'quantity': '1/4', 'unit': 'teaspoon', 'ingredient': 'crushed red pepper'}, {'quantity': '1/2', 'unit': 'cup', 'ingredient': 'grated parmesan cheese'}, {'quantity': '1/4', 'unit': 'cup', 'ingredient': 'panko bread crumbs'}, {'quantity': None, 'unit': None, 'ingredient': 'cooking spray'}]",32 mins,4
https://www.allrecipes.com/air-fryer-s-mores-recipe-8736955,Air Fryer S’Mores,"[{'quantity': '1', 'unit': 'sleeve', 'ingredient': 'graham crackers'}, {'quantity': '5', 'unit': '(1.5 ounce)', 'ingredient': 'chocolate candy bars'}, {'quantity': '10', 'unit': None, 'ingredient': 's’more-sized marshmallows'}]",15 mins,10
https://www.allrecipes.com/air-fryer-baked-yams-recipe-8737640,Air Fryer Baked Yams,"[{'quantity': '1', 'unit': None, 'ingredient': 'yam'}, {'quantity': '1/2', 'unit': 'teaspoon', 'ingredient': 'olive oil'}]",20 mins,1
https://www.allrecipes.com/lemon-garlic-butter-chicken-spiedini-recipe-8727930,Lemon Garlic Butter Chicken Spiedini,"[{'quantity': '1/2', 'unit': 'cup', 'ingredient': 'extra-virgin olive oil'}, {'quantity': '1/4', 'unit': 'cup', 'ingredient': 'white wine, such as Pinot Grigio'}, {'quantity': '3', 'unit': 'tablespoons', 'ingredient': 'lemon juice'}, {'quantity': '1', 'unit': 'teaspoon', 'ingredient': 'lemon zest'}, {'quantity': '4', 'unit': 'cloves', 'ingredient': 'garlic'}, {'quantity': '1/4', 'unit': 'teaspoon', 'ingredient': 'crushed red pepper flakes'}, {'quantity': '1/4', 'unit': 'teaspoon', 'ingredient': 'oregano'}, {'quantity': '2', 'unit': 'teaspoons', 'ingredient': 'kosher salt'}, {'quantity': '1', 'unit': 'teaspoon', 'ingredient': 'pepper'}, {'quantity': '2', 'unit': 'pounds', 'ingredient': 'skinless boneless chicken thighs'}, {'quantity': '2/3', 'unit': 'cup', 'ingredient': 'Italian breadcrumbs'}, {'quantity': '2/3', 'unit': 'cup', 'ingredient': 'panko'}, {'quantity': '1/2', 'unit': 'cup', 'ingredient': 'grated Parmesan cheese'}, {'quantity': '1/2', 'unit': 'teaspoon', 'ingredient': 'garlic powder'}, {'quantity': None, 'unit': None, 'ingredient': 'skewers'}, {'quantity': None, 'unit': None, 'ingredient': 'cooking spray'}, {'quantity': '4', 'unit': 'tablespoons', 'ingredient': 'butter'}, {'quantity': '2', 'unit': 'teaspoons', 'ingredient': 'fresh parsley'}]",30 mins,6
https://www.allrecipes.com/air-fryer-grilled-pimento-cheese-recipe-8720986,Air Fryer Grilled Pimento Cheese,"[{'quantity': '4', 'unit': 'slices', 'ingredient': 'French bread,'}, {'quantity': '2', 'unit': 'tablespoons', 'ingredient': 'mayonnaise'}, {'quantity': '1/2', 'unit': 'cup', 'ingredient': 'pimento cheese spread'}, {'quantity': '1', 'unit': None, 'ingredient': 'tomato'}, {'quantity': '1/8', 'unit': 'teaspoon', 'ingredient': 'dried basil'}, {'quantity': None, 'unit': None, 'ingredient': 'salt and freshly ground black pepper'}]",15 mins,2
https://www.allrecipes.com/air-fryer-eggplant-recipe-8700773,Air Fryer Eggplant,"[{'quantity': '1', 'unit': 'pound', 'ingredient': 'eggplant'}, {'quantity': '2', 'unit': 'tablespoons', 'ingredient': 'avocado oil'}, {'quantity': '1/2', 'unit': 'teaspoon', 'ingredient': 'garlic powder'}, {'quantity': '1/2', 'unit': 'teaspoon', 'ingredient': 'dried thyme'}, {'quantity': '1/2', 'unit': 'teaspoon', 'ingredient': 'lemon pepper'}, {'quantity': '1/4', 'unit': 'teaspoon', 'ingredient': 'salt'}]",25 mins,4
https://www.allrecipes.com/air-fryer-sriracha-fries-recipe-8694021,Air Fryer Sriracha Fries,"[{'quantity': '2 to 3', 'unit': None, 'ingredient': 'russet potatoes'}, {'quantity': '1', 'unit': 'tablespoon', 'ingredient': 'oil'}, {'quantity': '2', 'unit': 'tablespoons', 'ingredient': 'riracha'}, {'quantity': '1', 'unit': 'pinch', 'ingredient': 'salt'}]",1 hr 30 mins,3
https://www.allrecipes.com/air-fryer-chicken-parmesan-recipe-8698442,Air Fryer Chicken Parmesan,"[{'quantity': '2', 'unit': '2(8-ounce)', 'ingredient': 'boneless skinless chicken breasts, patted dry'}, {'quantity': '3/4', 'unit': 'teaspoon', 'ingredient': 'kosher salt, divided'}, {'quantity': '1/2', 'unit': 'teaspoon', 'ingredient': 'black pepper, divided'}, {'quantity': '1/3', 'unit': 'cup', 'ingredient': 'all purpose flour'}, {'quantity': '2', 'unit': 'large', 'ingredient': 'eggs, lightly beaten'}, {'quantity': '1 1/2', 'unit': 'cups', 'ingredient': 'seasoned panko (Japanese-style breadcrumbs)'}, {'quantity': '1/4', 'unit': 'cup', 'ingredient': 'armesan cheese, plus more for garnish'}, {'quantity': '2', 'unit': 'tablespoons', 'ingredient': 'olive oil'}, {'quantity': '1/4', 'unit': 'teaspoon', 'ingredient': 'crushed red pepper'}, {'quantity': '1/4', 'unit': 'teaspoon', 'ingredient': 'garlic powder'}, {'quantity': '1', 'unit': 'cup', 'ingredient': 'marinara sauce, plus more for serving'}, {'quantity': '1', 'unit': 'cup', 'ingredient': 'mozzarella cheese'}]",40 mins,4
https://www.allrecipes.com/copycat-wingstop-cajun-corn-recipe-8681405,Copycat Wingstop Cajun Corn,"[{'quantity': '4', 'unit': 'ears', 'ingredient': 'corn'}, {'quantity': '2', 'unit': 'tablespoons', 'ingredient': 'olive oil'}, {'quantity': '1 1/4', 'unit': 'teaspoons', 'ingredient': 'kosher salt'}, {'quantity': '1/2', 'unit': 'cup', 'ingredient': 'butter'}, {'quantity': '1/2', 'unit': 'teaspoon', 'ingredient': 'pepper'}, {'quantity': '1', 'unit': 'teaspoon', 'ingredient': 'onion powder'}, {'quantity': '1', 'unit': 'teaspoon', 'ingredient': 'garlic powder'}, {'quantity': '1/4', 'unit': 'teaspoon', 'ingredient': 'thyme'}, {'quantity': '1/4', 'unit': 'teaspoon', 'ingredient': 'oregano'}, {'quantity': '1', 'unit': 'teaspoon', 'ingredient': 'paprika'}, {'quantity': '1/4', 'unit': 'teaspoon', 'ingredient': 'cayenne pepper'}]",25 mins,8
https://www.allrecipes.com/crispy-air-fryer-potato-bites-recipe-8682451,Crispy Air Fryer Potato Bites,"[{'quantity': '1', 'unit': 'pound', 'ingredient': 'red potatoes'}, {'quantity': '1', 'unit': 'tablespoon', 'ingredient': 'olive oil'}, {'quantity': '1/2', 'unit': 'teaspoon', 'ingredient': 'garlic powder'}, {'quantity': '1/4', 'unit': 'teaspoon', 'ingredient': 'salt'}, {'quantity': '1/8', 'unit': 'teaspoon', 'ingredient': 'ground black pepper'}, {'quantity': '2', 'unit': 'tablespoons', 'ingredient': 'grated Parmesan cheese'}]",25 mins,4
https://www.allrecipes.com/air-fryer-smashed-potatoes-recipe-8644582,Air Fryer Smashed Potatoes,"[{'quantity': '8', 'unit': 'ounces', 'ingredient': 'baby gold potatoes'}, {'quantity': '1', 'unit': 'tablespoon', 'ingredient': 'melted unsalted butter'}, {'quantity': '1/2', 'unit': 'teaspoon', 'ingredient': 'salt'}, {'quantity': '1/4', 'unit': 'teaspoon', 'ingredient': 'garlic powder'}, {'quantity': '1/4', 'unit': 'teaspoon', 'ingredient': 'freshly ground black pepper'}, {'quantity': None, 'unit': None, 'ingredient': 'chopped fresh parsley for garnish (Optional)'}]",20 mins,2
https://www.allrecipes.com/air-fryer-buffalo-wings-recipe-8645970,Air Fryer Buffalo Wings,"[{'quantity': '2', 'unit': 'teaspoons', 'ingredient': 'sea salt'}, {'quantity': '1', 'unit': 'teaspoon', 'ingredient': 'garlic powder'}, {'quantity': '1', 'unit': 'teaspoon', 'ingredient': 'mustard powder'}, {'quantity': '1', 'unit': 'teaspoon', 'ingredient': 'ground coriander'}, {'quantity': '1', 'unit': 'teaspoon', 'ingredient': 'smoked paprika'}, {'quantity': '½', 'unit': 'teaspoon', 'ingredient': 'cayenne pepper'}, {'quantity': '¼', 'unit': 'teaspoon', 'ingredient': 'ground black pepper'}, {'quantity': '1', 'unit': 'pound', 'ingredient': 'chicken wings'}]",40 mins,4
https://www.allrecipes.com/air-fryer-po-boy-recipe-8647044,Air Fryer Po' Boy,"[{'quantity': '¼', 'unit': 'cup', 'ingredient': 'lemon juice'}, {'quantity': '3', 'unit': 'tablespoons', 'ingredient': 'olive oil'}, {'quantity': '2', 'unit': 'cloves', 'ingredient': 'garlic, minced'}, {'quantity': '1', 'unit': 'tablespoon', 'ingredient': 'chopped fresh tarragon'}, {'quantity': '2', 'unit': 'teaspoons', 'ingredient': 'Dijon mustard'}, {'quantity': '½', 'unit': 'teaspoon', 'ingredient': 'kosher salt, divided'}, {'quantity': '1', 'unit': '(14 ounce) package', 'ingredient': 'shredded coleslaw mix'}, {'quantity': '¾', 'unit': 'cup', 'ingredient': 'buttermilk'}, {'quantity': '2', 'unit': 'teaspoons', 'ingredient': 'hot pepper sauce'}, {'quantity': '1', 'unit': 'teaspoon', 'ingredient': 'cayenne pepper'}, {'quantity': '1', 'unit': 'teaspoon', 'ingredient': 'ground dried chipotle pepper'}, {'quantity': '½', 'unit': 'teaspoon', 'ingredient': 'ground black pepper'}, {'quantity': '1 ½', 'unit': 'pounds', 'ingredient': 'large shrimp - peeled, deveined, and tails removed'}, {'quantity': '2', 'unit': 'cups', 'ingredient': 'whole wheat panko bread crumbs'}, {'quantity': '6', 'unit': '(6 inch)', 'ingredient': 'whole-wheat hoagie rolls, split and toasted'}]",35 mins,6
https://www.allrecipes.com/4-ingredient-air-fryer-pepper-poppers-recipe-8584965,4 Ingredient Air Fryer Pepper Poppers,"[{'quantity': '1', 'unit': None, 'ingredient': 'bell pepper, any color'}, {'quantity': '8', 'unit': 'ounces', 'ingredient': 'cream cheese, softened'}, {'quantity': '1 (1', 'unit': 'ounce)', 'ingredient': 'ranch dip mix'}, {'quantity': '2', 'unit': 'teaspoons', 'ingredient': 'bacon bits'}]",20 mins,4
https://www.allrecipes.com/air-fryer-truffle-polenta-fries-recipe-8643717,Air Fryer Truffle Polenta Fries,"[{'quantity': '1', 'unit': '(18 ounce) tube', 'ingredient': 'polenta'}, {'quantity': '1 1/2', 'unit': 'tablespoons', 'ingredient': 'black truffle-infused olive oil'}, {'quantity': '1 1/2', 'unit': 'teaspoon', 'ingredient': 'truffle zest seasoning'}, {'quantity': '2', 'unit': 'tablespoons', 'ingredient': 'shredded Parmesan cheese'}, {'quantity': '2', 'unit': 'teaspoons', 'ingredient': 'fresh parsley'}]",20 mins,6
https://www.allrecipes.com/air-fryer-quesadillas-recipe-8651442,Air Fryer Quesadillas,"[{'quantity': '2', 'unit': None, 'ingredient': 'flour tortillas'}, {'quantity': '1/2', 'unit': 'cup', 'ingredient': 'shredded cheese'}, {'quantity': None, 'unit': None, 'ingredient': 'nonstick cooking spray'}]",20 mins,2
https://www.allrecipes.com/air-fryer-chicken-bites-recipe-8599352,Air Fryer Chicken Bites,"[{'quantity': '1', 'unit': 'pound', 'ingredient': 'boneless chicken breasts,'}, {'quantity': '3', 'unit': 'tablespoons', 'ingredient': 'butter, melted'}, {'quantity': '1', 'unit': 'tablespoon', 'ingredient': 'olive oil'}, {'quantity': '1', 'unit': 'teaspoon', 'ingredient': 'lemon juice, or to taste'}, {'quantity': '3', 'unit': 'cloves', 'ingredient': 'garlic, minced'}, {'quantity': '1', 'unit': 'teaspoon', 'ingredient': 'talian seasoning'}, {'quantity': '1', 'unit': 'teaspoon', 'ingredient': 'salt'}, {'quantity': '1', 'unit': 'teaspoon', 'ingredient': 'paprika'}, {'quantity': '1/2', 'unit': 'teaspoon', 'ingredient': 'cayenne pepper (optional)'}]",20 mins,4
https://www.allrecipes.com/air-fryer-firecracker-salmon-bites-recipe-8623119,Air Fryer Firecracker Salmon Bites,"[{'quantity': '1/4', 'unit': 'cup', 'ingredient': 'balsamic vinegar'}, {'quantity': '1/4', 'unit': 'cup', 'ingredient': 'brown sugar'}, {'quantity': '3', 'unit': 'tablespoons', 'ingredient': 'vegetable oil,'}, {'quantity': '3', 'unit': 'tablespoons', 'ingredient': 'soy sauce'}, {'quantity': '1', 'unit': 'tablespoon', 'ingredient': 'minced garlic'}, {'quantity': '1', 'unit': 'tablespoon', 'ingredient': 'ginger'}, {'quantity': '2', 'unit': 'teaspoons', 'ingredient': 'crushed red pepper flakes, or more to taste'}, {'quantity': '1/2', 'unit': 'teaspoon', 'ingredient': 'kosher salt'}, {'quantity': '1 1/4', 'unit': 'pounds', 'ingredient': 'salmon filets'}, {'quantity': None, 'unit': None, 'ingredient': 'cooking spray'}]",45 mins,4
https://www.allrecipes.com/air-fryer-ham-and-cheese-wraps-recipe-8365118,Air Fryer Ham and Cheese Wraps,"[{'quantity': '4', 'unit': '(7-inch', 'ingredient': 'flour tortillas'}, {'quantity': '1/4', 'unit': 'cup', 'ingredient': 'spicy mustard'}, {'quantity': '8', 'unit': 'thin slices', 'ingredient': 'deli ham'}, {'quantity': '4', 'unit': 'slices', 'ingredient': 'olby-Jack cheese'}, {'quantity': '2', 'unit': 'tablespoons', 'ingredient': 'butter'}]",10 mins,2
https://www.allrecipes.com/air-fryer-bell-pepper-poppers-recipe-8584648,Air Fryer Bell Pepper Poppers,"[{'quantity': '9', 'unit': 'mini pepper', 'ingredient': 'mini bell peppers'}, {'quantity': '5.2', 'unit': 'ounce', 'ingredient': 'Gournay cheese'}, {'quantity': '6', 'unit': 'slices', 'ingredient': 'bacon, each cut into 3 short pieces'}, {'quantity': None, 'unit': None, 'ingredient': 'fresh parsley for garnish (optional)'}]",25 mins,9
https://www.allrecipes.com/recipe/8537905/air-fryer-buffalo-cauliflower/,Air Fryer Buffalo Cauliflower,"[{'quantity': '½', 'unit': 'cup', 'ingredient': ""Buffalo wing sauce (such as Frank's)""}, {'quantity': '1', 'unit': 'tablespoon', 'ingredient': 'butter, melted'}, {'quantity': '1', 'unit': 'teaspoon', 'ingredient': 'honey'}, {'quantity': '1', 'unit': '(2 pound)', 'ingredient': 'cauliflower, broken into florets'}, {'quantity': '¼', 'unit': 'cup', 'ingredient': 'all-purpose flour'}, {'quantity': '¼', 'unit': 'cup', 'ingredient': 'cornstarch'}, {'quantity': '1', 'unit': 'teaspoon', 'ingredient': 'garlic powder'}, {'quantity': '½', 'unit': 'teaspoon', 'ingredient': ""seasoned salt (such as Lawry's)""}, {'quantity': '¼', 'unit': 'teaspoon', 'ingredient': 'paprika'}, {'quantity': '', 'unit': '', 'ingredient': 'drizzle of buffalo wing sauce (optional)'}]",30 mins,4
https://www.allrecipes.com/air-fryer-cinnamon-roll-bites-recipe-8553617,Air Fryer Cinnamon Roll Bites,"[{'quantity': '1 (12.4', 'unit': 'ounce)', 'ingredient': 'cinnamon rolls'}, {'quantity': '1/4', 'unit': 'cup', 'ingredient': 'white sugar'}, {'quantity': '1/2', 'unit': 'teaspoon', 'ingredient': 'ground cinnamon'}, {'quantity': '4', 'unit': 'ounces', 'ingredient': 'cream cheese, softened'}, {'quantity': '3/4', 'unit': 'cup', 'ingredient': ""confectioner's sugar""}, {'quantity': '1', 'unit': 'tablespoon', 'ingredient': 'orange peel'}, {'quantity': '1', 'unit': 'tablespoon', 'ingredient': 'orange juice'}, {'quantity': None, 'unit': None, 'ingredient': 'icing'}]",15 mins,8
https://www.allrecipes.com/air-fryer-honey-mustard-chicken-thighs-recipe-7970816,Air Fryer Honey-Mustard Chicken Thighs,"[{'quantity': '4', 'unit': None, 'ingredient': 'boneless skinless chicken thighs'}, {'quantity': '1/2', 'unit': 'teaspoon', 'ingredient': 'onion powder'}, {'quantity': '1/2', 'unit': 'teaspoon', 'ingredient': 'garlic powder'}, {'quantity': '1/2', 'unit': 'teaspoon', 'ingredient': 'smoked paprika'}, {'quantity': '1/4', 'unit': 'teaspoon', 'ingredient': 'salt, or to taste'}, {'quantity': '1/4', 'unit': 'teaspoon', 'ingredient': 'black pepper, or to taste'}, {'quantity': '2', 'unit': 'tablespoons', 'ingredient': 'honey'}, {'quantity': '2', 'unit': 'tablespoons', 'ingredient': 'ijon mustard'}, {'quantity': None, 'unit': None, 'ingredient': 'olive oil cooking spray'}]",20 mins,4
https://www.allrecipes.com/air-fryer-hearts-of-palm-sticks-recipe-7814346,Air Fryer Hearts of Palm Sticks,"[{'quantity': '1/4', 'unit': 'cup', 'ingredient': 'all-purpose flour'}, {'quantity': '1/4', 'unit': 'teaspoon', 'ingredient': 'salt'}, {'quantity': '1/8', 'unit': 'teaspoon', 'ingredient': 'ground black pepper'}, {'quantity': '1', 'unit': 'large', 'ingredient': 'egg'}, {'quantity': '1/4', 'unit': 'cup', 'ingredient': 'talian bread crumbs'}, {'quantity': '2', 'unit': 'tablespoons', 'ingredient': 'panko bread crumbs'}, {'quantity': '2', 'unit': 'tablespoons', 'ingredient': 'grated Parmesan cheese'}, {'quantity': '1 (14', 'unit': 'ounce) can', 'ingredient': 'hearts of palm, drained'}, {'quantity': None, 'unit': None, 'ingredient': 'cooking spray'}]",47 mins,2
https://www.allrecipes.com/air-fryer-cheesy-bacon-ranch-french-fries-recipe-7560981,Air Fryer Cheesy Bacon Ranch French Fries,"[{'quantity': '4', 'unit': 'cups', 'ingredient': 'frozen French fries'}, {'quantity': '1/4', 'unit': 'cup', 'ingredient': 'olive oil'}, {'quantity': '2', 'unit': 'tablespoons', 'ingredient': 'ranch salad dressing mix'}, {'quantity': '2', 'unit': 'teaspoons', 'ingredient': 'bacon bits'}, {'quantity': '1', 'unit': 'pinch', 'ingredient': 'salt'}, {'quantity': '1/4', 'unit': 'cup', 'ingredient': 'shredded Cheddar cheese'}]",20 mins,4
https://www.allrecipes.com/air-fryer-mini-dark-chocolate-cake-with-brown-butter-frosting-recipe-7509612,Air Fryer Mini Dark Chocolate Cake with Brown Butter Frosting,"[{'quantity': None, 'unit': None, 'ingredient': 'cooking spray'}, {'quantity': '1/4', 'unit': 'cup', 'ingredient': 'flour, plus more for dusting cake pan'}, {'quantity': '3', 'unit': 'tablespoons', 'ingredient': 'unsweetened Dutch process cocoa powder'}, {'quantity': '1/2', 'unit': 'teaspoon', 'ingredient': 'baking powder'}, {'quantity': '1/4', 'unit': 'teaspoon', 'ingredient': 'baking soda'}, {'quantity': '1/4', 'unit': 'teaspoon', 'ingredient': 'salt'}, {'quantity': '3', 'unit': 'tablespoons', 'ingredient': 'buttermilk'}, {'quantity': '3', 'unit': 'tablespoons', 'ingredient': 'unsweetened applesauce'}, {'quantity': '4 1/2', 'unit': 'teaspoons', 'ingredient': 'canola oil'}, {'quantity': '1', 'unit': 'teaspoon', 'ingredient': ''}, {'quantity': '1/2', 'unit': 'teaspoon', 'ingredient': 'vanilla extract'}, {'quantity': '1', 'unit': 'large', 'ingredient': 'egg'}, {'quantity': '1/2', 'unit': 'cup', 'ingredient': 'sugar'}, {'quantity': '1', 'unit': 'ounce', 'ingredient': 'dark chocolate, chopped, plus more for garnish'}, {'quantity': '5', 'unit': 'tablespoons', 'ingredient': 'butter'}, {'quantity': '2', 'unit': 'tablespoons', 'ingredient': 'honey'}, {'quantity': '1/2', 'unit': 'teaspoon', 'ingredient': 'vanilla extract'}, {'quantity': '3/4', 'unit': 'cup', 'ingredient': 'powdered sugar'}, {'quantity': '2', 'unit': 'teaspoons', 'ingredient': 'water, or as needed'}]",1 hr 15 mins,6
https://www.allrecipes.com/air-fryer-blooming-onion-recipe-7546676,Air Fryer Blooming Onion,"[{'quantity': '1', 'unit': 'cup', 'ingredient': 'milk'}, {'quantity': '1', 'unit': 'large', 'ingredient': 'egg'}, {'quantity': '1', 'unit': 'cup', 'ingredient': 'flour'}, {'quantity': '3/4', 'unit': 'teaspoon', 'ingredient': 'salt'}, {'quantity': '3/4', 'unit': 'teaspoon', 'ingredient': 'cayenne pepper'}, {'quantity': '1/2', 'unit': 'teaspoon', 'ingredient': 'paprika, plus more for garnish'}, {'quantity': '1/4', 'unit': 'teaspoon', 'ingredient': 'ground black pepper'}, {'quantity': '1/4', 'unit': 'teaspoon', 'ingredient': 'dried oregano'}, {'quantity': '1/8', 'unit': 'teaspoon', 'ingredient': 'dried thyme'}, {'quantity': '1/8', 'unit': 'teaspoon', 'ingredient': 'cumin'}, {'quantity': '1', 'unit': 'large (14- to 16-ounces)', 'ingredient': 'sweet onion'}, {'quantity': None, 'unit': None, 'ingredient': 'cooking spray'}, {'quantity': '1/2', 'unit': 'cup', 'ingredient': 'mayonnaise'}, {'quantity': '2', 'unit': 'tablespoons', 'ingredient': 'cream-style horseradish sauce'}, {'quantity': '1', 'unit': 'tablespoon', 'ingredient': 'ketchup'}, {'quantity': '1/4', 'unit': 'teaspoon', 'ingredient': 'paprika'}, {'quantity': '1/4', 'unit': 'teaspoon', 'ingredient': 'salt'}, {'quantity': '1/8', 'unit': 'teaspoon', 'ingredient': 'dried oregano'}, {'quantity': '1/8', 'unit': 'teaspoon', 'ingredient': 'cayenne pepper'}, {'quantity': '1', 'unit': 'pinch', 'ingredient': 'black pepper'}]",35 mins,4
https://www.allrecipes.com/air-fryer-spanakopita-recipe-7510155,Air Fryer Spanakopita,"[{'quantity': '2 (10-', 'unit': 'ounces) pkg.', 'ingredient': 'spinach, thawed and squeezed dry'}, {'quantity': '1/2', 'unit': 'cup', 'ingredient': 'feta cheese'}, {'quantity': '1/2', 'unit': 'cup', 'ingredient': 'shredded mozzarella cheese'}, {'quantity': '1/2', 'unit': 'cup', 'ingredient': 'grated Parmesan cheese'}, {'quantity': '1', 'unit': None, 'ingredient': 'clove garlic, minced'}, {'quantity': '1', 'unit': 'lb. pkg.)', 'ingredient': 'phyllo dough, thawed'}, {'quantity': '1/2', 'unit': 'cup', 'ingredient': 'unsalted butter, melted'}, {'quantity': None, 'unit': None, 'ingredient': 'tzatziki sauce for serving'}, {'quantity': None, 'unit': None, 'ingredient': 'fresh dill for serving'}]",55 mins,24
https://www.allrecipes.com/air-fryer-turtle-cheesecake-recipe-7511366,Air Fryer Turtle Cheesecake,"[{'quantity': '1', 'unit': 'cup', 'ingredient': 'graham cracker crumbs'}, {'quantity': '1', 'unit': 'tablespoon', 'ingredient': 'sugar'}, {'quantity': '6', 'unit': 'tablespoons', 'ingredient': 'butter, melted'}, {'quantity': '12', 'unit': 'ounces', 'ingredient': 'cream cheese, softened'}, {'quantity': '1/3', 'unit': 'cup', 'ingredient': 'sour cream'}, {'quantity': '1/3', 'unit': 'cup', 'ingredient': 'sugar'}, {'quantity': '1', 'unit': 'teaspoon', 'ingredient': 'lemon juice'}, {'quantity': '1', 'unit': 'teaspoon', 'ingredient': 'vanilla extract'}, {'quantity': '1', 'unit': 'pinch', 'ingredient': 'salt'}, {'quantity': '2', 'unit': 'large', 'ingredient': 'eggs'}, {'quantity': '2', 'unit': 'tablespoons', 'ingredient': '2'}, {'quantity': '2', 'unit': 'tablespoons', 'ingredient': 'caramel ice cream topping, or to taste'}, {'quantity': '2', 'unit': 'tablespoons', 'ingredient': 'pecans, or to taste'}]",5 hrs 40 mins,8
https://www.allrecipes.com/crab-rangoon-in-the-air-fryer-recipe-7511370,Crab Rangoon in the Air Fryer,"[{'quantity': '1/2', 'unit': 'cup', 'ingredient': 'apricot fruit spread'}, {'quantity': '1', 'unit': 'tablespoon', 'ingredient': 'chili-garlic sauce'}, {'quantity': '1', 'unit': 'tablespoon less-sodium', 'ingredient': 'soy sauce'}, {'quantity': '1/2', 'unit': 'teaspoon', 'ingredient': 'orange zest'}, {'quantity': '2', 'unit': 'tablespoons', 'ingredient': 'freshly squeezed orange juice (from 1 orange)'}, {'quantity': '4', 'unit': 'ounces', 'ingredient': 'cream cheese'}, {'quantity': '4', 'unit': 'ounces', 'ingredient': 'crabmeat, drained'}, {'quantity': '2', 'unit': 'tablespoons', 'ingredient': 'chives'}, {'quantity': '2', 'unit': 'teaspoons', 'ingredient': 'orcestershire sauce'}, {'quantity': '1', 'unit': 'clove', 'ingredient': 'garlic, grated (about 1/2 teaspoon)'}, {'quantity': '1/4', 'unit': 'teaspoon', 'ingredient': 'ground black pepper'}, {'quantity': '1/8', 'unit': 'teaspoon', 'ingredient': 'salt'}, {'quantity': '18', 'unit': None, 'ingredient': 'wonton wrappers'}, {'quantity': None, 'unit': None, 'ingredient': 'cooking spray'}]",38 mins,9
https://www.allrecipes.com/air-fryer-pecan-crusted-trout-recipe-7510184,Air Fryer Pecan Crusted Trout,"[{'quantity': '2/3', 'unit': 'cup', 'ingredient': 'chopped pecans'}, {'quantity': '1', 'unit': 'teaspoon', 'ingredient': 'dried rosemary, crushed'}, {'quantity': '1/2', 'unit': 'teaspoon', 'ingredient': 'salt'}, {'quantity': '2', 'unit': 'tablespoons', 'ingredient': 'flour'}, {'quantity': '1', 'unit': 'large', 'ingredient': 'egg'}, {'quantity': '4 (4-', 'unit': 'ounces) rainbow', 'ingredient': 'trout fillets, thawed if frozen, skinned if desired'}, {'quantity': '2', 'unit': 'teaspoons', 'ingredient': 'maple syrup'}, {'quantity': None, 'unit': None, 'ingredient': 'lemon wedges, for serving'}]",20 mins,4
https://www.allrecipes.com/air-fryer-tempura-vegetables-recipe-7510181,Air Fryer Tempura Vegetables,"[{'quantity': '2', 'unit': 'large', 'ingredient': 'egg whites'}, {'quantity': '1/4', 'unit': 'cup', 'ingredient': 'seltzer water'}, {'quantity': '1/2', 'unit': 'cup', 'ingredient': 'flour'}, {'quantity': '1/4', 'unit': 'teaspoon', 'ingredient': 'SEASONING (see Variations below)'}, {'quantity': '1/2', 'unit': 'teaspoon', 'ingredient': 'salt'}, {'quantity': '1/4', 'unit': 'teaspoon', 'ingredient': 'ground black pepper'}, {'quantity': '2', 'unit': 'cups', 'ingredient': 'VEGETABLES ('}, {'quantity': '1/2', 'unit': 'cup purchased', 'ingredient': 'DIPPING SAUCE'}]",20 mins,4
https://www.allrecipes.com/air-fryer-samosas-recipe-7510128,Air Fryer Samosas,"[{'quantity': '12', 'unit': 'ounces', 'ingredient': 'yukon gold potatoes,'}, {'quantity': '1', 'unit': 'tablespoon', 'ingredient': 'extra-virgin olive oil'}, {'quantity': '1/2', 'unit': 'cup', 'ingredient': 'onion'}, {'quantity': '1', 'unit': 'teaspoon', 'ingredient': 'fresh ginger'}, {'quantity': '2', 'unit': 'cloves', 'ingredient': 'garlic, minced'}, {'quantity': '1', 'unit': 'teaspoon', 'ingredient': 'garam masala'}, {'quantity': '1/2', 'unit': 'teaspoon', 'ingredient': 'cumin'}, {'quantity': '1/4', 'unit': 'teaspoon', 'ingredient': 'salt'}, {'quantity': '1/8', 'unit': 'teaspoon', 'ingredient': 'cayenne pepper (optional)'}, {'quantity': '2/3', 'unit': 'cup', 'ingredient': 'frozen peas, thawed'}, {'quantity': '1/4', 'unit': 'cup', 'ingredient': 'fresh cilantro, plus more for garnish'}, {'quantity': '24', 'unit': None, 'ingredient': 'wonton wrappers'}, {'quantity': None, 'unit': None, 'ingredient': 'cooking spray'}, {'quantity': '3/4', 'unit': 'cup', 'ingredient': 'whole-milk Greek-style yogurt'}, {'quantity': '1/3', 'unit': 'cup', 'ingredient': 'fresh cilantro, plus more for garnish'}, {'quantity': '1', 'unit': 'teaspoon', 'ingredient': 'lime zest'}, {'quantity': '1', 'unit': 'tablespoon', 'ingredient': 'lime juice'}, {'quantity': '1', 'unit': 'clove', 'ingredient': 'garlic, chopped'}, {'quantity': '1', 'unit': None, 'ingredient': 'salt'}, {'quantity': '1', 'unit': 'pinch', 'ingredient': 'black pepper'}]",50 mins,12
https://www.allrecipes.com/air-fryer-roasted-vegetables-with-gremolata-and-red-pepper-aioli-recipe-7510058,Air Fryer Roasted Vegetables with Gremolata and Red Pepper Aioli,"[{'quantity': '1', 'unit': 'medium', 'ingredient': 'zucchini,'}, {'quantity': '1', 'unit': 'medium', 'ingredient': 'summer squash,'}, {'quantity': '1 (8-', 'unit': 'ounces package)', 'ingredient': 'cremini mushrooms, halved or quartered if large'}, {'quantity': '3/4', 'unit': 'cup', 'ingredient': 'cauliflower florets'}, {'quantity': '6', 'unit': 'any color', 'ingredient': 'mini bell peppers'}, {'quantity': '2', 'unit': 'teaspoons', 'ingredient': 'vegetable oil'}, {'quantity': '1/4', 'unit': 'teaspoon', 'ingredient': 'salt'}, {'quantity': '1/4', 'unit': 'teaspoon', 'ingredient': 'ground black pepper'}, {'quantity': '1/2', 'unit': 'cup chopped', 'ingredient': 'fresh parsley'}, {'quantity': '2', 'unit': 'teaspoons minced', 'ingredient': 'garlic'}, {'quantity': '2', 'unit': 'teaspoons', 'ingredient': 'lemon zest'}, {'quantity': '1/2', 'unit': 'cup', 'ingredient': 'mayonnaise'}, {'quantity': '2', 'unit': 'tablespoons', 'ingredient': ''}, {'quantity': '1', 'unit': 'tablespoon', 'ingredient': 'extra-virgin olive oil'}, {'quantity': '1', 'unit': 'tablespoon', 'ingredient': 'red wine vinegar'}, {'quantity': '1', 'unit': 'teaspoon', 'ingredient': 'garlic'}]",25 mins,4
https://www.allrecipes.com/air-fryer-crispy-pickle-chips-with-creole-dipping-sauce-recipe-7509784,Air Fryer Crispy Pickle Chips with Creole Dipping Sauce,"[{'quantity': '1/2', 'unit': 'cup', 'ingredient': 'flour'}, {'quantity': '2', 'unit': 'large', 'ingredient': 'eggs'}, {'quantity': '1', 'unit': 'cup', 'ingredient': 'panko bread crumbs'}, {'quantity': '1 (16-', 'unit': 'ounces jar) reduced-sodium', 'ingredient': 'dill pickle chips, drained'}, {'quantity': '1/4', 'unit': 'cup', 'ingredient': 'mayonnaise'}, {'quantity': '1', 'unit': 'tablespoon', 'ingredient': 'mustard'}]",21 mins,6
https://www.allrecipes.com/air-fryer-everything-bagel-salmon-dinner-recipe-7509518,Air Fryer Everything-Bagel Salmon Dinner,"[{'quantity': None, 'unit': None, 'ingredient': 'cooking spray'}, {'quantity': '1', 'unit': None, 'ingredient': 'sweet potato, cut into 1/4-inch wedges'}, {'quantity': '3', 'unit': 'teaspoons', 'ingredient': 'olive oil, divided'}, {'quantity': '1/4', 'unit': 'teaspoon', 'ingredient': 'salt, divided'}, {'quantity': '1/4', 'unit': 'teaspoon', 'ingredient': 'ground black pepper, divided'}, {'quantity': '1', 'unit': 'tablespoon', 'ingredient': 'ijon mustard'}, {'quantity': '1', 'unit': 'tablespoon', 'ingredient': 'honey'}, {'quantity': '2', 'unit': 'teaspoons', 'ingredient': 'mayonnaise'}, {'quantity': '2', 'unit': 'cups', 'ingredient': 'broccoli florets'}, {'quantity': '2', 'unit': 'ounces)', 'ingredient': 'salmon fillets'}, {'quantity': '2', 'unit': 'teaspoons', 'ingredient': 'everything bagel seasoning'}, {'quantity': '1', 'unit': 'teaspoon', 'ingredient': 'soy sauce'}]",35 mins,2
https://www.allrecipes.com/air-fryer-raspberry-brownie-bites-recipe-7509875,Air Fryer Raspberry Brownie Bites,"[{'quantity': '2/3', 'unit': 'cup fresh or', 'ingredient': 'frozen raspberries'}, {'quantity': '2', 'unit': 'tablespoons', 'ingredient': 'cashew butter'}, {'quantity': '2', 'unit': 'tablespoons', 'ingredient': 'water'}, {'quantity': '4', 'unit': 'ounces', 'ingredient': 'dark chocolate, chopped'}, {'quantity': '4', 'unit': 'tablespoons', 'ingredient': 'unsalted butter'}, {'quantity': '1/4', 'unit': 'cup', 'ingredient': 'canola oil'}, {'quantity': '1', 'unit': 'large', 'ingredient': 'egg'}, {'quantity': '1', 'unit': 'large', 'ingredient': 'egg yolk'}, {'quantity': '1/2', 'unit': 'cup', 'ingredient': 'sugar'}, {'quantity': '1', 'unit': 'teaspoon', 'ingredient': 'vanilla extract'}, {'quantity': '1/4', 'unit': 'teaspoon', 'ingredient': 'salt'}, {'quantity': '1/3', 'unit': 'cup', 'ingredient': 'all purpose flour'}, {'quantity': '1/3', 'unit': 'cup', 'ingredient': 'whole-wheat pastry flour'}, {'quantity': '2', 'unit': 'tablespoons', 'ingredient': 'unsweetened cocoa powder'}]",45 mins,20
https://www.allrecipes.com/air-fryer-lamb-chops-recipe-11694499,Air Fryer Lamb Chops,"[{'quantity': '1/2', 'unit': 'cup', 'ingredient': 'extra virgin olive oil'}, {'quantity': '1', 'unit': None, 'ingredient': 'lemon, zested and juiced'}, {'quantity': '1', 'unit': 'teaspoon', 'ingredient': 'kosher salt'}, {'quantity': '1/2', 'unit': 'teaspoon', 'ingredient': 'ground black pepper'}, {'quantity': '2', 'unit': None, 'ingredient': 'cloves garlic'}, {'quantity': '1', 'unit': 'teaspoon', 'ingredient': 'fresh oregano'}, {'quantity': '1', 'unit': 'teaspoon', 'ingredient': 'fresh mint'}, {'quantity': '2', 'unit': 'teaspoons', 'ingredient': 'fresh rosemary'}, {'quantity': '3', 'unit': 'teaspoons', 'ingredient': 'fresh parsley'}, {'quantity': '4', 'unit': '(1/2-inch-thick)', 'ingredient': 'lamb loin chops'}]",4 hrs 30 mins,4
https://www.allrecipes.com/air-fryer-honey-mustard-salmon-recipe-8789582,Air Fryer Honey Mustard Salmon,"[{'quantity': '1', 'unit': 'pound', 'ingredient': 'salmon filet'}, {'quantity': '2', 'unit': 'teaspoons', 'ingredient': 'Dijon mustard'}, {'quantity': '1', 'unit': 'teaspoon', 'ingredient': 'honey'}, {'quantity': '1/2', 'unit': 'teaspoon', 'ingredient': 'salt'}, {'quantity': '1/4', 'unit': 'teaspoon', 'ingredient': 'black pepper'}, {'quantity': '2', 'unit': 'tablespoons', 'ingredient': 'unsalted butter'}, {'quantity': '2', 'unit': 'tablespoons', 'ingredient': 'whiskey'}, {'quantity': '1/4', 'unit': 'cup', 'ingredient': 'heavy cream'}, {'quantity': '1', 'unit': 'tablespoon', 'ingredient': 'Dijon mustard'}, {'quantity': '1 1/2', 'unit': 'teaspoons', 'ingredient': 'honey'}, {'quantity': None, 'unit': None, 'ingredient': 'salt and freshly ground black pepper to taste'}, {'quantity': None, 'unit': None, 'ingredient': 'fresh thyme for garnish'}]",25 mins,4
https://www.allrecipes.com/ninja-crispi-air-fryer-amazon-2024-8732423,The Genius New Ninja Crispi Changed My Mind About Cooking with Air Fryers,[],,
https://www.allrecipes.com/air-fryer-pesto-chicken-quinoa-bowl-recipe-11691482,Air Fryer Pesto Chicken Quinoa Bowl,"[{'quantity': '2', 'unit': 'teaspoons', 'ingredient': 'pesto'}, {'quantity': '1/4', 'unit': 'teaspoon', 'ingredient': 'garlic powder'}, {'quantity': '1', 'unit': 'pound', 'ingredient': 'boneless chicken breasts'}, {'quantity': '2', 'unit': 'teaspoons', 'ingredient': 'olive oil'}, {'quantity': '1/8', 'unit': 'teaspoon', 'ingredient': 'crushed red pepper flakes'}, {'quantity': '1/8', 'unit': 'teaspoon', 'ingredient': 'salt'}, {'quantity': '1/8', 'unit': 'teaspoon', 'ingredient': 'ground black pepper'}, {'quantity': '1', 'unit': None, 'ingredient': 'zucchini,'}, {'quantity': None, 'unit': None, 'ingredient': 'nonstick cooking spray'}, {'quantity': '2', 'unit': 'cups', 'ingredient': 'cooked quinoa (see Note)'}, {'quantity': '10', 'unit': None, 'ingredient': 'basil leaves,'}, {'quantity': '1', 'unit': 'cup', 'ingredient': 'grape tomatoes,'}, {'quantity': '1/4', 'unit': 'cup', 'ingredient': 'feta cheese'}]",20 mins,2
https://www.allrecipes.com/air-fryer-chicken-thigh-recipes-8743140,12 Air Fryer Chicken Thigh Recipes to Make for Dinner Tonight,[],,
https://www.allrecipes.com/air-fryer-honey-mustard-salmon-bites-recipe-11680825,Air Fryer Honey Mustard Salmon Bites,"[{'quantity': '1', 'unit': 'pound', 'ingredient': 'salmon'}, {'quantity': '1', 'unit': 'teaspoon', 'ingredient': 'olive oil'}, {'quantity': '1/2', 'unit': 'teaspoon', 'ingredient': 'paprika'}, {'quantity': '1/4', 'unit': 'teaspoon', 'ingredient': 'salt'}, {'quantity': '1/8', 'unit': 'teaspoon', 'ingredient': 'black pepper'}, {'quantity': '1/4', 'unit': 'cup', 'ingredient': 'honey mustard'}]",20 mins,6
https://www.allrecipes.com/wet-wet-wings-recipe-8786824,Wet Wet Wings,"[{'quantity': '2', 'unit': 'pounds', 'ingredient': 'chicken wings and drummettes'}, {'quantity': '1', 'unit': 'tablespoon', 'ingredient': 'oil'}, {'quantity': '1 1/2', 'unit': 'teaspoons', 'ingredient': 'kosher salt'}, {'quantity': '1/2', 'unit': 'teaspoon', 'ingredient': 'pepper'}, {'quantity': '1', 'unit': 'cup', 'ingredient': 'Wet Wet sauce'}, {'quantity': '1/2', 'unit': 'bunchgreen onions, green parts only, sliced (optional)', 'ingredient': 'green onions, green parts only, sliced (optional)'}, {'quantity': '1', 'unit': 'teaspoon', 'ingredient': 'sesame seeds (optional)'}]",40 mins,6
https://www.allrecipes.com/air-fryer-english-muffin-tuna-melt-recipe-11695943,Air Fryer English Muffin Tuna Melt,"[{'quantity': '2', 'unit': None, 'ingredient': 'English muffins'}, {'quantity': '2', 'unit': '(5-ounce) cans', 'ingredient': 'tuna'}, {'quantity': '3', 'unit': 'tablespoons', 'ingredient': 'mayonnaise'}, {'quantity': '1', 'unit': 'tablespoon', 'ingredient': 'mustard'}, {'quantity': '3', 'unit': 'tablespoons', 'ingredient': 'celery'}, {'quantity': '1', 'unit': 'tablespoon', 'ingredient': 'onion'}, {'quantity': None, 'unit': None, 'ingredient': 'salt and freshly ground black pepper to taste'}, {'quantity': '4', 'unit': 'slices', 'ingredient': 'provolone cheese'}, {'quantity': '4', 'unit': 'slices', 'ingredient': 'Cheddar cheese'}]",25 mins,4
https://www.allrecipes.com/air-fried-tossed-taquitos-recipe-8784154,Air Fried Tossed Taquitos,"[{'quantity': '24', 'unit': None, 'ingredient': 'chicken taquitos'}, {'quantity': '2', 'unit': 'tablespoons', 'ingredient': 'butter'}, {'quantity': '1', 'unit': 'tablespoon', 'ingredient': 'hot sauce'}, {'quantity': '1/4', 'unit': 'cup', 'ingredient': 'cotija cheese'}, {'quantity': '1', 'unit': 'tablespoon', 'ingredient': 'chopped cilantro'}, {'quantity': '1/2', 'unit': 'cup', 'ingredient': 'sour cream, or as needed for dipping'}]",15 mins,6
https://www.allrecipes.com/panko-sesame-crusted-salmon-bites-recipe-8785036,Panko Sesame Crusted Salmon Bites,"[{'quantity': '1', 'unit': 'pound', 'ingredient': 'salmon fillet'}, {'quantity': '1', 'unit': 'teaspoon', 'ingredient': 'kosher salt'}, {'quantity': '1', 'unit': 'teaspoon', 'ingredient': 'granulated garlic'}, {'quantity': '1/2', 'unit': 'cup', 'ingredient': 'mayonnaise'}, {'quantity': '1', 'unit': 'tablespoon', 'ingredient': 'toasted sesame oil'}, {'quantity': '1', 'unit': 'tablespoon', 'ingredient': 'soy sauce'}, {'quantity': '1 1/2', 'unit': 'teaspoons', 'ingredient': 'lime juice,'}, {'quantity': '1/2', 'unit': 'cup', 'ingredient': 'panko (Japanese-style breadcrumbs)'}, {'quantity': '1/2', 'unit': 'cup', 'ingredient': 'toasted sesame seeds'}, {'quantity': None, 'unit': None, 'ingredient': 'cooking spray'}, {'quantity': '2', 'unit': 'teaspoons', 'ingredient': 'chili garlic sauce'}, {'quantity': '1', 'unit': 'teaspoon', 'ingredient': 'honey'}]",30 mins,4
https://www.allrecipes.com/recipe/283850/easy-air-fried-chicken-breast/,Easy Air Fryer Chicken Breast,"[{'quantity': '1', 'unit': '(8 ounce)', 'ingredient': 'chicken breast'}, {'quantity': '2', 'unit': 'teaspoons', 'ingredient': 'olive oil'}, {'quantity': '1/4', 'unit': 'teaspoon', 'ingredient': 'garlic powder, or to taste'}, {'quantity': None, 'unit': None, 'ingredient': 'salt and freshly ground black pepper to taste'}]",30 mins,1
https://www.allrecipes.com/air-fryer-appetizer-recipes-8746703,18 Air Fryer Appetizers You'll Come Back to Again and Again,[],,
https://www.allrecipes.com/best-air-fryer-thanksgiving-recipes-8729089,Our 15 Best Air Fryer Thanksgiving Recipes,[],,
https://www.allrecipes.com/air-fryer-lemon-garlic-parmesan-chicken-recipe-8726749,Air Fryer Lemon Garlic Parmesan Chicken,"[{'quantity': '1 1/2', 'unit': 'pounds', 'ingredient': 'skinless boneless chicken thighs'}, {'quantity': '3', 'unit': 'cloves', 'ingredient': 'garlic, minced'}, {'quantity': '1', 'unit': 'teaspoon', 'ingredient': 'lemon zest'}, {'quantity': '1', 'unit': 'teaspoon', 'ingredient': 'paprika'}, {'quantity': '1', 'unit': 'teaspoon', 'ingredient': 'dried oregano'}, {'quantity': '1/2', 'unit': 'teaspoon', 'ingredient': 'salt'}, {'quantity': '1/4', 'unit': 'teaspoon', 'ingredient': 'crushed red pepper'}, {'quantity': '1/2', 'unit': 'cup', 'ingredient': 'grated parmesan cheese'}, {'quantity': '1/4', 'unit': 'cup', 'ingredient': 'panko bread crumbs'}, {'quantity': None, 'unit': None, 'ingredient': 'cooking spray'}]",32 mins,4
https://www.allrecipes.com/air-fryer-s-mores-recipe-8736955,Air Fryer S’Mores,"[{'quantity': '1', 'unit': 'sleeve', 'ingredient': 'graham crackers'}, {'quantity': '5', 'unit': '(1.5 ounce)', 'ingredient': 'chocolate candy bars'}, {'quantity': '10', 'unit': None, 'ingredient': 's’more-sized marshmallows'}]",15 mins,10
https://www.allrecipes.com/lemon-garlic-butter-chicken-spiedini-recipe-8727930,Lemon Garlic Butter Chicken Spiedini,"[{'quantity': '1/2', 'unit': 'cup', 'ingredient': 'extra-virgin olive oil'}, {'quantity': '1/4', 'unit': 'cup', 'ingredient': 'white wine, such as Pinot Grigio'}, {'quantity': '3', 'unit': 'tablespoons', 'ingredient': 'lemon juice'}, {'quantity': '1', 'unit': 'teaspoon', 'ingredient': 'lemon zest'}, {'quantity': '4', 'unit': 'cloves', 'ingredient': 'garlic'}, {'quantity': '1/4', 'unit': 'teaspoon', 'ingredient': 'crushed red pepper flakes'}, {'quantity': '1/4', 'unit': 'teaspoon', 'ingredient': 'oregano'}, {'quantity': '2', 'unit': 'teaspoons', 'ingredient': 'kosher salt'}, {'quantity': '1', 'unit': 'teaspoon', 'ingredient': 'pepper'}, {'quantity': '2', 'unit': 'pounds', 'ingredient': 'skinless boneless chicken thighs'}, {'quantity': '2/3', 'unit': 'cup', 'ingredient': 'Italian breadcrumbs'}, {'quantity': '2/3', 'unit': 'cup', 'ingredient': 'panko'}, {'quantity': '1/2', 'unit': 'cup', 'ingredient': 'grated Parmesan cheese'}, {'quantity': '1/2', 'unit': 'teaspoon', 'ingredient': 'garlic powder'}, {'quantity': None, 'unit': None, 'ingredient': 'skewers'}, {'quantity': None, 'unit': None, 'ingredient': 'cooking spray'}, {'quantity': '4', 'unit': 'tablespoons', 'ingredient': 'butter'}, {'quantity': '2', 'unit': 'teaspoons', 'ingredient': 'fresh parsley'}]",30 mins,6
https://www.allrecipes.com/air-fryer-sriracha-fries-recipe-8694021,Air Fryer Sriracha Fries,"[{'quantity': '2 to 3', 'unit': None, 'ingredient': 'russet potatoes'}, {'quantity': '1', 'unit': 'tablespoon', 'ingredient': 'oil'}, {'quantity': '2', 'unit': 'tablespoons', 'ingredient': 'riracha'}, {'quantity': '1', 'unit': 'pinch', 'ingredient': 'salt'}]",1 hr 30 mins,3
https://www.allrecipes.com/air-fryer-grilled-pimento-cheese-recipe-8720986,Air Fryer Grilled Pimento Cheese,"[{'quantity': '4', 'unit': 'slices', 'ingredient': 'French bread,'}, {'quantity': '2', 'unit': 'tablespoons', 'ingredient': 'mayonnaise'}, {'quantity': '1/2', 'unit': 'cup', 'ingredient': 'pimento cheese spread'}, {'quantity': '1', 'unit': None, 'ingredient': 'tomato'}, {'quantity': '1/8', 'unit': 'teaspoon', 'ingredient': 'dried basil'}, {'quantity': None, 'unit': None, 'ingredient': 'salt and freshly ground black pepper'}]",15 mins,2
https://www.allrecipes.com/crispy-air-fryer-potato-bites-recipe-8682451,Crispy Air Fryer Potato Bites,"[{'quantity': '1', 'unit': 'pound', 'ingredient': 'red potatoes'}, {'quantity': '1', 'unit': 'tablespoon', 'ingredient': 'olive oil'}, {'quantity': '1/2', 'unit': 'teaspoon', 'ingredient': 'garlic powder'}, {'quantity': '1/4', 'unit': 'teaspoon', 'ingredient': 'salt'}, {'quantity': '1/8', 'unit': 'teaspoon', 'ingredient': 'ground black pepper'}, {'quantity': '2', 'unit': 'tablespoons', 'ingredient': 'grated Parmesan cheese'}]",25 mins,4
https://www.allrecipes.com/air-fryer-baked-yams-recipe-8737640,Air Fryer Baked Yams,"[{'quantity': '1', 'unit': None, 'ingredient': 'yam'}, {'quantity': '1/2', 'unit': 'teaspoon', 'ingredient': 'olive oil'}]",20 mins,1
https://www.allrecipes.com/air-fryer-chicken-parmesan-recipe-8698442,Air Fryer Chicken Parmesan,"[{'quantity': '2', 'unit': '2(8-ounce)', 'ingredient': 'boneless skinless chicken breasts, patted dry'}, {'quantity': '3/4', 'unit': 'teaspoon', 'ingredient': 'kosher salt, divided'}, {'quantity': '1/2', 'unit': 'teaspoon', 'ingredient': 'black pepper, divided'}, {'quantity': '1/3', 'unit': 'cup', 'ingredient': 'all purpose flour'}, {'quantity': '2', 'unit': 'large', 'ingredient': 'eggs, lightly beaten'}, {'quantity': '1 1/2', 'unit': 'cups', 'ingredient': 'seasoned panko (Japanese-style breadcrumbs)'}, {'quantity': '1/4', 'unit': 'cup', 'ingredient': 'armesan cheese, plus more for garnish'}, {'quantity': '2', 'unit': 'tablespoons', 'ingredient': 'olive oil'}, {'quantity': '1/4', 'unit': 'teaspoon', 'ingredient': 'crushed red pepper'}, {'quantity': '1/4', 'unit': 'teaspoon', 'ingredient': 'garlic powder'}, {'quantity': '1', 'unit': 'cup', 'ingredient': 'marinara sauce, plus more for serving'}, {'quantity': '1', 'unit': 'cup', 'ingredient': 'mozzarella cheese'}]",40 mins,4
https://www.allrecipes.com/air-fryer-eggplant-recipe-8700773,Air Fryer Eggplant,"[{'quantity': '1', 'unit': 'pound', 'ingredient': 'eggplant'}, {'quantity': '2', 'unit': 'tablespoons', 'ingredient': 'avocado oil'}, {'quantity': '1/2', 'unit': 'teaspoon', 'ingredient': 'garlic powder'}, {'quantity': '1/2', 'unit': 'teaspoon', 'ingredient': 'dried thyme'}, {'quantity': '1/2', 'unit': 'teaspoon', 'ingredient': 'lemon pepper'}, {'quantity': '1/4', 'unit': 'teaspoon', 'ingredient': 'salt'}]",25 mins,4
https://www.allrecipes.com/air-fryer-buffalo-wings-recipe-8645970,Air Fryer Buffalo Wings,"[{'quantity': '2', 'unit': 'teaspoons', 'ingredient': 'sea salt'}, {'quantity': '1', 'unit': 'teaspoon', 'ingredient': 'garlic powder'}, {'quantity': '1', 'unit': 'teaspoon', 'ingredient': 'mustard powder'}, {'quantity': '1', 'unit': 'teaspoon', 'ingredient': 'ground coriander'}, {'quantity': '1', 'unit': 'teaspoon', 'ingredient': 'smoked paprika'}, {'quantity': '½', 'unit': 'teaspoon', 'ingredient': 'cayenne pepper'}, {'quantity': '¼', 'unit': 'teaspoon', 'ingredient': 'ground black pepper'}, {'quantity': '1', 'unit': 'pound', 'ingredient': 'chicken wings'}]",40 mins,4
https://www.allrecipes.com/copycat-wingstop-cajun-corn-recipe-8681405,Copycat Wingstop Cajun Corn,"[{'quantity': '4', 'unit': 'ears', 'ingredient': 'corn'}, {'quantity': '2', 'unit': 'tablespoons', 'ingredient': 'olive oil'}, {'quantity': '1 1/4', 'unit': 'teaspoons', 'ingredient': 'kosher salt'}, {'quantity': '1/2', 'unit': 'cup', 'ingredient': 'butter'}, {'quantity': '1/2', 'unit': 'teaspoon', 'ingredient': 'pepper'}, {'quantity': '1', 'unit': 'teaspoon', 'ingredient': 'onion powder'}, {'quantity': '1', 'unit': 'teaspoon', 'ingredient': 'garlic powder'}, {'quantity': '1/4', 'unit': 'teaspoon', 'ingredient': 'thyme'}, {'quantity': '1/4', 'unit': 'teaspoon', 'ingredient': 'oregano'}, {'quantity': '1', 'unit': 'teaspoon', 'ingredient': 'paprika'}, {'quantity': '1/4', 'unit': 'teaspoon', 'ingredient': 'cayenne pepper'}]",25 mins,8
https://www.allrecipes.com/air-fryer-po-boy-recipe-8647044,Air Fryer Po' Boy,"[{'quantity': '¼', 'unit': 'cup', 'ingredient': 'lemon juice'}, {'quantity': '3', 'unit': 'tablespoons', 'ingredient': 'olive oil'}, {'quantity': '2', 'unit': 'cloves', 'ingredient': 'garlic, minced'}, {'quantity': '1', 'unit': 'tablespoon', 'ingredient': 'chopped fresh tarragon'}, {'quantity': '2', 'unit': 'teaspoons', 'ingredient': 'Dijon mustard'}, {'quantity': '½', 'unit': 'teaspoon', 'ingredient': 'kosher salt, divided'}, {'quantity': '1', 'unit': '(14 ounce) package', 'ingredient': 'shredded coleslaw mix'}, {'quantity': '¾', 'unit': 'cup', 'ingredient': 'buttermilk'}, {'quantity': '2', 'unit': 'teaspoons', 'ingredient': 'hot pepper sauce'}, {'quantity': '1', 'unit': 'teaspoon', 'ingredient': 'cayenne pepper'}, {'quantity': '1', 'unit': 'teaspoon', 'ingredient': 'ground dried chipotle pepper'}, {'quantity': '½', 'unit': 'teaspoon', 'ingredient': 'ground black pepper'}, {'quantity': '1 ½', 'unit': 'pounds', 'ingredient': 'large shrimp - peeled, deveined, and tails removed'}, {'quantity': '2', 'unit': 'cups', 'ingredient': 'whole wheat panko bread crumbs'}, {'quantity': '6', 'unit': '(6 inch)', 'ingredient': 'whole-wheat hoagie rolls, split and toasted'}]",35 mins,6
https://www.allrecipes.com/air-fryer-quesadillas-recipe-8651442,Air Fryer Quesadillas,"[{'quantity': '2', 'unit': None, 'ingredient': 'flour tortillas'}, {'quantity': '1/2', 'unit': 'cup', 'ingredient': 'shredded cheese'}, {'quantity': None, 'unit': None, 'ingredient': 'nonstick cooking spray'}]",20 mins,2
https://www.allrecipes.com/air-fryer-firecracker-salmon-bites-recipe-8623119,Air Fryer Firecracker Salmon Bites,"[{'quantity': '1/4', 'unit': 'cup', 'ingredient': 'balsamic vinegar'}, {'quantity': '1/4', 'unit': 'cup', 'ingredient': 'brown sugar'}, {'quantity': '3', 'unit': 'tablespoons', 'ingredient': 'vegetable oil,'}, {'quantity': '3', 'unit': 'tablespoons', 'ingredient': 'soy sauce'}, {'quantity': '1', 'unit': 'tablespoon', 'ingredient': 'minced garlic'}, {'quantity': '1', 'unit': 'tablespoon', 'ingredient': 'ginger'}, {'quantity': '2', 'unit': 'teaspoons', 'ingredient': 'crushed red pepper flakes, or more to taste'}, {'quantity': '1/2', 'unit': 'teaspoon', 'ingredient': 'kosher salt'}, {'quantity': '1 1/4', 'unit': 'pounds', 'ingredient': 'salmon filets'}, {'quantity': None, 'unit': None, 'ingredient': 'cooking spray'}]",45 mins,4
https://www.allrecipes.com/air-fryer-chicken-bites-recipe-8599352,Air Fryer Chicken Bites,"[{'quantity': '1', 'unit': 'pound', 'ingredient': 'boneless chicken breasts,'}, {'quantity': '3', 'unit': 'tablespoons', 'ingredient': 'butter, melted'}, {'quantity': '1', 'unit': 'tablespoon', 'ingredient': 'olive oil'}, {'quantity': '1', 'unit': 'teaspoon', 'ingredient': 'lemon juice, or to taste'}, {'quantity': '3', 'unit': 'cloves', 'ingredient': 'garlic, minced'}, {'quantity': '1', 'unit': 'teaspoon', 'ingredient': 'talian seasoning'}, {'quantity': '1', 'unit': 'teaspoon', 'ingredient': 'salt'}, {'quantity': '1', 'unit': 'teaspoon', 'ingredient': 'paprika'}, {'quantity': '1/2', 'unit': 'teaspoon', 'ingredient': 'cayenne pepper (optional)'}]",20 mins,4
https://www.allrecipes.com/4-ingredient-air-fryer-pepper-poppers-recipe-8584965,4 Ingredient Air Fryer Pepper Poppers,"[{'quantity': '1', 'unit': None, 'ingredient': 'bell pepper, any color'}, {'quantity': '8', 'unit': 'ounces', 'ingredient': 'cream cheese, softened'}, {'quantity': '1 (1', 'unit': 'ounce)', 'ingredient': 'ranch dip mix'}, {'quantity': '2', 'unit': 'teaspoons', 'ingredient': 'bacon bits'}]",20 mins,4
https://www.allrecipes.com/air-fryer-smashed-potatoes-recipe-8644582,Air Fryer Smashed Potatoes,"[{'quantity': '8', 'unit': 'ounces', 'ingredient': 'baby gold potatoes'}, {'quantity': '1', 'unit': 'tablespoon', 'ingredient': 'melted unsalted butter'}, {'quantity': '1/2', 'unit': 'teaspoon', 'ingredient': 'salt'}, {'quantity': '1/4', 'unit': 'teaspoon', 'ingredient': 'garlic powder'}, {'quantity': '1/4', 'unit': 'teaspoon', 'ingredient': 'freshly ground black pepper'}, {'quantity': None, 'unit': None, 'ingredient': 'chopped fresh parsley for garnish (Optional)'}]",20 mins,2
https://www.allrecipes.com/air-fryer-truffle-polenta-fries-recipe-8643717,Air Fryer Truffle Polenta Fries,"[{'quantity': '1', 'unit': '(18 ounce) tube', 'ingredient': 'polenta'}, {'quantity': '1 1/2', 'unit': 'tablespoons', 'ingredient': 'black truffle-infused olive oil'}, {'quantity': '1 1/2', 'unit': 'teaspoon', 'ingredient': 'truffle zest seasoning'}, {'quantity': '2', 'unit': 'tablespoons', 'ingredient': 'shredded Parmesan cheese'}, {'quantity': '2', 'unit': 'teaspoons', 'ingredient': 'fresh parsley'}]",20 mins,6
https://www.allrecipes.com/air-fryer-bell-pepper-poppers-recipe-8584648,Air Fryer Bell Pepper Poppers,"[{'quantity': '9', 'unit': 'mini pepper', 'ingredient': 'mini bell peppers'}, {'quantity': '5.2', 'unit': 'ounce', 'ingredient': 'Gournay cheese'}, {'quantity': '6', 'unit': 'slices', 'ingredient': 'bacon, each cut into 3 short pieces'}, {'quantity': None, 'unit': None, 'ingredient': 'fresh parsley for garnish (optional)'}]",25 mins,9
https://www.allrecipes.com/air-fryer-ham-and-cheese-wraps-recipe-8365118,Air Fryer Ham and Cheese Wraps,"[{'quantity': '4', 'unit': '(7-inch', 'ingredient': 'flour tortillas'}, {'quantity': '1/4', 'unit': 'cup', 'ingredient': 'spicy mustard'}, {'quantity': '8', 'unit': 'thin slices', 'ingredient': 'deli ham'}, {'quantity': '4', 'unit': 'slices', 'ingredient': 'olby-Jack cheese'}, {'quantity': '2', 'unit': 'tablespoons', 'ingredient': 'butter'}]",10 mins,2
https://www.allrecipes.com/air-fryer-honey-mustard-chicken-thighs-recipe-7970816,Air Fryer Honey-Mustard Chicken Thighs,"[{'quantity': '4', 'unit': None, 'ingredient': 'boneless skinless chicken thighs'}, {'quantity': '1/2', 'unit': 'teaspoon', 'ingredient': 'onion powder'}, {'quantity': '1/2', 'unit': 'teaspoon', 'ingredient': 'garlic powder'}, {'quantity': '1/2', 'unit': 'teaspoon', 'ingredient': 'smoked paprika'}, {'quantity': '1/4', 'unit': 'teaspoon', 'ingredient': 'salt, or to taste'}, {'quantity': '1/4', 'unit': 'teaspoon', 'ingredient': 'black pepper, or to taste'}, {'quantity': '2', 'unit': 'tablespoons', 'ingredient': 'honey'}, {'quantity': '2', 'unit': 'tablespoons', 'ingredient': 'ijon mustard'}, {'quantity': None, 'unit': None, 'ingredient': 'olive oil cooking spray'}]",20 mins,4
https://www.allrecipes.com/air-fryer-cinnamon-roll-bites-recipe-8553617,Air Fryer Cinnamon Roll Bites,"[{'quantity': '1 (12.4', 'unit': 'ounce)', 'ingredient': 'cinnamon rolls'}, {'quantity': '1/4', 'unit': 'cup', 'ingredient': 'white sugar'}, {'quantity': '1/2', 'unit': 'teaspoon', 'ingredient': 'ground cinnamon'}, {'quantity': '4', 'unit': 'ounces', 'ingredient': 'cream cheese, softened'}, {'quantity': '3/4', 'unit': 'cup', 'ingredient': ""confectioner's sugar""}, {'quantity': '1', 'unit': 'tablespoon', 'ingredient': 'orange peel'}, {'quantity': '1', 'unit': 'tablespoon', 'ingredient': 'orange juice'}, {'quantity': None, 'unit': None, 'ingredient': 'icing'}]",15 mins,8
https://www.allrecipes.com/air-fryer-hearts-of-palm-sticks-recipe-7814346,Air Fryer Hearts of Palm Sticks,"[{'quantity': '1/4', 'unit': 'cup', 'ingredient': 'all-purpose flour'}, {'quantity': '1/4', 'unit': 'teaspoon', 'ingredient': 'salt'}, {'quantity': '1/8', 'unit': 'teaspoon', 'ingredient': 'ground black pepper'}, {'quantity': '1', 'unit': 'large', 'ingredient': 'egg'}, {'quantity': '1/4', 'unit': 'cup', 'ingredient': 'talian bread crumbs'}, {'quantity': '2', 'unit': 'tablespoons', 'ingredient': 'panko bread crumbs'}, {'quantity': '2', 'unit': 'tablespoons', 'ingredient': 'grated Parmesan cheese'}, {'quantity': '1 (14', 'unit': 'ounce) can', 'ingredient': 'hearts of palm, drained'}, {'quantity': None, 'unit': None, 'ingredient': 'cooking spray'}]",47 mins,2
https://www.allrecipes.com/recipe/8537905/air-fryer-buffalo-cauliflower/,Air Fryer Buffalo Cauliflower,"[{'quantity': '½', 'unit': 'cup', 'ingredient': ""Buffalo wing sauce (such as Frank's)""}, {'quantity': '1', 'unit': 'tablespoon', 'ingredient': 'butter, melted'}, {'quantity': '1', 'unit': 'teaspoon', 'ingredient': 'honey'}, {'quantity': '1', 'unit': '(2 pound)', 'ingredient': 'cauliflower, broken into florets'}, {'quantity': '¼', 'unit': 'cup', 'ingredient': 'all-purpose flour'}, {'quantity': '¼', 'unit': 'cup', 'ingredient': 'cornstarch'}, {'quantity': '1', 'unit': 'teaspoon', 'ingredient': 'garlic powder'}, {'quantity': '½', 'unit': 'teaspoon', 'ingredient': ""seasoned salt (such as Lawry's)""}, {'quantity': '¼', 'unit': 'teaspoon', 'ingredient': 'paprika'}, {'quantity': '', 'unit': '', 'ingredient': 'drizzle of buffalo wing sauce (optional)'}]",30 mins,4
https://www.allrecipes.com/air-fryer-pecan-crusted-trout-recipe-7510184,Air Fryer Pecan Crusted Trout,"[{'quantity': '2/3', 'unit': 'cup', 'ingredient': 'chopped pecans'}, {'quantity': '1', 'unit': 'teaspoon', 'ingredient': 'dried rosemary, crushed'}, {'quantity': '1/2', 'unit': 'teaspoon', 'ingredient': 'salt'}, {'quantity': '2', 'unit': 'tablespoons', 'ingredient': 'flour'}, {'quantity': '1', 'unit': 'large', 'ingredient': 'egg'}, {'quantity': '4 (4-', 'unit': 'ounces) rainbow', 'ingredient': 'trout fillets, thawed if frozen, skinned if desired'}, {'quantity': '2', 'unit': 'teaspoons', 'ingredient': 'maple syrup'}, {'quantity': None, 'unit': None, 'ingredient': 'lemon wedges, for serving'}]",20 mins,4
https://www.allrecipes.com/air-fryer-cheesy-bacon-ranch-french-fries-recipe-7560981,Air Fryer Cheesy Bacon Ranch French Fries,"[{'quantity': '4', 'unit': 'cups', 'ingredient': 'frozen French fries'}, {'quantity': '1/4', 'unit': 'cup', 'ingredient': 'olive oil'}, {'quantity': '2', 'unit': 'tablespoons', 'ingredient': 'ranch salad dressing mix'}, {'quantity': '2', 'unit': 'teaspoons', 'ingredient': 'bacon bits'}, {'quantity': '1', 'unit': 'pinch', 'ingredient': 'salt'}, {'quantity': '1/4', 'unit': 'cup', 'ingredient': 'shredded Cheddar cheese'}]",20 mins,4
https://www.allrecipes.com/air-fryer-mini-dark-chocolate-cake-with-brown-butter-frosting-recipe-7509612,Air Fryer Mini Dark Chocolate Cake with Brown Butter Frosting,"[{'quantity': None, 'unit': None, 'ingredient': 'cooking spray'}, {'quantity': '1/4', 'unit': 'cup', 'ingredient': 'flour, plus more for dusting cake pan'}, {'quantity': '3', 'unit': 'tablespoons', 'ingredient': 'unsweetened Dutch process cocoa powder'}, {'quantity': '1/2', 'unit': 'teaspoon', 'ingredient': 'baking powder'}, {'quantity': '1/4', 'unit': 'teaspoon', 'ingredient': 'baking soda'}, {'quantity': '1/4', 'unit': 'teaspoon', 'ingredient': 'salt'}, {'quantity': '3', 'unit': 'tablespoons', 'ingredient': 'buttermilk'}, {'quantity': '3', 'unit': 'tablespoons', 'ingredient': 'unsweetened applesauce'}, {'quantity': '4 1/2', 'unit': 'teaspoons', 'ingredient': 'canola oil'}, {'quantity': '1', 'unit': 'teaspoon', 'ingredient': ''}, {'quantity': '1/2', 'unit': 'teaspoon', 'ingredient': 'vanilla extract'}, {'quantity': '1', 'unit': 'large', 'ingredient': 'egg'}, {'quantity': '1/2', 'unit': 'cup', 'ingredient': 'sugar'}, {'quantity': '1', 'unit': 'ounce', 'ingredient': 'dark chocolate, chopped, plus more for garnish'}, {'quantity': '5', 'unit': 'tablespoons', 'ingredient': 'butter'}, {'quantity': '2', 'unit': 'tablespoons', 'ingredient': 'honey'}, {'quantity': '1/2', 'unit': 'teaspoon', 'ingredient': 'vanilla extract'}, {'quantity': '3/4', 'unit': 'cup', 'ingredient': 'powdered sugar'}, {'quantity': '2', 'unit': 'teaspoons', 'ingredient': 'water, or as needed'}]",1 hr 15 mins,6
https://www.allrecipes.com/air-fryer-spanakopita-recipe-7510155,Air Fryer Spanakopita,"[{'quantity': '2 (10-', 'unit': 'ounces) pkg.', 'ingredient': 'spinach, thawed and squeezed dry'}, {'quantity': '1/2', 'unit': 'cup', 'ingredient': 'feta cheese'}, {'quantity': '1/2', 'unit': 'cup', 'ingredient': 'shredded mozzarella cheese'}, {'quantity': '1/2', 'unit': 'cup', 'ingredient': 'grated Parmesan cheese'}, {'quantity': '1', 'unit': None, 'ingredient': 'clove garlic, minced'}, {'quantity': '1', 'unit': 'lb. pkg.)', 'ingredient': 'phyllo dough, thawed'}, {'quantity': '1/2', 'unit': 'cup', 'ingredient': 'unsalted butter, melted'}, {'quantity': None, 'unit': None, 'ingredient': 'tzatziki sauce for serving'}, {'quantity': None, 'unit': None, 'ingredient': 'fresh dill for serving'}]",55 mins,24
https://www.allrecipes.com/air-fryer-blooming-onion-recipe-7546676,Air Fryer Blooming Onion,"[{'quantity': '1', 'unit': 'cup', 'ingredient': 'milk'}, {'quantity': '1', 'unit': 'large', 'ingredient': 'egg'}, {'quantity': '1', 'unit': 'cup', 'ingredient': 'flour'}, {'quantity': '3/4', 'unit': 'teaspoon', 'ingredient': 'salt'}, {'quantity': '3/4', 'unit': 'teaspoon', 'ingredient': 'cayenne pepper'}, {'quantity': '1/2', 'unit': 'teaspoon', 'ingredient': 'paprika, plus more for garnish'}, {'quantity': '1/4', 'unit': 'teaspoon', 'ingredient': 'ground black pepper'}, {'quantity': '1/4', 'unit': 'teaspoon', 'ingredient': 'dried oregano'}, {'quantity': '1/8', 'unit': 'teaspoon', 'ingredient': 'dried thyme'}, {'quantity': '1/8', 'unit': 'teaspoon', 'ingredient': 'cumin'}, {'quantity': '1', 'unit': 'large (14- to 16-ounces)', 'ingredient': 'sweet onion'}, {'quantity': None, 'unit': None, 'ingredient': 'cooking spray'}, {'quantity': '1/2', 'unit': 'cup', 'ingredient': 'mayonnaise'}, {'quantity': '2', 'unit': 'tablespoons', 'ingredient': 'cream-style horseradish sauce'}, {'quantity': '1', 'unit': 'tablespoon', 'ingredient': 'ketchup'}, {'quantity': '1/4', 'unit': 'teaspoon', 'ingredient': 'paprika'}, {'quantity': '1/4', 'unit': 'teaspoon', 'ingredient': 'salt'}, {'quantity': '1/8', 'unit': 'teaspoon', 'ingredient': 'dried oregano'}, {'quantity': '1/8', 'unit': 'teaspoon', 'ingredient': 'cayenne pepper'}, {'quantity': '1', 'unit': 'pinch', 'ingredient': 'black pepper'}]",35 mins,4
https://www.allrecipes.com/air-fryer-tempura-vegetables-recipe-7510181,Air Fryer Tempura Vegetables,"[{'quantity': '2', 'unit': 'large', 'ingredient': 'egg whites'}, {'quantity': '1/4', 'unit': 'cup', 'ingredient': 'seltzer water'}, {'quantity': '1/2', 'unit': 'cup', 'ingredient': 'flour'}, {'quantity': '1/4', 'unit': 'teaspoon', 'ingredient': 'SEASONING (see Variations below)'}, {'quantity': '1/2', 'unit': 'teaspoon', 'ingredient': 'salt'}, {'quantity': '1/4', 'unit': 'teaspoon', 'ingredient': 'ground black pepper'}, {'quantity': '2', 'unit': 'cups', 'ingredient': 'VEGETABLES ('}, {'quantity': '1/2', 'unit': 'cup purchased', 'ingredient': 'DIPPING SAUCE'}]",20 mins,4
https://www.allrecipes.com/crab-rangoon-in-the-air-fryer-recipe-7511370,Crab Rangoon in the Air Fryer,"[{'quantity': '1/2', 'unit': 'cup', 'ingredient': 'apricot fruit spread'}, {'quantity': '1', 'unit': 'tablespoon', 'ingredient': 'chili-garlic sauce'}, {'quantity': '1', 'unit': 'tablespoon less-sodium', 'ingredient': 'soy sauce'}, {'quantity': '1/2', 'unit': 'teaspoon', 'ingredient': 'orange zest'}, {'quantity': '2', 'unit': 'tablespoons', 'ingredient': 'freshly squeezed orange juice (from 1 orange)'}, {'quantity': '4', 'unit': 'ounces', 'ingredient': 'cream cheese'}, {'quantity': '4', 'unit': 'ounces', 'ingredient': 'crabmeat, drained'}, {'quantity': '2', 'unit': 'tablespoons', 'ingredient': 'chives'}, {'quantity': '2', 'unit': 'teaspoons', 'ingredient': 'orcestershire sauce'}, {'quantity': '1', 'unit': 'clove', 'ingredient': 'garlic, grated (about 1/2 teaspoon)'}, {'quantity': '1/4', 'unit': 'teaspoon', 'ingredient': 'ground black pepper'}, {'quantity': '1/8', 'unit': 'teaspoon', 'ingredient': 'salt'}, {'quantity': '18', 'unit': None, 'ingredient': 'wonton wrappers'}, {'quantity': None, 'unit': None, 'ingredient': 'cooking spray'}]",38 mins,9
https://www.allrecipes.com/air-fryer-turtle-cheesecake-recipe-7511366,Air Fryer Turtle Cheesecake,"[{'quantity': '1', 'unit': 'cup', 'ingredient': 'graham cracker crumbs'}, {'quantity': '1', 'unit': 'tablespoon', 'ingredient': 'sugar'}, {'quantity': '6', 'unit': 'tablespoons', 'ingredient': 'butter, melted'}, {'quantity': '12', 'unit': 'ounces', 'ingredient': 'cream cheese, softened'}, {'quantity': '1/3', 'unit': 'cup', 'ingredient': 'sour cream'}, {'quantity': '1/3', 'unit': 'cup', 'ingredient': 'sugar'}, {'quantity': '1', 'unit': 'teaspoon', 'ingredient': 'lemon juice'}, {'quantity': '1', 'unit': 'teaspoon', 'ingredient': 'vanilla extract'}, {'quantity': '1', 'unit': 'pinch', 'ingredient': 'salt'}, {'quantity': '2', 'unit': 'large', 'ingredient': 'eggs'}, {'quantity': '2', 'unit': 'tablespoons', 'ingredient': '2'}, {'quantity': '2', 'unit': 'tablespoons', 'ingredient': 'caramel ice cream topping, or to taste'}, {'quantity': '2', 'unit': 'tablespoons', 'ingredient': 'pecans, or to taste'}]",5 hrs 40 mins,8
https://www.allrecipes.com/air-fryer-roasted-vegetables-with-gremolata-and-red-pepper-aioli-recipe-7510058,Air Fryer Roasted Vegetables with Gremolata and Red Pepper Aioli,"[{'quantity': '1', 'unit': 'medium', 'ingredient': 'zucchini,'}, {'quantity': '1', 'unit': 'medium', 'ingredient': 'summer squash,'}, {'quantity': '1 (8-', 'unit': 'ounces package)', 'ingredient': 'cremini mushrooms, halved or quartered if large'}, {'quantity': '3/4', 'unit': 'cup', 'ingredient': 'cauliflower florets'}, {'quantity': '6', 'unit': 'any color', 'ingredient': 'mini bell peppers'}, {'quantity': '2', 'unit': 'teaspoons', 'ingredient': 'vegetable oil'}, {'quantity': '1/4', 'unit': 'teaspoon', 'ingredient': 'salt'}, {'quantity': '1/4', 'unit': 'teaspoon', 'ingredient': 'ground black pepper'}, {'quantity': '1/2', 'unit': 'cup chopped', 'ingredient': 'fresh parsley'}, {'quantity': '2', 'unit': 'teaspoons minced', 'ingredient': 'garlic'}, {'quantity': '2', 'unit': 'teaspoons', 'ingredient': 'lemon zest'}, {'quantity': '1/2', 'unit': 'cup', 'ingredient': 'mayonnaise'}, {'quantity': '2', 'unit': 'tablespoons', 'ingredient': ''}, {'quantity': '1', 'unit': 'tablespoon', 'ingredient': 'extra-virgin olive oil'}, {'quantity': '1', 'unit': 'tablespoon', 'ingredient': 'red wine vinegar'}, {'quantity': '1', 'unit': 'teaspoon', 'ingredient': 'garlic'}]",25 mins,4
https://www.allrecipes.com/air-fryer-samosas-recipe-7510128,Air Fryer Samosas,"[{'quantity': '12', 'unit': 'ounces', 'ingredient': 'yukon gold potatoes,'}, {'quantity': '1', 'unit': 'tablespoon', 'ingredient': 'extra-virgin olive oil'}, {'quantity': '1/2', 'unit': 'cup', 'ingredient': 'onion'}, {'quantity': '1', 'unit': 'teaspoon', 'ingredient': 'fresh ginger'}, {'quantity': '2', 'unit': 'cloves', 'ingredient': 'garlic, minced'}, {'quantity': '1', 'unit': 'teaspoon', 'ingredient': 'garam masala'}, {'quantity': '1/2', 'unit': 'teaspoon', 'ingredient': 'cumin'}, {'quantity': '1/4', 'unit': 'teaspoon', 'ingredient': 'salt'}, {'quantity': '1/8', 'unit': 'teaspoon', 'ingredient': 'cayenne pepper (optional)'}, {'quantity': '2/3', 'unit': 'cup', 'ingredient': 'frozen peas, thawed'}, {'quantity': '1/4', 'unit': 'cup', 'ingredient': 'fresh cilantro, plus more for garnish'}, {'quantity': '24', 'unit': None, 'ingredient': 'wonton wrappers'}, {'quantity': None, 'unit': None, 'ingredient': 'cooking spray'}, {'quantity': '3/4', 'unit': 'cup', 'ingredient': 'whole-milk Greek-style yogurt'}, {'quantity': '1/3', 'unit': 'cup', 'ingredient': 'fresh cilantro, plus more for garnish'}, {'quantity': '1', 'unit': 'teaspoon', 'ingredient': 'lime zest'}, {'quantity': '1', 'unit': 'tablespoon', 'ingredient': 'lime juice'}, {'quantity': '1', 'unit': 'clove', 'ingredient': 'garlic, chopped'}, {'quantity': '1', 'unit': None, 'ingredient': 'salt'}, {'quantity': '1', 'unit': 'pinch', 'ingredient': 'black pepper'}]",50 mins,12
https://www.allrecipes.com/air-fryer-green-bean-fries-recipe-7509535,Air Fryer Green Bean Fries,"[{'quantity': '1', 'unit': 'lb.', 'ingredient': 'fresh green beans, trimmed'}, {'quantity': '1/2', 'unit': 'cup', 'ingredient': 'water'}, {'quantity': '1', 'unit': 'cup', 'ingredient': 'flour'}, {'quantity': '1', 'unit': 'large', 'ingredient': 'egg'}, {'quantity': '1/3', 'unit': 'cup', 'ingredient': 'milk'}, {'quantity': '2', 'unit': 'cups', 'ingredient': 'bread crumbs'}, {'quantity': '1', 'unit': 'teaspoon', 'ingredient': 'chili powder'}, {'quantity': '1', 'unit': 'teaspoon', 'ingredient': 'garlic powder'}, {'quantity': '1', 'unit': 'teaspoon', 'ingredient': 'onion powder'}, {'quantity': '1/4', 'unit': 'teaspoon', 'ingredient': 'salt'}, {'quantity': None, 'unit': None, 'ingredient': 'cooking spray'}, {'quantity': None, 'unit': None, 'ingredient': 'lemon wedges for serving'}, {'quantity': '1/2', 'unit': 'cup', 'ingredient': 'mayonnaise'}, {'quantity': '1/4', 'unit': 'cup', 'ingredient': 'ketchup'}, {'quantity': '2', 'unit': 'teaspoons', 'ingredient': 'mustard'}, {'quantity': '1', 'unit': 'teaspoons', 'ingredient': 'dill pickle'}, {'quantity': '1', 'unit': 'teaspoon', 'ingredient': 'steak seasoning'}, {'quantity': '1/8', 'unit': 'teaspoon', 'ingredient': 'cayenne pepper'}]",45 mins,8
https://www.allrecipes.com/air-fryer-raspberry-brownie-bites-recipe-7509875,Air Fryer Raspberry Brownie Bites,"[{'quantity': '2/3', 'unit': 'cup fresh or', 'ingredient': 'frozen raspberries'}, {'quantity': '2', 'unit': 'tablespoons', 'ingredient': 'cashew butter'}, {'quantity': '2', 'unit': 'tablespoons', 'ingredient': 'water'}, {'quantity': '4', 'unit': 'ounces', 'ingredient': 'dark chocolate, chopped'}, {'quantity': '4', 'unit': 'tablespoons', 'ingredient': 'unsalted butter'}, {'quantity': '1/4', 'unit': 'cup', 'ingredient': 'canola oil'}, {'quantity': '1', 'unit': 'large', 'ingredient': 'egg'}, {'quantity': '1', 'unit': 'large', 'ingredient': 'egg yolk'}, {'quantity': '1/2', 'unit': 'cup', 'ingredient': 'sugar'}, {'quantity': '1', 'unit': 'teaspoon', 'ingredient': 'vanilla extract'}, {'quantity': '1/4', 'unit': 'teaspoon', 'ingredient': 'salt'}, {'quantity': '1/3', 'unit': 'cup', 'ingredient': 'all purpose flour'}, {'quantity': '1/3', 'unit': 'cup', 'ingredient': 'whole-wheat pastry flour'}, {'quantity': '2', 'unit': 'tablespoons', 'ingredient': 'unsweetened cocoa powder'}]",45 mins,20
https://www.allrecipes.com/air-fryer-sweet-potato-chips-recipe-7510177,Air Fryer Sweet Potato Chips,"[{'quantity': '1 large (8', 'unit': 'ounces)', 'ingredient': 'sweet potato'}, {'quantity': '1', 'unit': 'tablespoon', 'ingredient': 'canola oil'}, {'quantity': '1/4', 'unit': 'teaspoon', 'ingredient': 'sea salt'}, {'quantity': '1/4', 'unit': 'teaspoon freshly', 'ingredient': 'ground black pepper'}, {'quantity': None, 'unit': None, 'ingredient': 'cooking spray'}]",50 mins,4
https://www.allrecipes.com/air-fryer-everything-bagel-salmon-dinner-recipe-7509518,Air Fryer Everything-Bagel Salmon Dinner,"[{'quantity': None, 'unit': None, 'ingredient': 'cooking spray'}, {'quantity': '1', 'unit': None, 'ingredient': 'sweet potato, cut into 1/4-inch wedges'}, {'quantity': '3', 'unit': 'teaspoons', 'ingredient': 'olive oil, divided'}, {'quantity': '1/4', 'unit': 'teaspoon', 'ingredient': 'salt, divided'}, {'quantity': '1/4', 'unit': 'teaspoon', 'ingredient': 'ground black pepper, divided'}, {'quantity': '1', 'unit': 'tablespoon', 'ingredient': 'ijon mustard'}, {'quantity': '1', 'unit': 'tablespoon', 'ingredient': 'honey'}, {'quantity': '2', 'unit': 'teaspoons', 'ingredient': 'mayonnaise'}, {'quantity': '2', 'unit': 'cups', 'ingredient': 'broccoli florets'}, {'quantity': '2', 'unit': 'ounces)', 'ingredient': 'salmon fillets'}, {'quantity': '2', 'unit': 'teaspoons', 'ingredient': 'everything bagel seasoning'}, {'quantity': '1', 'unit': 'teaspoon', 'ingredient': 'soy sauce'}]",35 mins,2
https://www.allrecipes.com/air-fryer-crispy-pickle-chips-with-creole-dipping-sauce-recipe-7509784,Air Fryer Crispy Pickle Chips with Creole Dipping Sauce,"[{'quantity': '1/2', 'unit': 'cup', 'ingredient': 'flour'}, {'quantity': '2', 'unit': 'large', 'ingredient': 'eggs'}, {'quantity': '1', 'unit': 'cup', 'ingredient': 'panko bread crumbs'}, {'quantity': '1 (16-', 'unit': 'ounces jar) reduced-sodium', 'ingredient': 'dill pickle chips, drained'}, {'quantity': '1/4', 'unit': 'cup', 'ingredient': 'mayonnaise'}, {'quantity': '1', 'unit': 'tablespoon', 'ingredient': 'mustard'}]",21 mins,6
https://www.allrecipes.com/air-fryer-garlic-green-beans-recipe-7511002,Air Fryer Garlic Green Beans,"[{'quantity': '12', 'unit': 'ounces', 'ingredient': 'fresh green beans, ends trimmed'}, {'quantity': '1', 'unit': 'tablespoon', 'ingredient': 'olive oil'}, {'quantity': '1', 'unit': 'tablespoon', 'ingredient': 'minced garlic'}, {'quantity': '1/4', 'unit': 'teaspoon', 'ingredient': 'seasoned salt'}, {'quantity': '1/8', 'unit': 'teaspoon', 'ingredient': 'ground black pepper'}]",15 mins,4
https://www.allrecipes.com/air-fryer-loaded-egg-salad-sandwiches-recipe-7509591,Air Fryer Loaded Egg Salad Sandwiches,"[{'quantity': '8', 'unit': 'large', 'ingredient': 'eggs'}, {'quantity': '4', 'unit': 'slices', 'ingredient': 'bacon, crisp-cooked and crumbled'}, {'quantity': '2', 'unit': 'stalks', 'ingredient': 'celery, finely chopped'}, {'quantity': '1/4', 'unit': 'cup', 'ingredient': 'mayonnaise'}, {'quantity': '2', 'unit': 'tablespoons', 'ingredient': 'green onion'}, {'quantity': '2', 'unit': 'teaspoons', 'ingredient': 'pickle relish'}, {'quantity': '2', 'unit': 'teaspoons', 'ingredient': 'yellow mustard'}, {'quantity': '2', 'unit': 'teaspoons', 'ingredient': 'Sriracha sauce'}, {'quantity': '3/4', 'unit': 'teaspoon', 'ingredient': 'dried dill'}, {'quantity': '1/2', 'unit': 'teaspoon', 'ingredient': 'orcestershire sauce'}, {'quantity': '1/2', 'unit': 'teaspoon', 'ingredient': 'ground black pepper'}, {'quantity': '1/4', 'unit': 'teaspoon', 'ingredient': 'paprika'}, {'quantity': '1/8', 'unit': 'teaspoon', 'ingredient': 'salt'}, {'quantity': '8', 'unit': 'slices', 'ingredient': 'bread'}, {'quantity': '4', 'unit': 'leaves', 'ingredient': 'romaine lettuce, torn'}]",1 hr 40 mins,4
https://www.allrecipes.com/air-fryer-chicken-tenders-recipe-7509380,Air Fryer Chicken Tenders,"[{'quantity': None, 'unit': None, 'ingredient': 'cooking spray'}, {'quantity': '1', 'unit': 'large', 'ingredient': 'egg'}, {'quantity': '1/2', 'unit': 'cup', 'ingredient': 'panko bread crumbs'}, {'quantity': '2', 'unit': 'tablespoons', 'ingredient': 'canola oil'}, {'quantity': '8', 'unit': None, 'ingredient': 'chicken tenders (about 1 lb.)'}, {'quantity': None, 'unit': None, 'ingredient': 'fresh parsley, for garnish (optional)'}, {'quantity': '2', 'unit': 'tablespoons', 'ingredient': 'honey mustard sauce'}]",22 mins,4
https://www.allrecipes.com/air-fryer-green-beans-recipe-7510925,Air Fryer Green Beans,"[{'quantity': '1', 'unit': 'pound', 'ingredient': 'fresh green beans, ends trimmed'}, {'quantity': '1 1/2', 'unit': 'tablespoons', 'ingredient': 'olive oil'}, {'quantity': '2', 'unit': 'teaspoons', 'ingredient': 'lemon juice'}, {'quantity': None, 'unit': None, 'ingredient': 'salt and freshly ground black pepper to taste'}, {'quantity': '1/2', 'unit': 'teaspoon', 'ingredient': 'lemon zest'}, {'quantity': '4', 'unit': None, 'ingredient': 'lemon wedges for serving (optional)'}]",20 mins,4
https://www.allrecipes.com/air-fryer-chicken-tenders-recipe-7501758,Air Fryer Chicken Strips,"[{'quantity': '2', 'unit': 'pounds', 'ingredient': 'boneless chicken breasts'}, {'quantity': '1', 'unit': 'cup', 'ingredient': 'pickle juice'}, {'quantity': '1', 'unit': 'cup', 'ingredient': 'milk'}, {'quantity': '1', 'unit': 'tablespoon', 'ingredient': 'liquid smoke'}, {'quantity': '3', 'unit': 'large', 'ingredient': 'eggs, at room temperature'}, {'quantity': '1/2', 'unit': 'cup', 'ingredient': 'ranch dressing'}, {'quantity': '2', 'unit': 'cups', 'ingredient': 'all purpose flour, divided'}, {'quantity': '1/2', 'unit': 'cup', 'ingredient': 'bread crumbs'}, {'quantity': '4', 'unit': 'teaspoons', 'ingredient': 'paprika'}, {'quantity': '1', 'unit': 'tablespoon', 'ingredient': 'white pepper'}, {'quantity': '2', 'unit': 'teaspoons', 'ingredient': 'garlic salt'}, {'quantity': '2', 'unit': 'teaspoons', 'ingredient': ""confectioners' sugar""}, {'quantity': '1', 'unit': 'teaspoon', 'ingredient': 'thyme'}, {'quantity': '1', 'unit': 'teaspoon', 'ingredient': 'basil'}, {'quantity': '1', 'unit': 'teaspoon', 'ingredient': 'oregano'}, {'quantity': '1', 'unit': 'teaspoon', 'ingredient': 'celery salt'}, {'quantity': '1', 'unit': 'teaspoon', 'ingredient': 'black pepper'}, {'quantity': '1', 'unit': 'teaspoon', 'ingredient': 'dry mustard'}, {'quantity': '1', 'unit': 'teaspoon', 'ingredient': 'ground ginger'}, {'quantity': '1/2', 'unit': 'teaspoon', 'ingredient': 'chili powder'}, {'quantity': '1/2', 'unit': 'teaspoon', 'ingredient': 'sea salt'}, {'quantity': None, 'unit': None, 'ingredient': 'coconut oil cooking spray'}]",1 hr,5
https://www.allrecipes.com/air-fryer-bacon-wrapped-brussels-sprouts-recipe-7484095,Air Fryer Bacon Wrapped Brussels Sprouts,"[{'quantity': '12', 'unit': 'Brussels sprouts,', 'ingredient': 'Brussels sprouts'}, {'quantity': '2', 'unit': 'teaspoons', 'ingredient': 'ontreal steak seasoning'}, {'quantity': '12', 'unit': 'slices', 'ingredient': 'bacon, cut in half widthwise'}]",15 mins,4 servings
https://www.allrecipes.com/air-fryer-pizookie-recipe-7501307,Air Fryer Pizookie,"[{'quantity': '5', 'unit': 'pieces', 'ingredient': 'pre-cut refrigerated chocolate chip cookie dough'}, {'quantity': '1', 'unit': 'scoop', 'ingredient': 'vanilla gelato (optional)'}, {'quantity': '2', 'unit': 'tablespoons', 'ingredient': 'whipped cream,'}, {'quantity': '1', 'unit': 'ounce', 'ingredient': 'chocolate'}]",15 mins,5
https://www.allrecipes.com/air-fryer-scrambled-eggs-recipe-7482374,Air Fryer Scrambled Eggs,"[{'quantity': '1', 'unit': 'tablespoon', 'ingredient': 'butter'}, {'quantity': '4', 'unit': 'large', 'ingredient': 'eggs'}, {'quantity': None, 'unit': None, 'ingredient': 'salt and freshly ground black pepper to taste'}]",10 mins,2
https://www.allrecipes.com/air-fryer-cheese-curds-recipe-7500004,Air Fryer Cheese Curds,"[{'quantity': '3', 'unit': 'cloves', 'ingredient': 'garlic, peeled'}, {'quantity': '1', 'unit': 'teaspoon', 'ingredient': 'extra virgin olive oil'}, {'quantity': '1/2', 'unit': 'teaspoon', 'ingredient': 'soul food seasoning'}, {'quantity': '1/2', 'unit': 'cup', 'ingredient': 'mayonnaise'}, {'quantity': '1', 'unit': 'tablespoon', 'ingredient': 'lemon juice'}, {'quantity': '10', 'unit': 'ounces', 'ingredient': 'cheese curds'}, {'quantity': '1 1/4', 'unit': 'cups', 'ingredient': 'all-purpose flour'}, {'quantity': '4', 'unit': 'teaspoons', 'ingredient': 'soul food seasoning'}, {'quantity': '1', 'unit': 'large', 'ingredient': 'egg'}, {'quantity': '1 1/2', 'unit': 'cups', 'ingredient': 'milk'}, {'quantity': '2 1/4', 'unit': 'cups', 'ingredient': 'panko bread crumbs'}, {'quantity': '1', 'unit': 'teaspoon', 'ingredient': 'oil, or as needed for spraying'}, {'quantity': None, 'unit': None, 'ingredient': 'cooking spray'}]",2 hrs 10 mins,4
https://www.allrecipes.com/air-fryer-honey-garlic-chicken-wings-recipe-7501470,Air Fryer Honey Garlic Chicken Wings,"[{'quantity': '1', 'unit': 'tablespoon', 'ingredient': 'baking powder'}, {'quantity': '1', 'unit': 'teaspoon', 'ingredient': 'salt'}, {'quantity': '1/2', 'unit': 'teaspoon', 'ingredient': 'black pepper'}, {'quantity': '1/2', 'unit': 'teaspoon', 'ingredient': 'garlic powder'}, {'quantity': '1/2', 'unit': 'teaspoon', 'ingredient': 'paprika'}, {'quantity': '1/4', 'unit': 'teaspoon', 'ingredient': 'cayenne pepper'}, {'quantity': '2', 'unit': 'pounds', 'ingredient': 'chicken wings'}, {'quantity': '1/2', 'unit': 'cup', 'ingredient': 'honey'}, {'quantity': '1/4', 'unit': 'cup', 'ingredient': 'soy sauce'}, {'quantity': '2', 'unit': 'cloves', 'ingredient': 'garlic, minced'}, {'quantity': '1', 'unit': 'tablespoon', 'ingredient': 'ginger root'}, {'quantity': '1', 'unit': 'tablespoon', 'ingredient': 'cornstarch'}, {'quantity': '1', 'unit': 'tablespoon', 'ingredient': 'water'}, {'quantity': '2', 'unit': 'tablespoons', 'ingredient': 'green onions'}]",40 mins,4
https://www.allrecipes.com/air-fryer-waffle-egg-in-a-hole-7377995,Air Fryer Waffle Egg in a Hole,"[{'quantity': '1', 'unit': None, 'ingredient': 'frozen waffle'}, {'quantity': '1', 'unit': 'large', 'ingredient': 'large'}, {'quantity': None, 'unit': None, 'ingredient': 'salt and pepper to taste'}, {'quantity': '2', 'unit': 'tablespoons', 'ingredient': 'shredded cheese'}, {'quantity': None, 'unit': None, 'ingredient': 'maple syrup to taste'}]",10 mins,1 serving
https://www.allrecipes.com/air-fryer-grilled-ham-and-cheese-recipe-7485060,Air Fryer Grilled Ham and Cheese,"[{'quantity': '2', 'unit': 'tablespoons', 'ingredient': 'mayonnaise'}, {'quantity': '8', 'unit': 'slices', 'ingredient': 'white bread'}, {'quantity': '2', 'unit': 'tablespoons', 'ingredient': 'ijon mustard'}, {'quantity': '8', 'unit': 'slices', 'ingredient': 'deli ham'}, {'quantity': '4', 'unit': 'large slices', 'ingredient': 'wiss cheese'}, {'quantity': '8', 'unit': None, 'ingredient': 'dill pickle slices'}, {'quantity': None, 'unit': None, 'ingredient': 'cooking spray'}]",17 mins,4 servings
https://www.allrecipes.com/article/i-tried-a-tiktok-trick-for-cleaning-my-air-fryer/,I Tried That TikTok Trick for Cleaning My Air Fryer. Here's What Happened.,[],,
https://www.allrecipes.com/article/how-healthy-is-air-fryer-cooking/,"How Healthy is Air Fryer Cooking, Really? Nutritionists and Experts Weigh In.",[],,
https://www.allrecipes.com/air-fryer-caramelized-bananas-recipe-7373417,Air Fryer Caramelized Bananas,"[{'quantity': '2', 'unit': 'large', 'ingredient': 'bananas, peeled and cut into 1/2 inch slices'}, {'quantity': '1', 'unit': 'tablespoon', 'ingredient': 'salted butter, melted'}, {'quantity': '1/2', 'unit': 'teaspoon', 'ingredient': 'vanilla extract'}, {'quantity': '1', 'unit': 'tablespoon', 'ingredient': 'brown sugar'}, {'quantity': '1/2', 'unit': 'teaspoon', 'ingredient': 'ground cinnamon'}]",20 mins,4
https://www.allrecipes.com/rotisserie-chicken-pasta-bake-recipe-11706563,Rotisserie Chicken Pasta Bake,"[{'quantity': '6', 'unit': 'ounces', 'ingredient': 'high protein pasta'}, {'quantity': '4', 'unit': 'ounces', 'ingredient': 'broccoli florets'}, {'quantity': '8', 'unit': 'ounces', 'ingredient': 'rotisserie chicken'}, {'quantity': None, 'unit': '2-ounce chunk', 'ingredient': 'Parmesan cheese'}, {'quantity': '8', 'unit': 'ounces', 'ingredient': 'high protein cottage cheese'}, {'quantity': '4', 'unit': 'fluid ounces', 'ingredient': 'high protein milk'}, {'quantity': '2', 'unit': 'ounces', 'ingredient': 'low-fat cream cheese'}, {'quantity': '1/2', 'unit': 'teaspoon', 'ingredient': 'granulated garlic'}, {'quantity': '1/2', 'unit': 'teaspoon', 'ingredient': 'herbs'}, {'quantity': '4', 'unit': 'ounces', 'ingredient': 'shredded mozzarella cheese'}]",55 mins,4
https://www.allrecipes.com/melon-and-prosciutto-salad-recipe-11706384,Melon and Prosciutto Salad,"[{'quantity': '1', 'unit': 'cup', 'ingredient': 'greens, or more as needed'}, {'quantity': '1/2', 'unit': 'cup', 'ingredient': 'feta crumbles'}, {'quantity': '1/3', 'unit': 'cup', 'ingredient': 'slivered almonds'}, {'quantity': '1/3', 'unit': 'cup', 'ingredient': 'Champagne salad dressing'}, {'quantity': '4', 'unit': 'slices', 'ingredient': 'prosciutto'}, {'quantity': '1/2', 'unit': None, 'ingredient': 'honeydew melon'}, {'quantity': '1/2', 'unit': None, 'ingredient': 'cantaloupe'}]",20 mins,4
https://www.allrecipes.com/sloppy-joe-garlic-bread-recipe-11706291,Sloppy Joe Garlic Bread,"[{'quantity': '2', 'unit': 'cups', 'ingredient': 'beef sloppy Joe'}, {'quantity': '1', 'unit': None, 'ingredient': 'ciabatta roll'}, {'quantity': '2', 'unit': 'tablespoons', 'ingredient': 'butter,'}, {'quantity': None, 'unit': None, 'ingredient': 'garlic salt, to taste'}, {'quantity': '1/2', 'unit': 'cup', 'ingredient': 'sharp Cheddar cheese'}, {'quantity': '1/2', 'unit': 'cup', 'ingredient': 'shredded mozzarella cheese'}, {'quantity': None, 'unit': None, 'ingredient': 'chopped parsley, for garnish'}]",25 mins,4
https://www.allrecipes.com/easy-rotisserie-chicken-enchiladas-recipe-11706233,Easy Rotisserie Chicken Enchiladas,"[{'quantity': '1 1/2', 'unit': 'tablespoons', 'ingredient': 'canola oil'}, {'quantity': '6', 'unit': None, 'ingredient': 'corn tortillas'}, {'quantity': '1', 'unit': 'can', 'ingredient': 'enchilada sauce'}, {'quantity': '1', 'unit': 'cup', 'ingredient': 'shredded rotisserie chicken'}, {'quantity': '2', 'unit': 'teaspoons', 'ingredient': 'enchilada seasoning'}, {'quantity': '1', 'unit': 'cup', 'ingredient': 'Monterey Jack cheese'}]",40 mins,
https://www.allrecipes.com/lemon-olive-oil-cake-recipe-11706006,Lemon Olive Oil Cake,"[{'quantity': '1 3/4', 'unit': 'cups', 'ingredient': 'all-purpose flour'}, {'quantity': '1', 'unit': 'teaspoon', 'ingredient': 'baking powder'}, {'quantity': '1/4', 'unit': 'teaspoon', 'ingredient': 'baking soda'}, {'quantity': '3', 'unit': 'large', 'ingredient': 'eggs,'}, {'quantity': '1 1/4', 'unit': 'cups', 'ingredient': 'sugar'}, {'quantity': '3/4', 'unit': 'teaspoon', 'ingredient': 'salt'}, {'quantity': '3/4', 'unit': 'cup', 'ingredient': 'extra-virgin olive oil'}, {'quantity': '1/2', 'unit': 'cup', 'ingredient': 'plain whole milk Greek yogurt'}, {'quantity': '2', 'unit': 'tablespoons', 'ingredient': 'freshly grated lemon zest'}, {'quantity': '1/4', 'unit': 'cup', 'ingredient': 'lemon juice'}, {'quantity': '1 1/2', 'unit': 'teaspoons', 'ingredient': 'vanilla extract'}, {'quantity': '1/2', 'unit': 'teaspoon', 'ingredient': 'almond extract'}, {'quantity': '1', 'unit': 'cup', 'ingredient': 'confectioners sugar'}, {'quantity': '2', 'unit': 'tablespoons', 'ingredient': 'lemon juice'}, {'quantity': '1', 'unit': 'tablespoon', 'ingredient': 'extra-virgin olive oil'}]",1 hr 15 mins,12
https://www.allrecipes.com/olive-cheese-bread-recipe-11706323,Olive Cheese Bread,"[{'quantity': '1', 'unit': 'loaf', 'ingredient': 'French bread'}, {'quantity': '1/2', 'unit': 'cup', 'ingredient': 'mayonnaise'}, {'quantity': '1/2', 'unit': 'cup', 'ingredient': 'unsalted butter'}, {'quantity': '2', 'unit': 'tablespoons', 'ingredient': 'Thai sweet chili sauce'}, {'quantity': '2', 'unit': 'tablespoons', 'ingredient': 'Sriracha sauce'}, {'quantity': '8', 'unit': 'ounces', 'ingredient': 'Monterey Jack cheese, shredded'}, {'quantity': '1', 'unit': 'cup', 'ingredient': 'black olives'}, {'quantity': '1', 'unit': 'cup', 'ingredient': 'pimento-stuffed green olives'}, {'quantity': '2', 'unit': None, 'ingredient': 'green onions,'}, {'quantity': None, 'unit': None, 'ingredient': 'chopped fresh parsley,'}]",45 mins,10
https://www.allrecipes.com/banana-caramel-kefir-smoothie-recipe-11706351,Banana Caramel Kefir Smoothie,"[{'quantity': '2', 'unit': None, 'ingredient': 'bananas'}, {'quantity': '2', 'unit': 'cups', 'ingredient': 'kefir'}, {'quantity': '3', 'unit': 'tablespoons', 'ingredient': 'caramel syrup'}, {'quantity': '1', 'unit': 'teaspoon', 'ingredient': 'vanilla extract'}]",5 mins,2
https://www.allrecipes.com/grilled-pork-tenderloins-with-mango-pineapple-salsa-recipe-11699897,Grilled Pork Tenderloins with Mango-Pineapple Salsa,"[{'quantity': '1', 'unit': '(1 1/4 pound)', 'ingredient': 'pork tenderloins'}, {'quantity': '2', 'unit': 'tablespoons', 'ingredient': 'olive oil'}, {'quantity': '1', 'unit': 'teaspoon', 'ingredient': 'ground cumin'}, {'quantity': '1/2', 'unit': 'teaspoon', 'ingredient': 'ground coriander'}, {'quantity': '1/2', 'unit': 'teaspoon', 'ingredient': 'smoked paprika'}, {'quantity': '1/2', 'unit': 'teaspoon', 'ingredient': 'salt'}, {'quantity': '1/2', 'unit': 'teaspoon', 'ingredient': 'cayenne pepper (optional)'}, {'quantity': '2', 'unit': None, 'ingredient': 'mangoes'}, {'quantity': '1/2', 'unit': 'cup diced', 'ingredient': 'red bell pepper'}, {'quantity': '1', 'unit': 'medium', 'ingredient': 'jalapeno pepper'}, {'quantity': '1/2', 'unit': 'cup', 'ingredient': 'pineapple'}, {'quantity': '1', 'unit': 'lime', 'ingredient': 'zested and juiced'}, {'quantity': '1/4', 'unit': 'cup', 'ingredient': 'red onion'}, {'quantity': '1', 'unit': 'clove', 'ingredient': 'garlic'}, {'quantity': '1/4', 'unit': 'cup', 'ingredient': 'fresh cilantro'}, {'quantity': None, 'unit': None, 'ingredient': 'salt and pepper to taste'}]",50 mins,8
https://www.allrecipes.com/high-protein-broccoli-cheddar-soup-recipe-11706191,High Protein Broccoli Cheddar Soup,"[{'quantity': '2', 'unit': 'tablespoons', 'ingredient': 'butter'}, {'quantity': '1', 'unit': None, 'ingredient': 'yellow onion,'}, {'quantity': '1', 'unit': 'large', 'ingredient': 'carrot'}, {'quantity': '1', 'unit': 'stalk', 'ingredient': 'celery'}, {'quantity': '2', 'unit': 'cloves', 'ingredient': 'garlic'}, {'quantity': '1', 'unit': '15.5 ounce) can', 'ingredient': 'navy beans'}, {'quantity': '4', 'unit': 'cups', 'ingredient': 'chicken broth'}, {'quantity': '1 1/2', 'unit': 'pounds', 'ingredient': 'broccol'}, {'quantity': '1', 'unit': 'teaspoon', 'ingredient': 'paprika'}, {'quantity': '1', 'unit': 'teaspoon', 'ingredient': 'salt'}, {'quantity': '1/2', 'unit': 'teaspoon', 'ingredient': 'ground black pepper'}, {'quantity': '1', 'unit': 'cup', 'ingredient': 'full-fat cottage cheese'}, {'quantity': '1 1/2', 'unit': 'cups', 'ingredient': 'shredded Cheddar cheese'}]",45 mins,4
https://www.allrecipes.com/potato-pizza-recipe-11690380,Potato Pizza,"[{'quantity': '1', 'unit': 'large', 'ingredient': 'Yukon Gold or russet potato'}, {'quantity': '4', 'unit': 'large cloves', 'ingredient': 'garlic'}, {'quantity': '2', 'unit': 'tablespoons', 'ingredient': 'olive oil or avocado oil'}, {'quantity': '1/2', 'unit': 'bunch', 'ingredient': 'thyme, rosemary, or herbs of choice'}, {'quantity': '1/2', 'unit': 'teaspoon', 'ingredient': 'fine sea salt or kosher salt'}, {'quantity': '1/2', 'unit': 'teaspoon', 'ingredient': 'ground black pepper'}, {'quantity': '4', 'unit': 'ounces', 'ingredient': 'mixed shredded melty cheese, or more to taste'}, {'quantity': '1', 'unit': 'pound', 'ingredient': 'fresh pizza dough'}, {'quantity': '1', 'unit': 'ounce', 'ingredient': 'Parmesan cheese'}, {'quantity': '1/2', 'unit': 'teaspoon', 'ingredient': 'pizza seasoning'}, {'quantity': '1', 'unit': 'teaspoon', 'ingredient': 'red pepper flakes (optional)'}]",35 mins,8
https://www.allrecipes.com/white-bean-and-tomato-pasta-recipe-11703008,White Bean and Tomato Pasta,"[{'quantity': '1', 'unit': '(8 ounce) package', 'ingredient': 'penne pasta'}, {'quantity': '1', 'unit': '(15 ounce)', 'ingredient': 'can cannellini beans, drained and rinsed'}, {'quantity': '2', 'unit': None, 'ingredient': 'garlic cloves,'}, {'quantity': '1', 'unit': None, 'ingredient': 'lemon, juiced'}, {'quantity': '1', 'unit': 'tablespoon', 'ingredient': 'olive oil'}, {'quantity': '2', 'unit': 'cups', 'ingredient': 'cherry tomatoes'}, {'quantity': '1/4', 'unit': 'teaspoon', 'ingredient': 'red pepper flakes'}, {'quantity': '1/4', 'unit': 'cup', 'ingredient': 'shredded Parmesan cheese'}, {'quantity': None, 'unit': None, 'ingredient': 'salt and freshly ground black pepper to taste'}]",30 mins,4
https://www.allrecipes.com/easy-chicken-rice-and-noodle-soup-recipe-11702264,"Easy Chicken, Rice, and Noodle soup","[{'quantity': '2', 'unit': 'tablespoons', 'ingredient': 'unsalted butter'}, {'quantity': '1', 'unit': 'small', 'ingredient': 'onion'}, {'quantity': '1', 'unit': 'stalk', 'ingredient': 'celery'}, {'quantity': '6', 'unit': None, 'ingredient': 'baby carrots'}, {'quantity': '4', 'unit': 'ounces', 'ingredient': 'white mushrooms'}, {'quantity': '8', 'unit': 'cups', 'ingredient': 'chicken broth'}, {'quantity': '2', 'unit': 'cups', 'ingredient': 'rotisserie chicken'}, {'quantity': '1', 'unit': '(5.6 ounce) packet', 'ingredient': 'chicken flavor rice and pasta blend'}]",30 mins,4
https://www.allrecipes.com/chicken-biscuit-stew-recipe-11700236,Chicken Biscuit Stew,"[{'quantity': '2', 'unit': 'tablespoons', 'ingredient': 'unsalted butter'}, {'quantity': '2', 'unit': 'tablespoons', 'ingredient': 'all-purpose flour'}, {'quantity': '1', 'unit': '(10.5) ounce can', 'ingredient': 'chicken broth'}, {'quantity': '1/2', 'unit': 'cup', 'ingredient': 'evaporated milk'}, {'quantity': '1 1/2', 'unit': 'cups', 'ingredient': 'chicken breast'}, {'quantity': '1', 'unit': '(12 ounce) package', 'ingredient': 'frozen vegetables'}, {'quantity': '1/2', 'unit': 'cup', 'ingredient': 'onion'}, {'quantity': None, 'unit': None, 'ingredient': 'salt and freshly ground black pepper to taste'}, {'quantity': '1', 'unit': '(6 ounce) can', 'ingredient': 'buttermilk biscuits'}]",30 mins,4
https://www.allrecipes.com/homemade-ham-and-cheese-hot-pockets-recipe-11698211,Homemade Ham and Cheese Hot Pockets,"[{'quantity': '1', 'unit': '(8 ounce) can', 'ingredient': 'crescent rolls'}, {'quantity': '1', 'unit': 'tablespoon', 'ingredient': 'yellow mustard,'}, {'quantity': '2', 'unit': 'thin slices', 'ingredient': 'Black Forest ham, cut in half'}, {'quantity': '4', 'unit': 'slices', 'ingredient': 'sharp Cheddar cheese, cut in half'}, {'quantity': '1', 'unit': 'large', 'ingredient': 'egg'}, {'quantity': '2', 'unit': 'teaspoons', 'ingredient': 'water'}, {'quantity': '1', 'unit': 'teaspoon', 'ingredient': 'sesame seeds'}]",20 mins,4
https://www.allrecipes.com/banana-baked-oatmeal-cups-recipe-11699825,Banana Baked Oatmeal Cups,"[{'quantity': None, 'unit': None, 'ingredient': 'baking spray with flour'}, {'quantity': '1 1/4', 'unit': 'cups', 'ingredient': 'banana'}, {'quantity': '1/3', 'unit': 'cup', 'ingredient': 'honey, or to taste'}, {'quantity': '1', 'unit': None, 'ingredient': 'large egg'}, {'quantity': '3/4', 'unit': 'cup', 'ingredient': 'unsweetened almond milk,'}, {'quantity': '2', 'unit': 'tablespoons', 'ingredient': 'vegetable oil'}, {'quantity': '1', 'unit': 'teaspoon', 'ingredient': 'vanilla extract'}, {'quantity': '1', 'unit': 'teaspoon', 'ingredient': 'almond extract'}, {'quantity': '1/2', 'unit': 'teaspoon', 'ingredient': 'ground cinnamon'}, {'quantity': '1/2', 'unit': 'teaspoon', 'ingredient': 'salt'}, {'quantity': '1/4', 'unit': 'teaspoon', 'ingredient': 'ground nutmeg'}, {'quantity': '2', 'unit': 'cups', 'ingredient': 'old fashioned rolled oats'}, {'quantity': '1/2', 'unit': 'cup', 'ingredient': 'almond flour'}, {'quantity': '1/2', 'unit': 'cup', 'ingredient': 'sliced almonds'}, {'quantity': '1', 'unit': 'teaspoon', 'ingredient': 'baking powder'}]",40 mins,12
https://www.allrecipes.com/spinach-artichoke-pasta-recipe-11699690,Spinach Artichoke Pasta,"[{'quantity': '6', 'unit': 'ounces', 'ingredient': 'spinach, thawed'}, {'quantity': '16', 'unit': 'ounces', 'ingredient': 'fettuccine'}, {'quantity': '1/2', 'unit': 'cup', 'ingredient': 'pasta water,'}, {'quantity': '8', 'unit': 'ounces', 'ingredient': 'cream cheese'}, {'quantity': '1/2', 'unit': 'cup', 'ingredient': 'cream'}, {'quantity': '2', 'unit': 'cloves', 'ingredient': 'garlic,'}, {'quantity': '3/4', 'unit': 'cup', 'ingredient': 'shredded Parmesan cheese'}, {'quantity': '1/3', 'unit': 'cup', 'ingredient': 'shredded mozzarella cheese'}, {'quantity': '1/3', 'unit': 'cup', 'ingredient': 'sour cream'}, {'quantity': '1/4', 'unit': 'cup', 'ingredient': 'mayonnaise'}, {'quantity': '1 1/2', 'unit': 'cups', 'ingredient': 'artichokes,'}, {'quantity': None, 'unit': None, 'ingredient': 'salt and freshly ground black pepper to taste'}, {'quantity': None, 'unit': None, 'ingredient': 'fresh herbs, for garnish (optional)'}]",30 mins,8
https://www.allrecipes.com/easy-cottage-cheese-wrap-recipe-11697300,Easy Cottage Cheese Wrap,"[{'quantity': None, 'unit': None, 'ingredient': 'nonstick cooking spray'}, {'quantity': '2', 'unit': 'large', 'ingredient': 'eggs'}, {'quantity': '1/2', 'unit': 'cup', 'ingredient': 'high protein cottage cheese'}, {'quantity': '1/4', 'unit': 'teaspoon', 'ingredient': 'seasoning'}]",25 mins,1
https://www.allrecipes.com/wasabi-shrimp-sushi-cups-recipe-11695005,Wasabi Shrimp Sushi Cups,"[{'quantity': '1', 'unit': 'tablespoon', 'ingredient': 'wasabi paste'}, {'quantity': '1', 'unit': 'teaspoon', 'ingredient': 'soy sauce'}, {'quantity': '2', 'unit': 'tablespoons', 'ingredient': 'mayonnaise'}, {'quantity': '1', 'unit': 'cup', 'ingredient': 'sushi rice,'}, {'quantity': '1/2', 'unit': 'cup', 'ingredient': 'carrots'}, {'quantity': '1/2', 'unit': 'cup', 'ingredient': 'cucumbers'}, {'quantity': '1/2', 'unit': 'cup frozen shelled', 'ingredient': 'edamame,'}, {'quantity': '4', 'unit': None, 'ingredient': 'cooked shrimp, sliced in half lengthwise'}, {'quantity': '2', 'unit': 'tablespoons', 'ingredient': 'ginger to taste (optional)'}, {'quantity': '1/2', 'unit': 'teaspoon', 'ingredient': 'sesame seeds (optional)'}]",50 mins,8
https://www.allrecipes.com/miso-roasted-broccoli-recipe-11702202,Miso Roasted Broccoli,"[{'quantity': '1', 'unit': 'tablespoon', 'ingredient': 'butter'}, {'quantity': '1/2', 'unit': 'tablespoon', 'ingredient': 'light soy sauce'}, {'quantity': '1/2', 'unit': 'tablespoon', 'ingredient': 'rice wine vinegar'}, {'quantity': '1/2', 'unit': 'tablespoon', 'ingredient': 'miso paste'}, {'quantity': '1', 'unit': 'teaspoon', 'ingredient': 'minced garlic'}, {'quantity': '1', 'unit': 'pound', 'ingredient': 'broccoli florets'}]",20 mins,4
https://www.allrecipes.com/snickerdoodle-protein-shake-recipe-11702452,Snickerdoodle Protein Shake,"[{'quantity': '1', 'unit': 'cup', 'ingredient': 'water'}, {'quantity': '1', 'unit': 'cup', 'ingredient': 'ice'}, {'quantity': '1', 'unit': '(40 gram) scoop', 'ingredient': 'vanilla protein powder'}, {'quantity': '1', 'unit': 'tablespoon', 'ingredient': 'sugar free cheesecake flavor pudding mix'}, {'quantity': '1', 'unit': 'ablespoon', 'ingredient': 'sugar-free vanilla syrup'}, {'quantity': '1/4', 'unit': 'teaspoon', 'ingredient': 'ground cinnamon'}, {'quantity': '1/4', 'unit': 'teaspoon', 'ingredient': 'butter flavor extract, such as Watkins'}]",5 mins,1
https://www.allrecipes.com/creamy-beef-and-bow-tie-pasta-recipe-11698660,Creamy Beef and Bow Tie Pasta,"[{'quantity': '6', 'unit': 'ounces', 'ingredient': 'bowtie pasta (farfalle)'}, {'quantity': '1', 'unit': 'pound', 'ingredient': '85% lean ground beef'}, {'quantity': '1/2', 'unit': None, 'ingredient': 'white onion, finely diced'}, {'quantity': '1', 'unit': '(1.5 ounce) packet', 'ingredient': 'beef Stroganoff sauce seasoning'}, {'quantity': '1', 'unit': 'cup', 'ingredient': 'water'}, {'quantity': '2', 'unit': 'teaspoons', 'ingredient': 'Worcestershire sauce'}, {'quantity': '1/2', 'unit': 'teaspoon', 'ingredient': 'garlic powder'}, {'quantity': '1/2', 'unit': 'teaspoon', 'ingredient': 'black pepper'}, {'quantity': '1/2', 'unit': 'can', 'ingredient': 'cream of mushroom soup'}, {'quantity': '1/2', 'unit': 'cup', 'ingredient': 'sour cream'}, {'quantity': None, 'unit': None, 'ingredient': 'chopped parsley, for garnish (optional)'}]",35 mins,4
https://www.allrecipes.com/gochujang-hummus-recipe-11699850,Gochujang Hummus,"[{'quantity': '15', 'unit': 'ounces', 'ingredient': 'can chickpeas'}, {'quantity': '2', 'unit': 'tablespoons', 'ingredient': 'tahini'}, {'quantity': '2', 'unit': 'tablespoons', 'ingredient': 'olive oil'}, {'quantity': '1', 'unit': 'tablespoon', 'ingredient': 'gochujang'}, {'quantity': '1', 'unit': 'tablespoon', 'ingredient': 'lemon juice'}, {'quantity': '1', 'unit': 'clove', 'ingredient': 'garlic,'}, {'quantity': '1/2', 'unit': 'teaspoon', 'ingredient': 'salt'}]",5 mins,6
https://www.allrecipes.com/homemade-strawberry-kefir-recipe-11698490,Homemade Strawberry Kefir,"[{'quantity': '4', 'unit': 'cups', 'ingredient': 'high protein milk, such as Fa!rlife'}, {'quantity': '1', 'unit': 'tablespoon', 'ingredient': 'kefir grains'}, {'quantity': '1/2', 'unit': 'cup', 'ingredient': 'frozen strawberries'}]",10 mins,4
https://www.allrecipes.com/recipe/258569/corned-beef-hash-arepas/,Corned Beef Hash Arepas,"[{'quantity': '1', 'unit': '(15 ounce) can', 'ingredient': 'Corned Beef Hash or leftover corned beef'}, {'quantity': '½', 'unit': '', 'ingredient': 'yellow onion, chopped'}, {'quantity': '1', 'unit': 'tablespoon', 'ingredient': 'vegetable oil'}, {'quantity': '1', 'unit': 'cup', 'ingredient': 'cooked black beans, rinsed and drained'}, {'quantity': '4', 'unit': '', 'ingredient': 'eggs'}, {'quantity': '4', 'unit': None, 'ingredient': ""arepas (cooked corn flour cakes, see Cook's Note)""}, {'quantity': '1', 'unit': '', 'ingredient': 'tomato, sliced'}, {'quantity': '1', 'unit': '', 'ingredient': 'avocado - peeled, pitted and sliced'}]",27 mins,4
https://www.allrecipes.com/loaded-tater-tot-skewers-recipe-11695513,Loaded Tater Tot Skewers,"[{'quantity': '4', 'unit': None, 'ingredient': 'skewers'}, {'quantity': '20', 'unit': None, 'ingredient': 'tater tots'}, {'quantity': None, 'unit': None, 'ingredient': 'seasoned salt, to taste'}, {'quantity': '3/4', 'unit': 'cup', 'ingredient': 'shredded Cheddar cheese'}, {'quantity': '1/4', 'unit': 'cup', 'ingredient': 'shredded mozzarella cheese'}, {'quantity': '4', 'unit': 'strips', 'ingredient': 'bacon, cooked and crumbled'}, {'quantity': '2', 'unit': None, 'ingredient': 'green onions, sliced'}]",40 mins,2
https://www.allrecipes.com/orange-creamsicle-shake-recipe-11697327,Orange Creamsicle Shake,"[{'quantity': '1', 'unit': 'cup', 'ingredient': 'orange juice'}, {'quantity': '1/2', 'unit': 'cup', 'ingredient': 'sugar-free French Vanilla creamer,'}, {'quantity': '3/4', 'unit': 'cup', 'ingredient': 'sugar-free whipped cream'}]",4 hrs 10 mins,1
https://www.allrecipes.com/slow-cooker-beef-tips-with-mushroom-gravy-recipe-11694515,Slow Cooker Beef Tips with Mushroom Gravy,"[{'quantity': '1', 'unit': 'pound', 'ingredient': 'beef tips'}, {'quantity': '2', 'unit': 'tablespoons', 'ingredient': 'tomato paste'}, {'quantity': '1/2', 'unit': 'teaspoon', 'ingredient': 'garlic powder'}, {'quantity': '1/2', 'unit': 'teaspoon', 'ingredient': 'onion powder'}, {'quantity': '1/2', 'unit': 'teaspoon', 'ingredient': 'Cantanzaro herbs'}, {'quantity': '1/2', 'unit': 'teaspoon', 'ingredient': 'salt'}, {'quantity': '1', 'unit': 'pinch', 'ingredient': 'black pepper'}, {'quantity': '8', 'unit': 'ounces', 'ingredient': 'button mushrooms, sliced'}, {'quantity': '3/4', 'unit': 'cup', 'ingredient': 'beef bone broth'}, {'quantity': '2', 'unit': 'tablespoons', 'ingredient': 'cornstarch'}]",4 hrs 40 mins,4
https://www.allrecipes.com/cream-cheese-and-peanut-butter-strawberry-sandwich-recipe-11696003,Cream Cheese and Peanut Butter Strawberry Sandwich,"[{'quantity': '2', 'unit': 'tablespoons', 'ingredient': 'cream cheese,'}, {'quantity': '1', 'unit': 'teaspoon', 'ingredient': 'strawberry preserves'}, {'quantity': '1', 'unit': 'tablespoon', 'ingredient': 'peanut butter'}, {'quantity': '3', 'unit': 'large', 'ingredient': 'strawberries,'}, {'quantity': '2', 'unit': 'slices', 'ingredient': 'cinnamon swirl bread'}]",10 mins,1
https://www.allrecipes.com/soy-butter-pasta-with-chicken-recipe-11694681,Soy Butter Pasta with Chicken,"[{'quantity': '8', 'unit': 'ounces', 'ingredient': 'linguine pasta'}, {'quantity': '4', 'unit': 'tablespoons', 'ingredient': 'salted butter,'}, {'quantity': '1/4', 'unit': 'cup', 'ingredient': 'panko breadcrumbs'}, {'quantity': '1/8', 'unit': 'teaspoon', 'ingredient': 'kosher salt'}, {'quantity': '1', 'unit': 'pinch', 'ingredient': 'red pepper flakes'}, {'quantity': '1', 'unit': 'teaspoon', 'ingredient': 'garlic paste'}, {'quantity': '1', 'unit': 'teaspoon', 'ingredient': 'ginger paste'}, {'quantity': '1/8', 'unit': 'cup', 'ingredient': 'low-sodium soy sauce'}, {'quantity': None, 'unit': None, 'ingredient': 'salt and freshly ground black pepper to taste'}, {'quantity': '1/4', 'unit': 'cup', 'ingredient': 'grated Parmesan cheese'}, {'quantity': '1/2', 'unit': 'cup', 'ingredient': 'cooked chicken'}, {'quantity': '2', 'unit': None, 'ingredient': 'green onions'}, {'quantity': '1/2', 'unit': 'bunch', 'ingredient': 'cilantro, leaves only'}]",25 mins,3
https://www.allrecipes.com/air-fryer-english-muffin-tuna-melt-recipe-11695943,Air Fryer English Muffin Tuna Melt,"[{'quantity': '2', 'unit': None, 'ingredient': 'English muffins'}, {'quantity': '2', 'unit': '(5-ounce) cans', 'ingredient': 'tuna'}, {'quantity': '3', 'unit': 'tablespoons', 'ingredient': 'mayonnaise'}, {'quantity': '1', 'unit': 'tablespoon', 'ingredient': 'mustard'}, {'quantity': '3', 'unit': 'tablespoons', 'ingredient': 'celery'}, {'quantity': '1', 'unit': 'tablespoon', 'ingredient': 'onion'}, {'quantity': None, 'unit': None, 'ingredient': 'salt and freshly ground black pepper to taste'}, {'quantity': '4', 'unit': 'slices', 'ingredient': 'provolone cheese'}, {'quantity': '4', 'unit': 'slices', 'ingredient': 'Cheddar cheese'}]",25 mins,4
https://www.allrecipes.com/coconut-rum-punch-recipe-11695386,Coconut Rum Punch,"[{'quantity': None, 'unit': None, 'ingredient': 'ice, as needed'}, {'quantity': '2', 'unit': 'fluid ounces', 'ingredient': 'rum'}, {'quantity': '2', 'unit': 'fluid ounces', 'ingredient': 'pineapple coconut juice'}, {'quantity': '1/2', 'unit': None, 'ingredient': ''}, {'quantity': '1', 'unit': 'tablespoon', 'ingredient': 'agave syrup'}, {'quantity': None, 'unit': None, 'ingredient': 'ginger ale or lemon lime soda, such as Sprite'}, {'quantity': '1', 'unit': None, 'ingredient': 'lime slice'}, {'quantity': None, 'unit': None, 'ingredient': '1/3 pineapple ring'}]",5 mins,1
https://www.allrecipes.com/reese-s-cup-overnight-oats-recipe-11695967,Reese's Cup Overnight Oats,"[{'quantity': '1/2', 'unit': 'cup', 'ingredient': 'quick oats'}, {'quantity': '1/2', 'unit': 'cup', 'ingredient': 'chocolate protein shake'}, {'quantity': '1/4', 'unit': 'cup', 'ingredient': 'Greek yogurt, such as'}, {'quantity': '1', 'unit': 'tablespoon', 'ingredient': 'sugar-free peanut butter syrup'}, {'quantity': '2', 'unit': 'tablespoons', 'ingredient': 'chocolate chips'}, {'quantity': '1', 'unit': 'tablespoon', 'ingredient': 'peanut butter'}]",8 hrs 15 mins,1
https://www.allrecipes.com/high-protein-scrambled-pancakes-recipe-11694315,High Protein Scrambled Pancakes,"[{'quantity': '2', 'unit': 'large', 'ingredient': 'eggs'}, {'quantity': '1/2', 'unit': 'cup', 'ingredient': 'cottage cheese'}, {'quantity': '1/2', 'unit': 'cup', 'ingredient': 'rolled oats'}, {'quantity': '1/4', 'unit': 'cup', 'ingredient': 'vanilla protein shake'}, {'quantity': '1/2', 'unit': 'teaspoon', 'ingredient': 'baking powder'}, {'quantity': '1/2', 'unit': 'teaspoon', 'ingredient': 'cinnamon'}, {'quantity': '1/2', 'unit': 'teaspoon', 'ingredient': 'vanilla extract'}, {'quantity': None, 'unit': None, 'ingredient': 'cooking spray'}]",10 mins,3
https://www.allrecipes.com/melon-salad-with-feta-recipe-11694470,Melon Salad with Feta,"[{'quantity': '1', 'unit': 'cup', 'ingredient': 'honeydew melon'}, {'quantity': '1', 'unit': 'cup', 'ingredient': 'cantaloupe'}, {'quantity': '1', 'unit': 'cup', 'ingredient': 'watermelon'}, {'quantity': '1/2', 'unit': 'cup', 'ingredient': 'olive oil'}, {'quantity': '1/3', 'unit': 'cup', 'ingredient': 'balsamic vinegar'}, {'quantity': '2', 'unit': None, 'ingredient': 'oranges, juiced'}, {'quantity': '3', 'unit': None, 'ingredient': 'mint leaves, chopped'}, {'quantity': '1', 'unit': 'tablespoon', 'ingredient': 'agave syrup'}, {'quantity': '1/2', 'unit': 'cup', 'ingredient': 'feta cheese'}, {'quantity': None, 'unit': None, 'ingredient': 'sprinkle of slivered almonds'}, {'quantity': None, 'unit': None, 'ingredient': 'balsamic glaze'}]",15 mins,4 to 6
https://www.allrecipes.com/mixed-salad-recipe-8636580,Mixed Salad,"[{'quantity': '1', 'unit': 'tablespoon', 'ingredient': 'vinegar'}, {'quantity': '1', 'unit': 'clove', 'ingredient': 'garlic, peeled'}, {'quantity': '1/2', 'unit': 'teaspoon', 'ingredient': 'Italian seasoning'}, {'quantity': '1/4', 'unit': 'cup', 'ingredient': 'olive oil'}, {'quantity': '1', 'unit': 'pinch', 'ingredient': 'salt'}, {'quantity': '1', 'unit': 'pinch', 'ingredient': 'black pepper'}, {'quantity': '1', 'unit': 'pinch', 'ingredient': 'sugar'}, {'quantity': '4', 'unit': 'heads', 'ingredient': 'lettuce, torn'}, {'quantity': '5', 'unit': 'ounces', 'ingredient': 'spinach and arugula'}, {'quantity': '3', 'unit': 'mini', 'ingredient': 'cucumbers'}, {'quantity': '2', 'unit': None, 'ingredient': 'carrots'}, {'quantity': '1', 'unit': 'cup', 'ingredient': 'cherry tomatoes'}, {'quantity': '1', 'unit': None, 'ingredient': 'red onion, sliced into slivers'}, {'quantity': '3', 'unit': 'ounces', 'ingredient': 'shaved Parmesan cheese'}]",20 mins,6
https://www.allrecipes.com/air-fryer-lamb-chops-recipe-11694499,Air Fryer Lamb Chops,"[{'quantity': '1/2', 'unit': 'cup', 'ingredient': 'extra virgin olive oil'}, {'quantity': '1', 'unit': None, 'ingredient': 'lemon, zested and juiced'}, {'quantity': '1', 'unit': 'teaspoon', 'ingredient': 'kosher salt'}, {'quantity': '1/2', 'unit': 'teaspoon', 'ingredient': 'ground black pepper'}, {'quantity': '2', 'unit': None, 'ingredient': 'cloves garlic'}, {'quantity': '1', 'unit': 'teaspoon', 'ingredient': 'fresh oregano'}, {'quantity': '1', 'unit': 'teaspoon', 'ingredient': 'fresh mint'}, {'quantity': '2', 'unit': 'teaspoons', 'ingredient': 'fresh rosemary'}, {'quantity': '3', 'unit': 'teaspoons', 'ingredient': 'fresh parsley'}, {'quantity': '4', 'unit': '(1/2-inch-thick)', 'ingredient': 'lamb loin chops'}]",4 hrs 30 mins,4
https://www.allrecipes.com/everything-but-the-bagel-cottage-cheese-wrap-recipe-11694939,Everything But the Bagel Cottage Cheese Wrap,"[{'quantity': '1', 'unit': 'cup', 'ingredient': 'cottage cheese'}, {'quantity': '1', 'unit': 'teaspoon', 'ingredient': 'everything but the bagel seasoning'}, {'quantity': '1', 'unit': 'large', 'ingredient': 'egg'}, {'quantity': '2', 'unit': 'slices', 'ingredient': 'provolone or mozzarella cheese'}, {'quantity': '2', 'unit': '(1 ounce) slices', 'ingredient': 'deli turkey'}, {'quantity': None, 'unit': None, 'ingredient': 'spinach leaves to taste'}, {'quantity': '2 to 3', 'unit': 'strips', 'ingredient': 'roasted red bell pepper'}, {'quantity': '3', 'unit': 'strips', 'ingredient': 'cucumber'}, {'quantity': '1', 'unit': 'tablespoon', 'ingredient': 'green goddess salad dressing'}]",50 mins,2
https://www.allrecipes.com/guinness-chili-for-two-recipe-11692381,Guinness Chili for Two,"[{'quantity': '1', 'unit': 'tablespoon', 'ingredient': 'olive oil'}, {'quantity': '1', 'unit': 'slice', 'ingredient': 'bacon'}, {'quantity': '1/4', 'unit': 'tsp', 'ingredient': 'salt and freshly ground black pepper'}, {'quantity': '1 1/2', 'unit': 'pounds', 'ingredient': 'beef stew meat'}, {'quantity': '1/2', 'unit': 'cup', 'ingredient': 'all purpose flour'}, {'quantity': '1/4', 'unit': 'medium', 'ingredient': 'yellow onion'}, {'quantity': '1/4', 'unit': 'cup', 'ingredient': 'cilantro leaves'}, {'quantity': '2', 'unit': 'teaspoons', 'ingredient': 'garlic paste'}, {'quantity': '1/4', 'unit': 'cup', 'ingredient': 'tomato paste'}, {'quantity': '2', 'unit': 'tablespoons', 'ingredient': 'chili powder'}, {'quantity': '1/8', 'unit': 'teaspoon', 'ingredient': 'dried oregano'}, {'quantity': '1', 'unit': 'teaspoon', 'ingredient': 'ground cumin'}, {'quantity': '1/8', 'unit': 'teaspoon', 'ingredient': 'smoked paprika'}, {'quantity': '1/2', 'unit': 'teaspoon', 'ingredient': 'ground coriander'}, {'quantity': '5', 'unit': 'fluid ounces', 'ingredient': 'Irish stout,'}, {'quantity': '1', 'unit': '(5-ounce) can', 'ingredient': 'tomato sauce'}, {'quantity': '1 1/2', 'unit': 'cups', 'ingredient': 'beef broth'}, {'quantity': '1/4', 'unit': 'tsp', 'ingredient': 'salt and freshly ground black pepper'}, {'quantity': None, 'unit': None, 'ingredient': 'sliced green onion and cilantro,'}]",1 hr 50 mins,2
https://www.allrecipes.com/ginger-sesame-cabbage-recipe-11691855,Ginger Sesame Cabbage,"[{'quantity': '4', 'unit': None, 'ingredient': 'cloves garlic'}, {'quantity': '2', 'unit': 'tablespoons', 'ingredient': 'sesame oil'}, {'quantity': '2', 'unit': 'tablespoons', 'ingredient': 'sesame seeds'}, {'quantity': '1', 'unit': 'tablespoon', 'ingredient': 'rice wine vinegar'}, {'quantity': '1', 'unit': 'teaspoon', 'ingredient': 'chicken bouillon powder'}, {'quantity': '1', 'unit': 'teaspoon', 'ingredient': 'brown sugar'}, {'quantity': '1', 'unit': 'teaspoon', 'ingredient': 'lemon juice'}, {'quantity': '1', 'unit': 'teaspoon', 'ingredient': 'ginger paste'}, {'quantity': '1/8', 'unit': 'teaspoon', 'ingredient': 'flavor enhancer'}, {'quantity': '1', 'unit': 'pound', 'ingredient': 'cabbage'}, {'quantity': None, 'unit': None, 'ingredient': 'chopped green onion'}]",20 mins,4
https://www.allrecipes.com/blueberry-baked-oats-recipe-11691600,Blueberry Baked Oats,"[{'quantity': '1', 'unit': 'cup', 'ingredient': 'cottage cheese'}, {'quantity': '4', 'unit': 'large', 'ingredient': 'eggs'}, {'quantity': '1', 'unit': 'tablespoon', 'ingredient': 'agave syrup'}, {'quantity': '2', 'unit': 'teaspoons', 'ingredient': 'vanilla bean paste'}, {'quantity': '1', 'unit': 'cup', 'ingredient': 'quick oats'}, {'quantity': '2', 'unit': 'teaspoons', 'ingredient': 'baking powder'}, {'quantity': '2', 'unit': 'tablespoons', 'ingredient': 'sugar-free cheesecake pudding mix'}, {'quantity': '1', 'unit': 'cup', 'ingredient': 'blueberries, or as needed'}]",35 mins,4
https://www.allrecipes.com/marry-me-chickpeas-recipe-11688105,Marry Me Chickpeas,"[{'quantity': '1', 'unit': 'tablespoon', 'ingredient': 'grapeseed oil'}, {'quantity': '2', 'unit': 'clove', 'ingredient': 'garlic'}, {'quantity': '1', 'unit': None, 'ingredient': 'shallot,'}, {'quantity': '1', 'unit': 'teaspoon', 'ingredient': 'smoked paprika'}, {'quantity': '1', 'unit': 'teaspoon', 'ingredient': 'dried oregano'}, {'quantity': '1/4', 'unit': 'teaspoon', 'ingredient': 'salt'}, {'quantity': '1/4', 'unit': 'teaspoon', 'ingredient': 'red pepper flakes'}, {'quantity': '2', 'unit': 'tablespoons', 'ingredient': 'tomato paste'}, {'quantity': '1/3', 'unit': 'cup', 'ingredient': 'sun-dried tomatoes in oil'}, {'quantity': '2', 'unit': '(15 ounce) cans', 'ingredient': 'chickpeas'}, {'quantity': '2', 'unit': 'tablespoons', 'ingredient': 'lemon juice'}, {'quantity': '1', 'unit': 'cup', 'ingredient': 'vegetable broth'}, {'quantity': '1', 'unit': 'cup', 'ingredient': 'coconut milk'}]",25 mins,4
https://www.allrecipes.com/crescent-sausage-egg-roll-ups-recipe-11691116,Crescent Sausage Egg Roll-Ups,"[{'quantity': '2', 'unit': None, 'ingredient': 'large eggs'}, {'quantity': '2', 'unit': 'tablespoons', 'ingredient': 'milk'}, {'quantity': '1', 'unit': 'tablespoon', 'ingredient': 'butter'}, {'quantity': None, 'unit': None, 'ingredient': 'salt and freshly ground black pepper to taste'}, {'quantity': '1', 'unit': '(8 ounce) tube', 'ingredient': 'crescent rolls,'}, {'quantity': '8', 'unit': None, 'ingredient': 'breakfast sausage links,'}]",30 mins,8
https://www.allrecipes.com/air-fryer-pesto-chicken-quinoa-bowl-recipe-11691482,Air Fryer Pesto Chicken Quinoa Bowl,"[{'quantity': '2', 'unit': 'teaspoons', 'ingredient': 'pesto'}, {'quantity': '1/4', 'unit': 'teaspoon', 'ingredient': 'garlic powder'}, {'quantity': '1', 'unit': 'pound', 'ingredient': 'boneless chicken breasts'}, {'quantity': '2', 'unit': 'teaspoons', 'ingredient': 'olive oil'}, {'quantity': '1/8', 'unit': 'teaspoon', 'ingredient': 'crushed red pepper flakes'}, {'quantity': '1/8', 'unit': 'teaspoon', 'ingredient': 'salt'}, {'quantity': '1/8', 'unit': 'teaspoon', 'ingredient': 'ground black pepper'}, {'quantity': '1', 'unit': None, 'ingredient': 'zucchini,'}, {'quantity': None, 'unit': None, 'ingredient': 'nonstick cooking spray'}, {'quantity': '2', 'unit': 'cups', 'ingredient': 'cooked quinoa (see Note)'}, {'quantity': '10', 'unit': None, 'ingredient': 'basil leaves,'}, {'quantity': '1', 'unit': 'cup', 'ingredient': 'grape tomatoes,'}, {'quantity': '1/4', 'unit': 'cup', 'ingredient': 'feta cheese'}]",20 mins,2
https://www.allrecipes.com/high-protein-cottage-cheese-mac-and-cheese-recipe-11687838,High Protein Cottage Cheese Mac and Cheese,"[{'quantity': '1/2', 'unit': 'cup', 'ingredient': 'high protein elbow pasta, such as Banza'}, {'quantity': '1/2', 'unit': 'cup', 'ingredient': 'cottage cheese,'}, {'quantity': '1', 'unit': 'ounce', 'ingredient': 'Cheddar cheese, grated'}, {'quantity': '1/2', 'unit': 'ounce', 'ingredient': 'Parmigiano Reggiano cheese, grated'}, {'quantity': '1', 'unit': 'tablespoon', 'ingredient': 'Cheddar cheese powder'}, {'quantity': '2', 'unit': 'tablespoons', 'ingredient': 'high protein 2% milk, such as Fa!rlife'}, {'quantity': '1', 'unit': 'dash', 'ingredient': 'Worcestershire sauce'}, {'quantity': '1/4', 'unit': 'teaspoon', 'ingredient': 'Dijon mustard'}, {'quantity': None, 'unit': None, 'ingredient': 'salt and freshly ground black pepper to taste'}, {'quantity': '2', 'unit': 'teaspoons', 'ingredient': 'everything seasoning blend'}]",25 mins,1
https://www.allrecipes.com/shortcut-pierogies-recipe-11683671,Shortcut Pierogies,"[{'quantity': '2', 'unit': None, 'ingredient': 'sweet onions'}, {'quantity': '2', 'unit': 'tablespoons', 'ingredient': 'avocado oil or canola oil'}, {'quantity': '1', 'unit': '(16 ounce) package', 'ingredient': 'pierogies,'}, {'quantity': '2', 'unit': 'tablespoons', 'ingredient': 'unsalted butter'}, {'quantity': '1', 'unit': 'tablespoon', 'ingredient': 'avocado oil or canola oil'}, {'quantity': None, 'unit': None, 'ingredient': 'salt and freshly ground black pepper to taste'}, {'quantity': '1/3', 'unit': 'cup', 'ingredient': 'sour cream'}, {'quantity': '3', 'unit': 'strips', 'ingredient': 'bacon'}, {'quantity': '3', 'unit': 'tablespoons', 'ingredient': 'grated Parmesan cheese'}, {'quantity': None, 'unit': None, 'ingredient': 'chopped fresh parsley or chives'}, {'quantity': '4', 'unit': None, 'ingredient': 'lemon wedges'}]",30 mins,4
https://www.allrecipes.com/air-fryer-honey-mustard-salmon-recipe-8789582,Air Fryer Honey Mustard Salmon,"[{'quantity': '1', 'unit': 'pound', 'ingredient': 'salmon filet'}, {'quantity': '2', 'unit': 'teaspoons', 'ingredient': 'Dijon mustard'}, {'quantity': '1', 'unit': 'teaspoon', 'ingredient': 'honey'}, {'quantity': '1/2', 'unit': 'teaspoon', 'ingredient': 'salt'}, {'quantity': '1/4', 'unit': 'teaspoon', 'ingredient': 'black pepper'}, {'quantity': '2', 'unit': 'tablespoons', 'ingredient': 'unsalted butter'}, {'quantity': '2', 'unit': 'tablespoons', 'ingredient': 'whiskey'}, {'quantity': '1/4', 'unit': 'cup', 'ingredient': 'heavy cream'}, {'quantity': '1', 'unit': 'tablespoon', 'ingredient': 'Dijon mustard'}, {'quantity': '1 1/2', 'unit': 'teaspoons', 'ingredient': 'honey'}, {'quantity': None, 'unit': None, 'ingredient': 'salt and freshly ground black pepper to taste'}, {'quantity': None, 'unit': None, 'ingredient': 'fresh thyme for garnish'}]",25 mins,4
https://www.allrecipes.com/creamy-sun-dried-tomato-and-spinach-pasta-recipe-11688336,Creamy Sun-Dried Tomato and Spinach Pasta,"[{'quantity': '8', 'unit': 'ounces', 'ingredient': 'spaghetti or other pasta'}, {'quantity': '1', 'unit': 'tablespoon', 'ingredient': 'olive oil'}, {'quantity': '1/2', 'unit': 'cup', 'ingredient': 'oil packed sun-dried tomatoes, drained'}, {'quantity': '3', 'unit': 'cloves', 'ingredient': 'garlic,'}, {'quantity': '1/2', 'unit': 'cup', 'ingredient': 'heavy cream'}, {'quantity': '1/2', 'unit': 'cup', 'ingredient': 'grated Parmesan cheese'}, {'quantity': '2', 'unit': 'cups', 'ingredient': 'baby spinach'}, {'quantity': None, 'unit': None, 'ingredient': 'salt and freshly ground black pepper, to taste'}, {'quantity': None, 'unit': None, 'ingredient': 'crushed red pepper flake'}]",30 mins,4
https://www.allrecipes.com/air-fryer-honey-mustard-salmon-bites-recipe-11680825,Air Fryer Honey Mustard Salmon Bites,"[{'quantity': '1', 'unit': 'pound', 'ingredient': 'salmon'}, {'quantity': '1', 'unit': 'teaspoon', 'ingredient': 'olive oil'}, {'quantity': '1/2', 'unit': 'teaspoon', 'ingredient': 'paprika'}, {'quantity': '1/4', 'unit': 'teaspoon', 'ingredient': 'salt'}, {'quantity': '1/8', 'unit': 'teaspoon', 'ingredient': 'black pepper'}, {'quantity': '1/4', 'unit': 'cup', 'ingredient': 'honey mustard'}]",20 mins,6
https://www.allrecipes.com/california-roll-cucumber-salad-recipe-11687693,California Roll Cucumber Salad,"[{'quantity': '1', 'unit': None, 'ingredient': 'English cucumber,'}, {'quantity': '5', 'unit': None, 'ingredient': 'imitation crab sticks'}, {'quantity': '1/2', 'unit': None, 'ingredient': 'avocado'}, {'quantity': '2', 'unit': 'sheets', 'ingredient': 'seaweed'}, {'quantity': '2', 'unit': 'tablespoons', 'ingredient': 'rice vinegar'}, {'quantity': '1', 'unit': 'tablespoon', 'ingredient': 'soy sauce'}, {'quantity': '2', 'unit': 'tablespoons', 'ingredient': 'pickled ginger'}, {'quantity': '1', 'unit': 'teaspoon', 'ingredient': 'sesame seeds'}]",15 mins,1
https://www.allrecipes.com/cookies-and-cream-rice-krispie-treats-recipe-8782998,Cookies and Cream Rice Krispie Treats,"[{'quantity': '30', 'unit': None, 'ingredient': 'chocolate creme sandwich cookies'}, {'quantity': '1/2', 'unit': 'cup', 'ingredient': 'salted butter'}, {'quantity': '1', 'unit': '(16-ounce) bag', 'ingredient': 'mini marshmallows'}, {'quantity': '1', 'unit': '(13-ounce) jar', 'ingredient': 'marshmallow cream'}, {'quantity': '1/2', 'unit': 'teaspoon', 'ingredient': 'vanilla extract'}, {'quantity': '6', 'unit': 'cups', 'ingredient': 'crisp rice cereal'}]",55 mins,12
https://www.allrecipes.com/bacon-pancakes-recipe-11687812,Bacon Pancakes,"[{'quantity': '6', 'unit': 'slices', 'ingredient': 'bacon'}, {'quantity': '1', 'unit': 'cup', 'ingredient': 'pancake mix, such as Bisquick'}, {'quantity': '1/2', 'unit': 'cup', 'ingredient': 'milk'}, {'quantity': '1', 'unit': 'tablespoon', 'ingredient': 'vegetable of avocado oil'}, {'quantity': '1', 'unit': 'large', 'ingredient': 'egg'}, {'quantity': '1', 'unit': 'teaspoon', 'ingredient': 'ground cinnamon'}, {'quantity': None, 'unit': None, 'ingredient': 'maple syrup, for serving'}]",30 mins,2
https://www.allrecipes.com/cottage-cheese-tomato-soup-recipe-11682446,Cottage Cheese Tomato Soup,"[{'quantity': '2', 'unit': None, 'ingredient': 'Roma tomatoes'}, {'quantity': '1', 'unit': None, 'ingredient': 'shallot'}, {'quantity': '4', 'unit': None, 'ingredient': 'cloves garlic'}, {'quantity': '2', 'unit': 'teaspoons', 'ingredient': 'olive oil,'}, {'quantity': None, 'unit': None, 'ingredient': 'salt to taste'}, {'quantity': '1/2', 'unit': 'cup', 'ingredient': 'cottage cheese'}, {'quantity': '8.25', 'unit': 'fluid ounces', 'ingredient': 'bone broth'}, {'quantity': '2', 'unit': 'tablespoons', 'ingredient': 'tomato paste'}, {'quantity': '1', 'unit': 'tablespoon', 'ingredient': 'nutritional yeast'}, {'quantity': '1/2', 'unit': 'teaspoon', 'ingredient': 'Italian seasoning'}]",25 mins,2
https://www.allrecipes.com/funfetti-cheesecake-sandwich-cookies-recipe-11681883,Funfetti Cheesecake Sandwich Cookies,"[{'quantity': '1', 'unit': 'cup', 'ingredient': 'unsalted butter'}, {'quantity': '8', 'unit': 'ounces', 'ingredient': 'cream cheese,'}, {'quantity': '3/4', 'unit': 'cup', 'ingredient': 'light brown sugar'}, {'quantity': '3/4', 'unit': 'cup', 'ingredient': 'white sugar'}, {'quantity': '1', 'unit': 'teaspoon', 'ingredient': 'salt'}, {'quantity': '1/4', 'unit': 'teaspoon', 'ingredient': 'ground nutmeg'}, {'quantity': '1/4', 'unit': 'teaspoon', 'ingredient': 'ground cinnamon'}, {'quantity': '1', 'unit': None, 'ingredient': 'extra large egg, at room temperature'}, {'quantity': '2', 'unit': 'teaspoons', 'ingredient': 'vanilla extract'}, {'quantity': '1/4', 'unit': 'teaspoon', 'ingredient': 'almond extract'}, {'quantity': '1 1/2', 'unit': 'cups', 'ingredient': 'graham cracker crumbs'}, {'quantity': '2 3/4', 'unit': 'cups', 'ingredient': 'all-purpose flour'}, {'quantity': '2', 'unit': 'tablespoons', 'ingredient': 'cornstarch'}, {'quantity': '1', 'unit': 'teaspoon', 'ingredient': 'baking powder'}, {'quantity': '1/2', 'unit': 'cup', 'ingredient': 'sprinkles'}, {'quantity': '1/2', 'unit': 'cup', 'ingredient': 'unsalted butter,'}, {'quantity': '8', 'unit': 'ounces', 'ingredient': 'cream cheese,'}, {'quantity': '3 1/2', 'unit': 'cups', 'ingredient': 'confectioners sugar'}, {'quantity': '1', 'unit': 'teaspoon', 'ingredient': 'vanilla extract'}, {'quantity': '1/8', 'unit': 'teaspoon', 'ingredient': 'salt'}, {'quantity': '1/8', 'unit': 'teaspoon', 'ingredient': 'almond extract'}, {'quantity': '1', 'unit': 'teaspoon', 'ingredient': 'lemon juice'}, {'quantity': '1', 'unit': 'tablespoon', 'ingredient': 'heavy cream'}, {'quantity': '1', 'unit': 'tablespoons', 'ingredient': 'sprinkles'}]",5 hrs 45 mins,33
https://www.allrecipes.com/million-dollar-ravioli-casserole-recipe-8771580,Million Dollar Ravioli Casserole,"[{'quantity': None, 'unit': None, 'ingredient': 'cooking spray'}, {'quantity': '1', 'unit': 'pound', 'ingredient': 'sausage'}, {'quantity': '1', 'unit': '(28 ounce) jar', 'ingredient': 'marinara sauce,'}, {'quantity': '1', 'unit': '(25 ounce) bag', 'ingredient': 'ravioli'}, {'quantity': '1', 'unit': 'cup', 'ingredient': 'cottage cheese'}, {'quantity': '1', 'unit': '(8-ounce) package', 'ingredient': 'cream cheese'}, {'quantity': '1/4', 'unit': 'cup', 'ingredient': 'plain Greek yogurt'}, {'quantity': '1/3', 'unit': 'cup', 'ingredient': 'grated Parmesan cheese'}, {'quantity': '1', 'unit': 'tablespoon', 'ingredient': 'fresh parsley'}, {'quantity': '1/2', 'unit': 'teaspoon', 'ingredient': 'granulated garlic'}, {'quantity': '2', 'unit': 'cups', 'ingredient': 'shredded mozzarella cheese'}, {'quantity': None, 'unit': None, 'ingredient': 'fresh basil, for garnish'}]",1 hr 15 mins,8
https://www.allrecipes.com/bacon-wrapped-cheeseburger-bites-recipe-11685653,Bacon Wrapped Cheeseburger Bites,"[{'quantity': '1', 'unit': 'pound', 'ingredient': 'ground beef'}, {'quantity': '1 1/2', 'unit': 'tablespoons', 'ingredient': 'seasoned breadcrumbs'}, {'quantity': '1', 'unit': 'large', 'ingredient': 'egg'}, {'quantity': '1/2', 'unit': 'teaspoon', 'ingredient': 'onion powder'}, {'quantity': '1/4', 'unit': 'teaspoon', 'ingredient': 'garlic powder'}, {'quantity': '1', 'unit': 'teaspoon', 'ingredient': 'dried parsley'}, {'quantity': '1', 'unit': 'teaspoon', 'ingredient': 'salt'}, {'quantity': '1', 'unit': 'tablespoon', 'ingredient': 'ketchup'}, {'quantity': '1', 'unit': 'tablespoon', 'ingredient': 'yellow mustard'}, {'quantity': '4', 'unit': None, 'ingredient': 'dill pickle chips'}, {'quantity': '4', 'unit': 'ounces', 'ingredient': 'Cheddar cheese'}, {'quantity': '9', 'unit': 'slices', 'ingredient': 'bacon'}, {'quantity': '1', 'unit': None, 'ingredient': 'sesame seeds'}]",40 mins,4
https://www.allrecipes.com/almond-chicken-stir-fry-recipe-11682891,Almond Chicken Stir Fry,"[{'quantity': '1/4', 'unit': 'cup', 'ingredient': 'almond butter'}, {'quantity': '1/4', 'unit': 'cup', 'ingredient': 'coconut milk'}, {'quantity': '1/4', 'unit': 'cup', 'ingredient': 'chicken broth'}, {'quantity': '2', 'unit': 'tablespoons', 'ingredient': 'rice vinegar'}, {'quantity': '2', 'unit': 'tablespoons', 'ingredient': 'lime juice'}, {'quantity': '2', 'unit': 'tablespoons', 'ingredient': 'soy sauce'}, {'quantity': '1/2', 'unit': 'teaspoon', 'ingredient': 'white pepper'}, {'quantity': '1 1/2', 'unit': 'teaspoons', 'ingredient': 'riracha'}, {'quantity': '1 1/4', 'unit': 'pounds', 'ingredient': 'skinless, boneless chicken thighs, cut into 1-inch pieces'}, {'quantity': None, 'unit': None, 'ingredient': 'salt and freshly ground black pepper to taste'}, {'quantity': '2', 'unit': 'tablespoons', 'ingredient': 'vegetable oil'}, {'quantity': '1', 'unit': None, 'ingredient': 'red bell pepper'}, {'quantity': '2', 'unit': None, 'ingredient': 'shallots,'}, {'quantity': '1', 'unit': None, 'ingredient': 'zucchini'}, {'quantity': '3', 'unit': None, 'ingredient': 'garlic cloves,'}, {'quantity': '1/4', 'unit': 'cup', 'ingredient': 'chopped fresh cilantro, or to taste'}, {'quantity': '2', 'unit': 'tablespoons', 'ingredient': 'sliced almonds'}, {'quantity': '1', 'unit': None, 'ingredient': 'lime, cut into wedges (optional)'}]",35 mins,4
https://www.allrecipes.com/pickled-white-asparagus-cucumbers-and-peppers-recipe-11685995,"Pickled White Asparagus, Cucumbers, and Peppers","[{'quantity': '1', 'unit': 'pound', 'ingredient': 'white asparagus'}, {'quantity': '1', 'unit': None, 'ingredient': 'red bell pepper'}, {'quantity': '1', 'unit': None, 'ingredient': 'English cucumber'}, {'quantity': '2', 'unit': 'teaspoons', 'ingredient': 'minced garlic'}, {'quantity': '1', 'unit': 'teaspoon', 'ingredient': 'pickling spice'}, {'quantity': '1/2', 'unit': 'teaspoon', 'ingredient': 'peppercorns'}, {'quantity': '2', 'unit': 'cups', 'ingredient': 'water'}, {'quantity': '1 3/4', 'unit': 'cups', 'ingredient': 'white vinegar'}, {'quantity': '1', 'unit': 'tablespoon', 'ingredient': 'salt'}, {'quantity': '1', 'unit': 'teaspoon', 'ingredient': 'sugar'}]",2 days 1 hr 20 mins,8
https://www.allrecipes.com/roasted-cauliflower-with-alfredo-sauce-recipe-11682094,Roasted Cauliflower with Alfredo Sauce,"[{'quantity': '1', 'unit': 'package', 'ingredient': 'cauliflower florets'}, {'quantity': '2', 'unit': 'teaspoons', 'ingredient': 'olive oil'}, {'quantity': None, 'unit': None, 'ingredient': 'salt and freshly ground black pepper to taste'}, {'quantity': '2/3', 'unit': 'cup', 'ingredient': 'high protein milk'}, {'quantity': '16', 'unit': 'ounces', 'ingredient': 'high protein cottage cheese'}, {'quantity': '1/4', 'unit': 'teaspoon', 'ingredient': 'garlic powder, or to taste'}, {'quantity': '1/4', 'unit': 'cup', 'ingredient': 'grated Parmesan cheese'}]",20 mins,4
https://www.allrecipes.com/oreo-cookie-pie-crust-recipe-8774711,Oreo Cookie Pie Crust,"[{'quantity': '30', 'unit': None, 'ingredient': 'chocolate creme-filled sandwich cookies, such as OREO®'}, {'quantity': '5', 'unit': 'tablespoons', 'ingredient': 'butter, melted'}]",5 mins,8
https://www.allrecipes.com/tiny-oatmeal-cream-pies-recipe-8783087,Tiny Oatmeal Cream Pies,"[{'quantity': '1', 'unit': 'cup', 'ingredient': 'unsalted butter'}, {'quantity': '1', 'unit': 'cup', 'ingredient': 'light brown sugar'}, {'quantity': '1/2', 'unit': 'cup', 'ingredient': 'granulated sugar'}, {'quantity': '1', 'unit': 'large', 'ingredient': 'egg'}, {'quantity': '1', 'unit': 'teaspoon', 'ingredient': 'vanilla extract'}, {'quantity': '2', 'unit': 'cups', 'ingredient': 'all purpose flour'}, {'quantity': '1 1/4', 'unit': 'cups', 'ingredient': 'old fashioned oats'}, {'quantity': '1/2', 'unit': 'teaspoon', 'ingredient': 'ground cinnamon'}, {'quantity': '1/2', 'unit': 'teaspoon', 'ingredient': 'baking soda'}, {'quantity': '1/2', 'unit': 'teaspoon', 'ingredient': 'sea salt'}, {'quantity': '1/2', 'unit': 'cup', 'ingredient': 'unsalted butter'}, {'quantity': '4', 'unit': 'ounces', 'ingredient': 'cream cheese'}, {'quantity': '1', 'unit': '(13-ounce) jar', 'ingredient': 'marshmallow cream'}, {'quantity': '1/2', 'unit': 'teaspoon', 'ingredient': 'vanilla extract'}, {'quantity': None, 'unit': 'Pinch', 'ingredient': 'fine sea salt'}]",50 mins,45
https://www.allrecipes.com/hash-brown-crust-bacon-quiche-recipe-11681752,Hash Brown Crust Bacon Quiche,"[{'quantity': '5', 'unit': 'medium-sized', 'ingredient': 'russet potatoes'}, {'quantity': None, 'unit': None, 'ingredient': 'salt and freshly ground black pepper to taste'}, {'quantity': '1', 'unit': 'pinch', 'ingredient': 'cayenne pepper'}, {'quantity': '1', 'unit': 'pinch', 'ingredient': 'garlic powder'}, {'quantity': '6', 'unit': 'tablespoons', 'ingredient': 'butter,'}, {'quantity': '5', 'unit': 'large', 'ingredient': 'eggs,'}, {'quantity': '4', 'unit': 'slices', 'ingredient': 'bacon'}, {'quantity': '2', 'unit': None, 'ingredient': 'green onions,'}, {'quantity': '1/2', 'unit': 'cup', 'ingredient': 'sharp Cheddar cheese'}, {'quantity': '1/2', 'unit': 'cup', 'ingredient': 'shredded mozzarella cheese'}, {'quantity': '1', 'unit': 'cup', 'ingredient': 'heavy cream'}]",1 hr 15 mins,4
https://www.allrecipes.com/elote-ramen-noodles-recipe-8780286,Elote Ramen Noodles,"[{'quantity': '2', 'unit': None, 'ingredient': 'ears fresh corn, husked'}, {'quantity': '1', 'unit': 'small', 'ingredient': 'jalapeno pepper'}, {'quantity': '1/4', 'unit': 'cup', 'ingredient': 'mayonnaise'}, {'quantity': '1/2', 'unit': 'teaspoon', 'ingredient': 'hot sauce'}, {'quantity': '3', 'unit': 'cups', 'ingredient': 'water'}, {'quantity': '1', 'unit': 'cup', 'ingredient': 'half-and-half'}, {'quantity': '1/2', 'unit': 'teaspoon', 'ingredient': 'chili powder'}, {'quantity': '3', 'unit': '3 ounce) package', 'ingredient': 'nstant ramen noodles'}, {'quantity': '1', 'unit': 'cup', 'ingredient': 'shredded mozzarella cheese'}, {'quantity': '1', 'unit': None, 'ingredient': 'lime'}, {'quantity': '1/4', 'unit': 'cup', 'ingredient': 'cotija cheese'}, {'quantity': '1/4', 'unit': 'cup', 'ingredient': 'chopped cilantro'}]",30 mins,4
https://www.allrecipes.com/fudgy-black-forest-bars-recipe-8781403,Fudgy Black Forest Bars,"[{'quantity': '1', 'unit': 'cup', 'ingredient': 'salted butter,'}, {'quantity': '1 1/2', 'unit': 'cups', 'ingredient': 'white sugar'}, {'quantity': '2', 'unit': 'teaspoons', 'ingredient': 'vanilla extract'}, {'quantity': '4', 'unit': 'large', 'ingredient': 'eggs'}, {'quantity': '2', 'unit': 'cups', 'ingredient': 'all purpose flour'}, {'quantity': '1/2', 'unit': 'cup', 'ingredient': 'unsweetened triple chocolate baking cocoa'}, {'quantity': '1', 'unit': 'large', 'ingredient': 'dark chocolate bar, chopped into chunks (about 1 cup chunks)'}, {'quantity': '1', 'unit': '(21 ounce) can', 'ingredient': 'cherry pie filling'}, {'quantity': '1', 'unit': 'tablespoon', 'ingredient': 'confectioners sugar'}]",55 mins,10
https://www.allrecipes.com/panko-sesame-crusted-salmon-bites-recipe-8785036,Panko Sesame Crusted Salmon Bites,"[{'quantity': '1', 'unit': 'pound', 'ingredient': 'salmon fillet'}, {'quantity': '1', 'unit': 'teaspoon', 'ingredient': 'kosher salt'}, {'quantity': '1', 'unit': 'teaspoon', 'ingredient': 'granulated garlic'}, {'quantity': '1/2', 'unit': 'cup', 'ingredient': 'mayonnaise'}, {'quantity': '1', 'unit': 'tablespoon', 'ingredient': 'toasted sesame oil'}, {'quantity': '1', 'unit': 'tablespoon', 'ingredient': 'soy sauce'}, {'quantity': '1 1/2', 'unit': 'teaspoons', 'ingredient': 'lime juice,'}, {'quantity': '1/2', 'unit': 'cup', 'ingredient': 'panko (Japanese-style breadcrumbs)'}, {'quantity': '1/2', 'unit': 'cup', 'ingredient': 'toasted sesame seeds'}, {'quantity': None, 'unit': None, 'ingredient': 'cooking spray'}, {'quantity': '2', 'unit': 'teaspoons', 'ingredient': 'chili garlic sauce'}, {'quantity': '1', 'unit': 'teaspoon', 'ingredient': 'honey'}]",30 mins,4
https://www.allrecipes.com/chipotle-bacon-deviled-eggs-recipe-11681684,Chipotle Bacon Deviled Eggs,"[{'quantity': '6', 'unit': 'large', 'ingredient': 'hard-boiled eggs'}, {'quantity': '2', 'unit': 'slices', 'ingredient': 'bacon'}, {'quantity': '3', 'unit': 'tablespoons', 'ingredient': 'mayonnaise'}, {'quantity': '1', 'unit': 'tablespoon', 'ingredient': 'n'}, {'quantity': '1/4', 'unit': 'teaspoon', 'ingredient': 'dry mustard'}, {'quantity': '1/4', 'unit': 'teaspoon', 'ingredient': 'garlic powder'}, {'quantity': None, 'unit': None, 'ingredient': 'salt and freshly ground black pepper to taste'}, {'quantity': '1/2', 'unit': 'teaspoon', 'ingredient': 'chipotle powder'}]",20 mins,12
https://www.allrecipes.com/lavash-pizza-recipe-11681521,Lavash Pizza,"[{'quantity': '1', 'unit': 'package', 'ingredient': 'lavash flatbread'}, {'quantity': '1/2', 'unit': 'cup', 'ingredient': 'pizza sauce'}, {'quantity': '8', 'unit': 'ounces', 'ingredient': 'mozzarella cheese, shredded'}, {'quantity': '2', 'unit': 'ounces', 'ingredient': ''}]",30 mins,4
https://www.allrecipes.com/gallery/angel-food-cake-desserts/,20 Desserts With Store-Bought Angel Food Cake,[],,
https://www.allrecipes.com/pizza-poppers-recipe-11681552,Pizza Poppers,"[{'quantity': '1', 'unit': 'cup', 'ingredient': 'shredded mozzarella cheese'}, {'quantity': '1/3', 'unit': 'cup', 'ingredient': 'cooked and crumbled bulk Italian sausage'}, {'quantity': '1/3', 'unit': 'cup', 'ingredient': 'pepperoni'}, {'quantity': '1', 'unit': 'pound', 'ingredient': 'pizza dough'}, {'quantity': '1 1/4', 'unit': 'cups', 'ingredient': 'pizza sauce'}, {'quantity': '2', 'unit': 'tablespoons', 'ingredient': 'vegetable oil,'}, {'quantity': '1/2', 'unit': 'teaspoon', 'ingredient': 'dried basil,'}, {'quantity': '1/2', 'unit': 'teaspoon', 'ingredient': 'dried oregano,'}, {'quantity': '1/4', 'unit': 'teaspoon', 'ingredient': 'garlic powder,'}, {'quantity': '1/4', 'unit': 'cup', 'ingredient': 'grated Parmesan cheese,'}]",35 mins,6
https://www.allrecipes.com/recipe/8252/chocolate-angel-food-cake-i/,Chocolate Angel Food Cake I,"[{'quantity': '2', 'unit': 'cups', 'ingredient': 'egg whites'}, {'quantity': '¼', 'unit': 'teaspoon', 'ingredient': 'salt'}, {'quantity': '1 ¼', 'unit': 'teaspoons', 'ingredient': 'cream of tartar'}, {'quantity': '1 ¼', 'unit': 'cups', 'ingredient': 'white sugar'}, {'quantity': '1 ¼', 'unit': 'cups', 'ingredient': ""confectioners' sugar""}, {'quantity': '1 ¼', 'unit': 'cups', 'ingredient': 'cake flour'}, {'quantity': '¼', 'unit': 'cup', 'ingredient': 'unsweetened cocoa powder'}, {'quantity': '1 ¼', 'unit': 'teaspoons', 'ingredient': 'vanilla extract'}]",1 hr 30 mins,14
https://www.allrecipes.com/recipe/25981/cherry-angel-food-cake/,Cherry Angel Food Cake,"[{'quantity': '1', 'unit': 'cup', 'ingredient': 'cake flour'}, {'quantity': '1', 'unit': 'cup', 'ingredient': 'egg whites'}, {'quantity': '1', 'unit': 'teaspoon', 'ingredient': 'cream of tartar'}, {'quantity': '¼', 'unit': 'teaspoon', 'ingredient': 'salt'}, {'quantity': '1 ¼', 'unit': 'cups', 'ingredient': 'white sugar'}, {'quantity': '¾', 'unit': 'teaspoon', 'ingredient': 'vanilla extract'}, {'quantity': '¼', 'unit': 'teaspoon', 'ingredient': 'almond extract'}, {'quantity': '⅓', 'unit': 'cup', 'ingredient': 'maraschino cherries, drained and sliced'}]",1 hr 30 mins,12
https://www.allrecipes.com/recipe/72998/high-altitude-angel-food-cake/,High-Altitude Angel Food Cake,"[{'quantity': '1 ⅓', 'unit': 'cups', 'ingredient': 'sifted cake flour'}, {'quantity': '1 ⅛', 'unit': 'cups', 'ingredient': 'white sugar'}, {'quantity': '1 ½', 'unit': 'cups', 'ingredient': 'egg whites'}, {'quantity': '1 ¼', 'unit': 'teaspoons', 'ingredient': 'cream of tartar'}, {'quantity': '¾', 'unit': 'teaspoon', 'ingredient': 'salt'}, {'quantity': '1', 'unit': 'teaspoon', 'ingredient': 'vanilla extract'}, {'quantity': '½', 'unit': 'teaspoon', 'ingredient': 'lemon extract'}]",38 mins,8
https://www.allrecipes.com/recipe/15432/angel-food-cake-iii/,Angel Food Cake,"[{'quantity': '1', 'unit': 'cup', 'ingredient': 'cake flour'}, {'quantity': '1 ½', 'unit': 'cups', 'ingredient': 'white sugar, divided'}, {'quantity': '12', 'unit': '', 'ingredient': 'egg whites'}, {'quantity': '1 ½', 'unit': 'teaspoons', 'ingredient': 'vanilla extract'}, {'quantity': '1 ½', 'unit': 'teaspoons', 'ingredient': 'cream of tartar'}, {'quantity': '½', 'unit': 'teaspoon', 'ingredient': 'salt'}]",1 hr 10 mins,14
https://www.allrecipes.com/recipe/7868/mock-angel-food-cake/,Mock Angel Food Cake,"[{'quantity': '4 ½', 'unit': 'cups', 'ingredient': 'cake flour'}, {'quantity': '4', 'unit': 'cups', 'ingredient': 'white sugar'}, {'quantity': '2', 'unit': 'teaspoons', 'ingredient': 'salt'}, {'quantity': '2', 'unit': 'cups', 'ingredient': 'boiling water'}, {'quantity': '16', 'unit': None, 'ingredient': 'egg whites'}, {'quantity': '2', 'unit': 'tablespoons', 'ingredient': 'baking powder'}, {'quantity': '2', 'unit': 'teaspoons', 'ingredient': 'cream of tartar'}, {'quantity': '2', 'unit': 'teaspoons', 'ingredient': 'vanilla extract'}, {'quantity': '1', 'unit': 'teaspoon', 'ingredient': 'almond extract'}]",55 mins,10
https://www.allrecipes.com/recipe/283630/2-ingredient-pineapple-angel-food-cake/,2-Ingredient Pineapple Angel Food Cake,"[{'quantity': '1', 'unit': '(20 ounce) can', 'ingredient': 'crushed pineapple, in juice'}, {'quantity': '1', 'unit': '(16 ounce) package', 'ingredient': 'angel food cake mix'}]",2 hrs 50 mins,12
https://www.allrecipes.com/article/2-ingredient-cake-makes-cheap-and-easy-dessert/,This 2-Ingredient Cake Is the Best Base for a Budget-Friendly Dessert,[],,
https://www.allrecipes.com/recipe/244321/heavenly-raspberry-dessert/,Heavenly Raspberry Dessert,"[{'quantity': '1', 'unit': '(9 inch)', 'ingredient': 'angel food cake'}, {'quantity': '2', 'unit': '(3 ounce) packages', 'ingredient': 'raspberry-flavored gelatin mix (such as Jell-O®)'}, {'quantity': '1 ¼', 'unit': 'cups', 'ingredient': 'boiling water'}, {'quantity': '1', 'unit': '(15 ounce) package', 'ingredient': 'frozen raspberries in syrup, thawed and undrained'}, {'quantity': '1', 'unit': 'pint', 'ingredient': 'heavy whipping cream'}]",2 hrs 30 mins,10
https://www.allrecipes.com/recipe/285354/gluten-free-angel-food-cake/,Gluten-Free Angel Food Cake,"[{'quantity': '1', 'unit': 'cup', 'ingredient': 'white rice flour'}, {'quantity': '½', 'unit': 'cup', 'ingredient': 'powdered sugar'}, {'quantity': '¼', 'unit': 'teaspoon', 'ingredient': 'xanthan gum'}, {'quantity': '18', 'unit': 'large', 'ingredient': 'egg whites'}, {'quantity': '2', 'unit': 'teaspoons', 'ingredient': 'cream of tartar'}, {'quantity': '1', 'unit': 'pinch', 'ingredient': 'salt'}, {'quantity': '1 ½', 'unit': 'cups', 'ingredient': 'white sugar'}, {'quantity': '1', 'unit': 'teaspoon', 'ingredient': 'pure vanilla extract'}]",2 hrs 20 mins,10
https://www.allrecipes.com/recipe/283629/microwave-mini-angel-food-cake/,Microwave Mini Angel Food Cake,"[{'quantity': '3', 'unit': 'tablespoons', 'ingredient': 'angel food cake mix'}, {'quantity': '2', 'unit': 'teaspoons', 'ingredient': 'water'}, {'quantity': '1', 'unit': 'teaspoon', 'ingredient': 'vanilla extract'}]",5 mins,1
https://www.allrecipes.com/recipe/8428/homemade-angel-food-cake/,Homemade Angel Food Cake,"[{'quantity': '18', 'unit': '', 'ingredient': 'egg whites'}, {'quantity': '2', 'unit': 'teaspoons', 'ingredient': 'cream of tartar'}, {'quantity': '1', 'unit': 'pinch', 'ingredient': 'salt'}, {'quantity': '1 ½', 'unit': 'cups', 'ingredient': 'white sugar'}, {'quantity': '1', 'unit': 'cup', 'ingredient': 'cake flour'}, {'quantity': '½', 'unit': 'cup', 'ingredient': ""confectioners' sugar""}, {'quantity': '1', 'unit': 'teaspoon', 'ingredient': 'vanilla extract'}]",,14
https://www.allrecipes.com/recipe/23733/chocolate-angel-food-cake-ii/,Chocolate Angel Food Cake II,"[{'quantity': '¾', 'unit': 'cup', 'ingredient': 'cake flour'}, {'quantity': '¼', 'unit': 'cup', 'ingredient': 'unsweetened cocoa powder'}, {'quantity': '1 ½', 'unit': 'cups', 'ingredient': 'white sugar'}, {'quantity': '3', 'unit': '(1 ounce) squares', 'ingredient': 'semisweet chocolate, grated'}, {'quantity': '12', 'unit': '', 'ingredient': 'egg whites'}, {'quantity': '1', 'unit': 'teaspoon', 'ingredient': 'cream of tartar'}, {'quantity': '¼', 'unit': 'teaspoon', 'ingredient': 'salt'}, {'quantity': '¼', 'unit': 'teaspoon', 'ingredient': 'vanilla extract'}, {'quantity': '1 ½', 'unit': 'teaspoons', 'ingredient': 'lemon juice'}, {'quantity': '', 'unit': '', 'ingredient': ""confectioners' sugar for dusting""}]",1 hr 30 mins,10
https://www.allrecipes.com/recipe/261545/toasted-angel-food-cake-with-strawberries/,Toasted Angel Food Cake with Strawberries,"[{'quantity': '1 ¾', 'unit': 'cups', 'ingredient': 'white sugar'}, {'quantity': '1', 'unit': 'cup', 'ingredient': 'cake flour'}, {'quantity': '¼', 'unit': 'teaspoon', 'ingredient': 'salt'}, {'quantity': '12', 'unit': '', 'ingredient': 'egg whites, at room temperature'}, {'quantity': '⅓', 'unit': 'cup', 'ingredient': 'water'}, {'quantity': '1 ½', 'unit': 'teaspoons', 'ingredient': 'cream of tartar'}, {'quantity': '1', 'unit': 'teaspoon', 'ingredient': 'lemon extract'}, {'quantity': '1 ½', 'unit': '(8 ounce) packages', 'ingredient': 'cream cheese, softened'}, {'quantity': '¼', 'unit': 'cup', 'ingredient': 'butter, softened'}, {'quantity': '¼', 'unit': 'cup', 'ingredient': 'fresh lemon juice'}, {'quantity': '1', 'unit': '(16 ounce) package', 'ingredient': ""confectioners' sugar, divided""}, {'quantity': '2', 'unit': 'teaspoons', 'ingredient': 'lemon zest'}, {'quantity': '¾', 'unit': 'cup', 'ingredient': 'sliced fresh strawberries'}, {'quantity': '¾', 'unit': 'cup', 'ingredient': 'fresh blueberries'}, {'quantity': '¾', 'unit': 'cup', 'ingredient': 'fresh blackberries'}, {'quantity': '¾', 'unit': 'cup', 'ingredient': 'fresh raspberries'}, {'quantity': '2', 'unit': 'tablespoons', 'ingredient': 'white sugar'}, {'quantity': '6', 'unit': '', 'ingredient': 'fresh strawberries with leaves'}, {'quantity': '12', 'unit': '', 'ingredient': 'black sugar pearls (such as Wilton® sprinkles)'}, {'quantity': '1', 'unit': 'teaspoon', 'ingredient': 'stiff white decorator icing (such Wilton® Bright White), or as needed'}, {'quantity': '2', 'unit': 'tablespoons', 'ingredient': 'butter, softened'}]",1 hr 35 mins,12
https://www.allrecipes.com/recipe/7751/angel-food-cake-ii/,Angel Food Cake II,"[{'quantity': '1', 'unit': 'cup', 'ingredient': 'sifted cake flour'}, {'quantity': '¾', 'unit': 'cup', 'ingredient': ""confectioners' sugar""}, {'quantity': '1 ½', 'unit': 'cups', 'ingredient': 'egg whites'}, {'quantity': '¼', 'unit': 'teaspoon', 'ingredient': 'salt'}, {'quantity': '1 ½', 'unit': 'teaspoons', 'ingredient': 'cream of tartar'}, {'quantity': '1', 'unit': 'teaspoon', 'ingredient': 'vanilla extract'}, {'quantity': '¼', 'unit': 'teaspoon', 'ingredient': 'almond extract'}, {'quantity': '1', 'unit': 'cup', 'ingredient': 'white sugar'}, {'quantity': '2', 'unit': 'cups', 'ingredient': ""confectioners' sugar""}, {'quantity': '¼', 'unit': 'cup', 'ingredient': 'butter, softened'}, {'quantity': '3', 'unit': 'tablespoons', 'ingredient': 'cream'}, {'quantity': '1', 'unit': 'teaspoon', 'ingredient': 'vanilla extract'}]",1 hr 30 mins,14
https://www.allrecipes.com/recipe/242013/honey-angel-food-cake/,Honey Angel Food Cake,"[{'quantity': '1 ½', 'unit': 'cups', 'ingredient': 'egg whites'}, {'quantity': '½', 'unit': 'teaspoon', 'ingredient': 'salt'}, {'quantity': '1 ¾', 'unit': 'teaspoons', 'ingredient': 'cream of tartar'}, {'quantity': '½', 'unit': 'cup', 'ingredient': 'honey'}, {'quantity': '1', 'unit': 'cup', 'ingredient': 'sifted cake flour'}, {'quantity': '1', 'unit': 'cup', 'ingredient': 'white sugar'}, {'quantity': '1', 'unit': 'teaspoon', 'ingredient': 'vanilla extract'}]",2 hrs 45 mins,12
https://www.allrecipes.com/recipe/7324/angel-food-cake-i/,Syd's Angel Food Cake,"[{'quantity': '1 ½', 'unit': 'cups', 'ingredient': 'egg whites'}, {'quantity': '1', 'unit': 'teaspoon', 'ingredient': 'cream of tartar'}, {'quantity': '½', 'unit': 'teaspoon', 'ingredient': 'vanilla extract'}, {'quantity': '½', 'unit': 'teaspoon', 'ingredient': 'almond extract'}, {'quantity': '1 ¼', 'unit': 'cups', 'ingredient': 'cake flour'}, {'quantity': '1 ¾', 'unit': 'cups', 'ingredient': 'white sugar'}, {'quantity': '¼', 'unit': 'teaspoon', 'ingredient': 'salt'}]",1 hr 20 mins,16
https://www.allrecipes.com/recipe/7884/two-part-angel-cake/,Two Part Angel Cake,"[{'quantity': '6', 'unit': '', 'ingredient': 'egg whites'}, {'quantity': '½', 'unit': 'teaspoon', 'ingredient': 'cream of tartar'}, {'quantity': '¼', 'unit': 'teaspoon', 'ingredient': 'salt'}, {'quantity': '¾', 'unit': 'cup', 'ingredient': 'white sugar'}, {'quantity': '½', 'unit': 'cup', 'ingredient': 'all-purpose flour'}, {'quantity': '½', 'unit': 'teaspoon', 'ingredient': 'vanilla extract'}, {'quantity': '6', 'unit': '', 'ingredient': 'egg yolks'}, {'quantity': '¾', 'unit': 'cup', 'ingredient': 'white sugar'}, {'quantity': '¼', 'unit': 'teaspoon', 'ingredient': 'salt'}, {'quantity': '¾', 'unit': 'cup', 'ingredient': 'all-purpose flour'}, {'quantity': '¼', 'unit': 'cup', 'ingredient': 'boiling water'}, {'quantity': '¾', 'unit': 'teaspoon', 'ingredient': 'baking powder'}, {'quantity': '1', 'unit': 'teaspoon', 'ingredient': 'vanilla extract'}]",,14
https://www.allrecipes.com/recipe/247268/eggplant-caponata-sicilian-version/,Sicilian Eggplant Caponata,"[{'quantity': '1', 'unit': None, 'ingredient': 'eggplant, peeled and cut into ½-inch cubes'}, {'quantity': '', 'unit': '', 'ingredient': 'salt to taste'}, {'quantity': '¼', 'unit': 'cup', 'ingredient': 'olive oil, divided'}, {'quantity': '1', 'unit': 'cup', 'ingredient': 'finely chopped celery'}, {'quantity': '1', 'unit': 'medium', 'ingredient': 'onion, finely chopped'}, {'quantity': '1', 'unit': 'clove', 'ingredient': 'garlic, minced'}, {'quantity': '1 ½', 'unit': 'cups', 'ingredient': 'canned plum tomatoes, drained and coarsely chopped'}, {'quantity': '12', 'unit': '', 'ingredient': 'green olives, pitted and coarsely chopped'}, {'quantity': '1 ½', 'unit': 'tablespoons', 'ingredient': 'drained capers'}, {'quantity': '1', 'unit': 'tablespoon', 'ingredient': 'tomato paste'}, {'quantity': '1', 'unit': 'teaspoon', 'ingredient': 'freshly minced oregano'}, {'quantity': '2', 'unit': 'tablespoons', 'ingredient': 'red wine vinegar'}, {'quantity': '2', 'unit': 'teaspoons', 'ingredient': 'white sugar'}, {'quantity': '1', 'unit': 'teaspoon', 'ingredient': 'salt'}, {'quantity': '', 'unit': '', 'ingredient': 'ground black pepper to taste'}, {'quantity': '2', 'unit': 'teaspoons', 'ingredient': 'minced fresh parsley, or to taste'}]",1 hr 30 mins,16
https://www.allrecipes.com/recipe/106695/prosciutto-e-melone-italian-ham-and-melon/,Prosciutto e Melone (Italian Ham and Melon),"[{'quantity': '1', 'unit': '', 'ingredient': 'cantaloupe - seeded and cut into 8 wedges'}, {'quantity': '8', 'unit': 'thin slices', 'ingredient': 'prosciutto'}]",10 mins,4
https://www.allrecipes.com/recipe/212896/caprese-appetizer/,Best Caprese Skewers,"[{'quantity': '20', 'unit': '', 'ingredient': 'grape tomatoes'}, {'quantity': '10', 'unit': 'ounces', 'ingredient': 'mozzarella cheese, cubed'}, {'quantity': '2', 'unit': 'tablespoons', 'ingredient': 'extra virgin olive oil'}, {'quantity': '2', 'unit': 'tablespoons', 'ingredient': 'fresh basil leaves, chopped'}, {'quantity': '1', 'unit': 'pinch', 'ingredient': 'salt'}, {'quantity': '1', 'unit': 'pinch', 'ingredient': 'ground black pepper'}, {'quantity': '20', 'unit': '', 'ingredient': 'toothpicks'}]",15 mins,10
https://www.allrecipes.com/recipe/278615/air-fryer-arancini/,Air Fryer Arancini,"[{'quantity': '3', 'unit': 'large', 'ingredient': 'eggs, divided'}, {'quantity': '2 ½', 'unit': 'cups', 'ingredient': 'cooked rice'}, {'quantity': '⅔', 'unit': 'cup', 'ingredient': 'grated Parmesan cheese'}, {'quantity': '⅓', 'unit': 'cup', 'ingredient': 'butter, melted'}, {'quantity': '', 'unit': '', 'ingredient': '1/2 teaspoon Highlands Italian cheese sprinkle (optional)'}, {'quantity': '½', 'unit': 'teaspoon', 'ingredient': 'salt'}, {'quantity': '¼', 'unit': 'teaspoon', 'ingredient': 'ground black pepper'}, {'quantity': '2', 'unit': 'ounces', 'ingredient': 'fresh mozzarella cheese, cubed'}, {'quantity': '1', 'unit': 'cup', 'ingredient': 'panko bread crumbs'}, {'quantity': '½', 'unit': 'teaspoon', 'ingredient': 'Italian seasoning'}, {'quantity': '1', 'unit': 'pinch', 'ingredient': 'salt'}, {'quantity': '1', 'unit': 'pinch', 'ingredient': 'ground black pepper'}, {'quantity': '', 'unit': '', 'ingredient': 'nonstick cooking spray'}]",50 mins,5
https://www.allrecipes.com/antipasti-garlic-bread-recipe-8716000,Antipasti Garlic Bread,"[{'quantity': '1', 'unit': None, 'ingredient': 'French baguette'}, {'quantity': '2 to 3', 'unit': None, 'ingredient': 'garlic cloves, peeled'}, {'quantity': '1', 'unit': 'pinch', 'ingredient': 'salt'}, {'quantity': '1/2', 'unit': 'cup', 'ingredient': 'unsalted butter'}, {'quantity': '8', 'unit': 'ounces', 'ingredient': 'mozzarella cheese'}, {'quantity': '1', 'unit': 'cup', 'ingredient': 'cherry tomatoes,'}, {'quantity': '1', 'unit': '(4 ounce) package', 'ingredient': 'prosciutto'}, {'quantity': '2 to 3', 'unit': None, 'ingredient': 'basil leaves'}]",25 mins,8
https://www.allrecipes.com/recipe/53144/cherry-pepper-poppers/,Cherry Pepper Poppers,"[{'quantity': '1', 'unit': 'cup', 'ingredient': 'extra virgin olive oil'}, {'quantity': '12', 'unit': '', 'ingredient': 'fresh cherry peppers'}, {'quantity': '6', 'unit': 'ounces', 'ingredient': 'sharp provolone cheese, cubed'}, {'quantity': '6', 'unit': 'ounces', 'ingredient': 'prosciutto, thinly sliced'}, {'quantity': '1', 'unit': 'teaspoon', 'ingredient': 'salt'}]",1 hr 25 mins,12
https://www.allrecipes.com/recipe/104806/tomato-and-mozzarella-bites/,Tomato and Mozzarella Bites,"[{'quantity': '20', 'unit': '', 'ingredient': 'toothpicks'}, {'quantity': '20', 'unit': '', 'ingredient': 'grape or cherry tomatoes, halved'}, {'quantity': '20', 'unit': '', 'ingredient': 'fresh basil leaves'}, {'quantity': '20', 'unit': '', 'ingredient': 'small balls fresh mozzarella cheese (often labeled bocconcini)'}, {'quantity': '', 'unit': '', 'ingredient': 'salt and pepper to taste'}, {'quantity': '½', 'unit': 'cup', 'ingredient': 'balsamic vinegar'}, {'quantity': '¼', 'unit': 'cup', 'ingredient': 'extra virgin olive oil'}]",30 mins,10
https://www.allrecipes.com/recipe/57808/antipasto-squares/,Antipasto Squares,"[{'quantity': '2', 'unit': '(10 ounce) cans', 'ingredient': 'refrigerated crescent dinner rolls'}, {'quantity': '¼', 'unit': 'pound', 'ingredient': 'thinly sliced boiled ham'}, {'quantity': '¼', 'unit': 'pound', 'ingredient': 'thinly sliced provolone cheese'}, {'quantity': '¼', 'unit': 'pound', 'ingredient': 'thinly sliced Swiss cheese'}, {'quantity': '¼', 'unit': 'pound', 'ingredient': 'thinly sliced Genoa salami'}, {'quantity': '¼', 'unit': 'pound', 'ingredient': 'thinly sliced pepperoni sausage'}, {'quantity': '1', 'unit': '(12 ounce) jar', 'ingredient': 'roasted red peppers, drained, cut into thin strips'}, {'quantity': '3', 'unit': '', 'ingredient': 'eggs'}, {'quantity': '3', 'unit': 'tablespoons', 'ingredient': 'grated Parmesan cheese'}, {'quantity': '½', 'unit': 'teaspoon', 'ingredient': 'ground black pepper'}]",1 hr,10
https://www.allrecipes.com/recipe/23401/antipasto/,Antipasto,"[{'quantity': '4', 'unit': 'cups', 'ingredient': 'chopped cauliflower'}, {'quantity': '4', 'unit': 'cups', 'ingredient': 'pearl onions'}, {'quantity': '2', 'unit': 'cups', 'ingredient': 'chopped red bell peppers'}, {'quantity': '2', 'unit': 'cups', 'ingredient': 'chopped green bell peppers'}, {'quantity': '2', 'unit': 'cups', 'ingredient': 'chopped celery'}, {'quantity': '2', 'unit': '', 'ingredient': 'cucumbers - peeled, seeded and chopped'}, {'quantity': '2', 'unit': 'cups', 'ingredient': 'carrots, chopped'}, {'quantity': '2', 'unit': 'cups', 'ingredient': 'vegetable oil'}, {'quantity': '2', 'unit': 'cups', 'ingredient': 'distilled white vinegar'}, {'quantity': '1', 'unit': '(6 ounce) can', 'ingredient': 'tomato paste'}, {'quantity': '1', 'unit': 'tablespoon', 'ingredient': 'pickling spice, wrapped in cheesecloth'}, {'quantity': '1', 'unit': 'cup', 'ingredient': 'black olives'}, {'quantity': '1', 'unit': 'cup', 'ingredient': 'pitted green olives'}, {'quantity': '4', 'unit': 'cups', 'ingredient': 'canned mushrooms'}, {'quantity': '1 ½', 'unit': '(5 ounce) cans', 'ingredient': 'tuna, drained and flaked'}]",9 hrs 30 mins,56
https://www.allrecipes.com/recipe/234616/fried-stuffed-squash-blossoms/,Fried Stuffed Squash Blossoms,"[{'quantity': '12', 'unit': '', 'ingredient': 'fresh zucchini blossoms'}, {'quantity': '¾', 'unit': 'cup', 'ingredient': 'soft goat cheese at room temperature'}, {'quantity': '¼', 'unit': 'cup', 'ingredient': 'shredded Gruyère cheese'}, {'quantity': '1', 'unit': 'large', 'ingredient': 'egg yolk'}, {'quantity': '1', 'unit': 'pinch', 'ingredient': 'freshly ground black pepper, or to taste'}, {'quantity': '1', 'unit': 'pinch', 'ingredient': 'cayenne pepper'}, {'quantity': '1', 'unit': 'cup', 'ingredient': 'self-rising flour'}, {'quantity': '½', 'unit': 'cup', 'ingredient': 'cornstarch'}, {'quantity': '¼', 'unit': 'cup', 'ingredient': 'ice-cold water, or as needed'}, {'quantity': '2', 'unit': 'cups', 'ingredient': 'vegetable oil for frying, or as needed'}, {'quantity': '1', 'unit': 'teaspoon', 'ingredient': 'all-purpose flour, or as needed'}]",1 hr,12
https://www.allrecipes.com/recipe/213849/caprese-on-a-stick/,Caprese on a Stick,"[{'quantity': '1', 'unit': 'pint', 'ingredient': 'cherry tomatoes, halved'}, {'quantity': '1', 'unit': '(.6 ounce) package', 'ingredient': 'fresh basil leaves'}, {'quantity': '1', 'unit': '(16 ounce) package', 'ingredient': 'small fresh mozzarella balls'}, {'quantity': '', 'unit': '', 'ingredient': 'toothpicks'}, {'quantity': '3', 'unit': 'tablespoons', 'ingredient': 'olive oil'}, {'quantity': '', 'unit': '', 'ingredient': 'salt and pepper to taste'}]",15 mins,8
https://www.allrecipes.com/recipe/223453/italian-tuna-spread/,Italian Tuna Spread,"[{'quantity': '3', 'unit': '(4.5 ounce) cans', 'ingredient': 'tuna packed in olive oil, drained'}, {'quantity': '½', 'unit': 'cup', 'ingredient': 'unsalted butter at room temperature'}, {'quantity': '3', 'unit': 'tablespoons', 'ingredient': 'capers, drained'}, {'quantity': '1', 'unit': 'tablespoon', 'ingredient': 'chopped Italian flat-leaf parsley'}, {'quantity': '1', 'unit': 'teaspoon', 'ingredient': 'lemon juice (Optional)'}, {'quantity': None, 'unit': None, 'ingredient': 'salt and ground black pepper to taste'}]",15 mins,8
https://www.allrecipes.com/recipe/266150/marinated-mushrooms-for-antipasto/,Marinated Mushrooms for Antipasto,"[{'quantity': '1', 'unit': 'pound', 'ingredient': 'small mushrooms, stemmed'}, {'quantity': '4', 'unit': 'tablespoons', 'ingredient': 'extra-virgin olive oil'}, {'quantity': '3', 'unit': 'tablespoons', 'ingredient': 'white wine vinegar'}, {'quantity': '½', 'unit': '', 'ingredient': 'red onion, finely chopped'}, {'quantity': '2', 'unit': 'tablespoons', 'ingredient': 'finely chopped fresh oregano'}, {'quantity': '2', 'unit': 'tablespoons', 'ingredient': 'finely chopped fresh thyme'}, {'quantity': '2', 'unit': 'cloves', 'ingredient': 'garlic cloves, pressed'}, {'quantity': '½', 'unit': 'teaspoon', 'ingredient': 'salt'}, {'quantity': '½', 'unit': 'teaspoon', 'ingredient': 'freshly ground black pepper'}]",5 hrs 25 mins,8
https://www.allrecipes.com/recipe/244601/grilled-prosciutto-wrapped-peaches-with-burrata-and-basil/,Grilled Prosciutto-Wrapped Peaches with Burrata and Basil,"[{'quantity': '2', 'unit': '', 'ingredient': 'ripe, sweet (but not soft) freestone peaches'}, {'quantity': '3', 'unit': 'thin slices', 'ingredient': 'prosciutto, or more as needed, torn into ribbons'}, {'quantity': '8', 'unit': 'small', 'ingredient': 'bamboo skewers, soaked in water 20 minutes'}, {'quantity': '6', 'unit': 'ounces', 'ingredient': 'burrata cheese'}, {'quantity': '1', 'unit': 'tablespoon', 'ingredient': 'extra virgin olive oil, for drizzling'}, {'quantity': '', 'unit': '', 'ingredient': 'Coarse sea salt to taste'}, {'quantity': '', 'unit': '', 'ingredient': 'Freshly ground black pepper, to taste'}, {'quantity': '1', 'unit': 'tablespoon', 'ingredient': 'finely sliced fresh basil leaves'}]",22 mins,4
https://www.allrecipes.com/recipe/254419/watermelon-caprese-appetizer/,Watermelon Caprese Appetizer,"[{'quantity': '3', 'unit': 'sprigs', 'ingredient': 'fresh basil, stems removed'}, {'quantity': '1', 'unit': 'small', 'ingredient': 'watermelon, fruit removed with a melon baller'}, {'quantity': '1', 'unit': '(8 ounce) package', 'ingredient': 'fresh mozzarella cheese, cut into small pieces'}, {'quantity': '2', 'unit': 'tablespoons', 'ingredient': 'olive oil'}, {'quantity': '2', 'unit': 'tablespoons', 'ingredient': 'balsamic vinegar'}, {'quantity': '', 'unit': '', 'ingredient': 'salt and ground black pepper to taste'}]",30 mins,4
https://www.allrecipes.com/recipe/26694/antipasto-platter/,Antipasto Platter,"[{'quantity': '2', 'unit': 'heads', 'ingredient': 'iceberg lettuce'}, {'quantity': '1', 'unit': 'tablespoon', 'ingredient': 'garlic powder'}, {'quantity': '1', 'unit': 'tablespoon', 'ingredient': 'dried oregano'}, {'quantity': '1', 'unit': '(8 ounce) bottle', 'ingredient': 'Italian-style salad dressing'}, {'quantity': '1', 'unit': 'pound', 'ingredient': 'thinly sliced cooked ham'}, {'quantity': '2 ½', 'unit': 'pounds', 'ingredient': 'sliced provolone cheese'}, {'quantity': '½', 'unit': 'pound', 'ingredient': 'Genoa salami, thinly sliced'}, {'quantity': '¼', 'unit': 'pound', 'ingredient': 'Capacola sausage, sliced'}, {'quantity': '¼', 'unit': 'pound', 'ingredient': 'pepperoni sausage, sliced'}, {'quantity': '¼', 'unit': 'pound', 'ingredient': 'prosciutto, thinly sliced'}, {'quantity': '¼', 'unit': 'pound', 'ingredient': 'thinly sliced roast beef'}, {'quantity': '1', 'unit': 'cup', 'ingredient': 'fresh mushrooms'}, {'quantity': '1', 'unit': '(6 ounce) can', 'ingredient': 'marinated artichoke hearts'}, {'quantity': '1', 'unit': '(7 ounce) jar', 'ingredient': 'roasted red peppers'}, {'quantity': '1', 'unit': '(6 ounce) can', 'ingredient': 'sliced black olives'}, {'quantity': '¾', 'unit': 'cup', 'ingredient': 'sliced pepperoncini peppers'}, {'quantity': '1', 'unit': '(5 ounce) jar', 'ingredient': 'sliced pimento-stuffed green olives'}, {'quantity': '½', 'unit': 'cup', 'ingredient': 'crumbled Gorgonzola cheese'}, {'quantity': '½', 'unit': 'pound', 'ingredient': 'mozzarella cheese, sliced'}, {'quantity': '¼', 'unit': 'cup', 'ingredient': 'grated Parmesan cheese'}]",45 mins,20
https://www.allrecipes.com/recipe/273527/caprese-skewers/,Caprese Skewers,"[{'quantity': '1', 'unit': '(8 ounce) container', 'ingredient': 'small fresh mozzarella balls'}, {'quantity': '1', 'unit': '(4 ounce) package', 'ingredient': 'fresh basil leaves'}, {'quantity': '1', 'unit': '(10.5 ounce) container', 'ingredient': 'cherry tomatoes, halved'}, {'quantity': '24', 'unit': '', 'ingredient': 'small skewers, or as needed'}, {'quantity': '', 'unit': '', 'ingredient': 'salt and ground black pepper to taste'}]",15 mins,24
https://www.allrecipes.com/recipe/247347/tortellini-skewers/,Tortellini Skewers,"[{'quantity': '1', 'unit': '(20 ounce) package', 'ingredient': 'refrigerated tortellini'}, {'quantity': '2', 'unit': 'pints', 'ingredient': 'cherry tomatoes'}, {'quantity': '½', 'unit': 'cup', 'ingredient': 'pesto'}, {'quantity': None, 'unit': None, 'ingredient': 'toothpicks'}]",25 mins,12
https://www.allrecipes.com/recipe/213064/roasted-peppers-in-oil-peperoni-arrostiti-sotto-olio/,Roasted Peppers in Oil (Peperoni Arrostiti Sotto Olio),"[{'quantity': '1', 'unit': '', 'ingredient': 'red bell pepper'}, {'quantity': '1', 'unit': '', 'ingredient': 'yellow bell pepper'}, {'quantity': '1', 'unit': '', 'ingredient': 'orange bell pepper'}, {'quantity': '¾', 'unit': 'cup', 'ingredient': 'extra-virgin olive oil'}, {'quantity': '1', 'unit': 'clove', 'ingredient': 'garlic, minced'}, {'quantity': '5', 'unit': 'leaves', 'ingredient': 'fresh basil leaves, finely sliced'}, {'quantity': '½', 'unit': 'teaspoon', 'ingredient': 'dried oregano'}, {'quantity': '½', 'unit': 'teaspoon', 'ingredient': 'salt'}, {'quantity': '¼', 'unit': 'teaspoon', 'ingredient': 'ground black pepper'}]",30 mins,6
https://www.allrecipes.com/recipe/273496/festive-olive-and-cheese-appetizer/,Festive Olive and Cheese Appetizer,"[{'quantity': '24', 'unit': 'sprigs', 'ingredient': 'fresh rosemary'}, {'quantity': '12', 'unit': 'ounces', 'ingredient': 'marinated mozzarella balls, drained'}, {'quantity': '½', 'unit': 'cup', 'ingredient': 'pitted Castelvetrano olives, rinsed and dried'}, {'quantity': '¼', 'unit': 'cup', 'ingredient': 'pitted Kalamata olives, rinsed and drained'}, {'quantity': '¼', 'unit': 'cup', 'ingredient': 'sugar plum tomatoes'}]",20 mins,6
https://www.allrecipes.com/recipe/259466/easy-caponata/,Easy Caponata,"[{'quantity': '2', 'unit': 'stalks', 'ingredient': 'stalk celery, chopped into 1/4-inch pieces'}, {'quantity': '½', 'unit': 'cup', 'ingredient': 'olive oil'}, {'quantity': '1', 'unit': '', 'ingredient': 'onion, thinly sliced'}, {'quantity': '1', 'unit': 'medium', 'ingredient': 'eggplant, chopped into bite-size pieces'}, {'quantity': '2', 'unit': '', 'ingredient': 'red bell peppers, thinly sliced'}, {'quantity': '2', 'unit': '', 'ingredient': 'zucchini, cubed'}, {'quantity': '1 ¾', 'unit': 'cups', 'ingredient': 'tomato puree (passata)'}, {'quantity': '½', 'unit': 'cup', 'ingredient': 'white vinegar'}, {'quantity': '1', 'unit': 'tablespoon', 'ingredient': 'white sugar'}, {'quantity': '10', 'unit': '', 'ingredient': 'black olives, pitted'}, {'quantity': '2', 'unit': 'tablespoons', 'ingredient': 'raisins'}, {'quantity': '2', 'unit': 'tablespoons', 'ingredient': 'pine nuts'}, {'quantity': '1', 'unit': 'teaspoon', 'ingredient': 'capers'}, {'quantity': '', 'unit': '', 'ingredient': 'salt and ground black pepper to taste'}, {'quantity': '10', 'unit': 'leaves', 'ingredient': 'basil, chopped'}]",56 mins,6
https://www.allrecipes.com/recipe/254228/gluten-free-stuffed-zucchini-blossoms-fior-di-zucca-ripieni/,Gluten-Free Stuffed Zucchini Blossoms (Fior di Zucca Ripieni),"[{'quantity': '1', 'unit': 'cup', 'ingredient': 'shredded fresh mozzarella cheese'}, {'quantity': '3', 'unit': 'tablespoons', 'ingredient': 'grated Parmigiano-Reggiano cheese'}, {'quantity': '10', 'unit': '', 'ingredient': 'zucchini blossoms'}, {'quantity': '7', 'unit': 'tablespoons', 'ingredient': 'rice flour'}, {'quantity': '2', 'unit': '', 'ingredient': 'eggs'}, {'quantity': '¼', 'unit': 'cup', 'ingredient': 'milk'}, {'quantity': '¼', 'unit': 'cup', 'ingredient': 'sparkling water'}, {'quantity': '2', 'unit': 'tablespoons', 'ingredient': 'sweet rice flour'}, {'quantity': None, 'unit': None, 'ingredient': 'salt and ground black pepper to taste'}, {'quantity': '1', 'unit': 'cup', 'ingredient': 'oil for frying'}]",20 mins,5
https://www.allrecipes.com/recipe/223533/roasted-veggie-antipasto/,Roasted Veggie Antipasto,"[{'quantity': '1', 'unit': '', 'ingredient': 'green bell pepper, chopped'}, {'quantity': '1', 'unit': '', 'ingredient': 'red bell pepper, chopped'}, {'quantity': '1', 'unit': '', 'ingredient': 'yellow bell pepper, chopped'}, {'quantity': '1 ½', 'unit': 'cups', 'ingredient': 'fresh green beans, cut into 1/2-inch pieces'}, {'quantity': '1', 'unit': 'large', 'ingredient': 'white onion, finely chopped'}, {'quantity': '12', 'unit': 'cloves', 'ingredient': 'garlic, pressed'}, {'quantity': '1', 'unit': 'head', 'ingredient': 'broccoli, finely chopped'}, {'quantity': '½', 'unit': 'head', 'ingredient': 'cauliflower, finely chopped'}, {'quantity': '2', 'unit': 'stalks', 'ingredient': 'celery, finely chopped'}, {'quantity': '2', 'unit': 'cups', 'ingredient': 'finely chopped fresh mushrooms'}, {'quantity': '¼', 'unit': 'cup', 'ingredient': 'olive oil'}, {'quantity': '2', 'unit': 'cups', 'ingredient': 'ketchup'}, {'quantity': '4', 'unit': '', 'ingredient': 'tomatoes, peeled and chopped'}, {'quantity': '¾', 'unit': 'cup', 'ingredient': 'white vinegar'}, {'quantity': '1', 'unit': 'dash', 'ingredient': 'balsamic vinegar'}, {'quantity': '', 'unit': '', 'ingredient': 'salt and ground black pepper to taste'}, {'quantity': '1', 'unit': '(6 ounce) can', 'ingredient': 'pitted black olives, drained and coarsely chopped'}, {'quantity': '1', 'unit': '(5 ounce) jar', 'ingredient': 'pitted green olives, drained and coarsely chopped'}, {'quantity': '1', 'unit': 'bunch', 'ingredient': 'fresh basil, chopped'}, {'quantity': '12', 'unit': '', 'ingredient': 'half-pint canning jars with lids and rings'}]",9 hrs 55 mins,36
https://www.allrecipes.com/recipe/23949/boniet/,Boniet,"[{'quantity': '2', 'unit': 'bunches', 'ingredient': 'fresh parsley, finely chopped'}, {'quantity': '1', 'unit': '(2 ounce) can', 'ingredient': 'anchovy fillets, chopped'}, {'quantity': '3', 'unit': 'cloves', 'ingredient': 'garlic, minced'}, {'quantity': '1 ½', 'unit': 'tablespoons', 'ingredient': 'tomato paste'}, {'quantity': '4', 'unit': 'tablespoons', 'ingredient': 'distilled white vinegar'}, {'quantity': '½', 'unit': 'cup', 'ingredient': 'extra virgin olive oil'}]",15 mins,8
https://www.allrecipes.com/recipe/280731/marinated-stuffed-cherry-peppers/,Marinated Stuffed Cherry Peppers,"[{'quantity': '10', 'unit': '', 'ingredient': 'cherry peppers'}, {'quantity': '1', 'unit': '(7 ounce) package', 'ingredient': 'mozzarella cheese'}, {'quantity': '5', 'unit': 'slices', 'ingredient': 'prosciutto'}, {'quantity': '2', 'unit': 'cups', 'ingredient': 'olive oil'}, {'quantity': '3', 'unit': 'tablespoons', 'ingredient': 'grated Parmesan cheese'}, {'quantity': '2', 'unit': 'cloves', 'ingredient': 'garlic, minced'}, {'quantity': '1', 'unit': 'teaspoon', 'ingredient': 'chopped fresh oregano'}, {'quantity': '1', 'unit': 'teaspoon', 'ingredient': 'chopped fresh thyme'}, {'quantity': '½', 'unit': 'teaspoon', 'ingredient': 'salt'}, {'quantity': '½', 'unit': 'teaspoon', 'ingredient': 'ground black pepper'}, {'quantity': '½', 'unit': 'teaspoon', 'ingredient': 'red pepper flakes'}]",5 hrs 30 mins,10
https://www.allrecipes.com/recipe/72907/prosciutto-wrapped-melon-balls/,Prosciutto Wrapped Melon Balls,"[{'quantity': '¼', 'unit': 'cup', 'ingredient': 'lime juice'}, {'quantity': '1', 'unit': '', 'ingredient': 'honeydew melon, fruit removed with a melon baller'}, {'quantity': '9', 'unit': 'ounces', 'ingredient': 'thinly sliced prosciutto'}, {'quantity': '36', 'unit': 'sprigs', 'ingredient': 'fresh mint'}]",25 mins,12
https://www.allrecipes.com/recipe/266153/bruschetta-with-peas-and-mint/,Bruschetta with Peas and Mint,"[{'quantity': '1', 'unit': 'tablespoon', 'ingredient': 'butter'}, {'quantity': '4', 'unit': '', 'ingredient': 'shallots, minced'}, {'quantity': '¾', 'unit': 'cup', 'ingredient': 'fresh or frozen peas'}, {'quantity': '', 'unit': '', 'ingredient': 'salt and freshly ground black pepper to taste'}, {'quantity': '2', 'unit': 'tablespoons', 'ingredient': 'chopped fresh mint'}, {'quantity': '6', 'unit': 'slices', 'ingredient': 'ciabatta bread'}, {'quantity': '2', 'unit': 'tablespoons', 'ingredient': 'extra-virgin olive oil, or as needed'}, {'quantity': '1', 'unit': 'clove', 'ingredient': 'garlic, peeled'}]",25 mins,6
https://www.allrecipes.com/recipe/266157/grissini-with-prosciutto/,Grissini with Prosciutto,"[{'quantity': '1', 'unit': '(3 ounce) package', 'ingredient': 'prosciutto'}, {'quantity': '1', 'unit': '(3 ounce) package', 'ingredient': 'Italian breadsticks (grissini)'}]",15 mins,12
https://www.allrecipes.com/recipe/275374/blackberry-basil-skewers/,Blackberry-Basil Skewers,"[{'quantity': '8', 'unit': '(4 inch)', 'ingredient': 'skewers'}, {'quantity': '24', 'unit': 'leaves', 'ingredient': 'fresh basil'}, {'quantity': '8', 'unit': '', 'ingredient': 'blackberries'}, {'quantity': '8', 'unit': '', 'ingredient': 'small fresh mozzarella balls'}, {'quantity': '8', 'unit': '', 'ingredient': 'dried apricots'}, {'quantity': '½', 'unit': 'tablespoon', 'ingredient': 'balsamic glaze, or to taste'}]",10 mins,8
https://www.allrecipes.com/recipe/266148/zucchini-feta-rolls/,Zucchini-Feta Rolls,"[{'quantity': '', 'unit': '', 'ingredient': 'olive oil, divided'}, {'quantity': '5', 'unit': '', 'ingredient': 'zucchinis, thinly sliced lengthwise'}, {'quantity': '1', 'unit': '(4 ounce) package', 'ingredient': 'crumbled feta cheese'}, {'quantity': '3', 'unit': 'cloves', 'ingredient': 'garlic, minced'}, {'quantity': '2', 'unit': 'tablespoons', 'ingredient': 'dried Italian herbs'}, {'quantity': '4', 'unit': 'tablespoons', 'ingredient': 'balsamic vinegar'}]",1 day 40 mins,6
https://www.allrecipes.com/recipe/266156/easy-marinated-feta/,Easy Marinated Feta,"[{'quantity': '1', 'unit': 'pound', 'ingredient': 'feta cheese, cubed'}, {'quantity': '1', 'unit': '', 'ingredient': 'chile pepper'}, {'quantity': '1', 'unit': 'tablespoon', 'ingredient': 'herbes de Provence'}, {'quantity': '1', 'unit': 'pinch', 'ingredient': 'lemon zest'}, {'quantity': '1', 'unit': 'cup', 'ingredient': 'olive oil, or as needed'}]",3 days 10 mins,6
https://www.allrecipes.com/recipe/254694/ruths-eggplant-caponata/,Ruth's Eggplant Caponata,"[{'quantity': '2', 'unit': 'tablespoons', 'ingredient': 'olive oil'}, {'quantity': '1', 'unit': 'pound', 'ingredient': 'Japanese or other small eggplant, cut into 1/2-inch cubes'}, {'quantity': '1', 'unit': '', 'ingredient': 'onion, chopped'}, {'quantity': '3', 'unit': 'cloves', 'ingredient': 'garlic, minced'}, {'quantity': '1', 'unit': 'teaspoon', 'ingredient': 'dried oregano'}, {'quantity': '¼', 'unit': 'teaspoon', 'ingredient': 'ground cinnamon'}, {'quantity': '¼', 'unit': 'teaspoon', 'ingredient': 'ground allspice'}, {'quantity': '½', 'unit': 'teaspoon', 'ingredient': 'salt'}, {'quantity': '½', 'unit': 'teaspoon', 'ingredient': 'black pepper'}, {'quantity': '1', 'unit': '(14.5 ounce) can', 'ingredient': 'fire-roasted diced tomatoes'}, {'quantity': '1', 'unit': 'cup', 'ingredient': 'water'}, {'quantity': '⅓', 'unit': 'cup', 'ingredient': 'dry red wine'}, {'quantity': '1', 'unit': '', 'ingredient': 'bay leaf'}, {'quantity': '2', 'unit': 'tablespoons', 'ingredient': 'white sugar'}, {'quantity': '3', 'unit': 'tablespoons', 'ingredient': 'capers, drained'}, {'quantity': '2', 'unit': 'tablespoons', 'ingredient': 'red wine vinegar'}]",1 hr 10 mins,12
https://www.allrecipes.com/recipe/245129/eggplant-and-tomato-caponata/,Eggplant and Tomato Caponata,"[{'quantity': '1', 'unit': 'tablespoon', 'ingredient': 'olive oil'}, {'quantity': '2', 'unit': '', 'ingredient': 'Japanese eggplant, cut into 1/2-inch cubes'}, {'quantity': '1', 'unit': '', 'ingredient': 'yellow onion, chopped'}, {'quantity': '3', 'unit': 'cloves', 'ingredient': 'garlic, minced'}, {'quantity': '1', 'unit': '(14.5 ounce) can', 'ingredient': ""fire-roasted tomatoes (such as Hunt's®)""}, {'quantity': '⅓', 'unit': 'cup', 'ingredient': 'red wine'}, {'quantity': '1 ½', 'unit': 'tablespoons', 'ingredient': 'capers'}, {'quantity': '2', 'unit': 'teaspoons', 'ingredient': 'dried oregano'}, {'quantity': '1', 'unit': 'teaspoon', 'ingredient': 'ground cinnamon'}, {'quantity': '1', 'unit': 'teaspoon', 'ingredient': 'ground allspice'}, {'quantity': '1', 'unit': 'teaspoon', 'ingredient': 'unsweetened cocoa powder'}, {'quantity': '½', 'unit': 'teaspoon', 'ingredient': 'white sugar'}, {'quantity': '1', 'unit': '', 'ingredient': 'bay leaf'}]",55 mins,12
https://www.allrecipes.com/recipe/273529/marinated-feta/,Marinated Feta,"[{'quantity': '4', 'unit': '', 'ingredient': 'black olives, finely chopped'}, {'quantity': '2', 'unit': '', 'ingredient': 'fresh sage leaves, or more to taste'}, {'quantity': '1', 'unit': 'clove', 'ingredient': 'garlic, crushed'}, {'quantity': '1', 'unit': '', 'ingredient': 'red chile pepper (Optional)'}, {'quantity': '1', 'unit': 'sprig', 'ingredient': 'fresh rosemary, or more to taste'}, {'quantity': '¼', 'unit': '', 'ingredient': 'red bell pepper, finely chopped'}, {'quantity': '1', 'unit': 'tablespoon', 'ingredient': 'toasted sesame-ginger seasoning (such as Victoria Gourmet ®)'}, {'quantity': '1', 'unit': '', 'ingredient': 'small pepperoncini pepper, finely sliced'}, {'quantity': '½', 'unit': 'tablespoon', 'ingredient': 'chopped fresh oregano'}, {'quantity': '14', 'unit': 'ounces', 'ingredient': 'feta cheese, cubed'}, {'quantity': '½', 'unit': 'cup', 'ingredient': 'olive oil'}]",15 mins,6
https://www.allrecipes.com/article/fratelli-beretta-possible-source-salmonella-outbreak-italian-meats/,CDC Identifies Possible Source of Salmonella Outbreak Tied to Italian Meats,[],,
https://www.allrecipes.com/recipe/273956/cherry-tomato-bites/,Cherry Tomato Bites,"[{'quantity': '18', 'unit': '', 'ingredient': 'cherry tomatoes'}, {'quantity': '½', 'unit': 'cup', 'ingredient': 'creamy salad dressing (such as Miracle Whip®)'}, {'quantity': '1', 'unit': '(3 ounce) can', 'ingredient': 'bacon bits (such as Hormel®)'}, {'quantity': '⅓', 'unit': 'cup', 'ingredient': 'chopped green onions'}, {'quantity': '3', 'unit': 'tablespoons', 'ingredient': 'grated Parmesan cheese (such as Sargento®)'}, {'quantity': '2', 'unit': 'tablespoons', 'ingredient': 'chopped fresh parsley (Optional)'}]",20 mins,9
https://www.allrecipes.com/pickle-recipes-youve-probably-never-tried-11708119,14 Pickle Recipes You've Probably Never Tried,[],,
https://www.allrecipes.com/the-cheesecake-factory-thai-chicken-lettuce-wraps-recipe-11705828,The Cheesecake Factory Thai Chicken Lettuce Wraps,"[{'quantity': '1/3', 'unit': 'cup', 'ingredient': 'crunchy peanut butter'}, {'quantity': '1/3', 'unit': 'cup', 'ingredient': 'soy sauce'}, {'quantity': '1', 'unit': 'tablespoon', 'ingredient': 'rice vinegar'}, {'quantity': '1', 'unit': 'tablespoon', 'ingredient': 'lime juice'}, {'quantity': '1', 'unit': 'clove', 'ingredient': 'garlic'}, {'quantity': '1', 'unit': '2 inch) piece', 'ingredient': 'fresh ginger'}, {'quantity': '1', 'unit': 'tablespoon', 'ingredient': 'toasted sesame oil'}, {'quantity': '1/2', 'unit': 'cup', 'ingredient': 'sweet chili sauce'}, {'quantity': '1/4', 'unit': 'teaspoon', 'ingredient': 'crushed red pepper flakes'}, {'quantity': '1', 'unit': 'tablespoon', 'ingredient': 'yellow curry paste'}, {'quantity': '1', 'unit': 'tablespoon', 'ingredient': 'honey'}, {'quantity': '1', 'unit': 'teaspoon', 'ingredient': 'ginger'}, {'quantity': '3', 'unit': None, 'ingredient': 'loves garlic'}, {'quantity': '1/4', 'unit': 'cup', 'ingredient': 'coconut milk'}, {'quantity': '1', 'unit': 'tablespoon', 'ingredient': 'lime juice'}, {'quantity': '1', 'unit': 'teaspoon', 'ingredient': 'kosher salt'}, {'quantity': '2', 'unit': 'tablespoons', 'ingredient': 'vegetable oil'}, {'quantity': '1 1/2', 'unit': 'pounds', 'ingredient': 'chicken tenders'}, {'quantity': '3', 'unit': 'large', 'ingredient': 'cucumbers,'}, {'quantity': '1', 'unit': 'tablespoon', 'ingredient': 'salt'}, {'quantity': '1/2', 'unit': 'cup', 'ingredient': 'white sugar'}, {'quantity': '1/2', 'unit': 'cup', 'ingredient': 'rice wine vinegar'}, {'quantity': '2', 'unit': 'medium', 'ingredient': 'jalapeno peppers, seeded and hopped'}, {'quantity': '1/4', 'unit': 'cup', 'ingredient': 'chopped cilantro'}, {'quantity': '1/2', 'unit': 'cup', 'ingredient': 'peanuts'}, {'quantity': '2 1/4', 'unit': 'teaspoons', 'ingredient': 'kosher salt'}, {'quantity': '4', 'unit': 'ounces', 'ingredient': 'vermicelli rice noodles'}, {'quantity': '1', 'unit': 'cup', 'ingredient': 'coconut milk'}, {'quantity': '1', 'unit': 'tablespoon', 'ingredient': 'yellow curry paste'}, {'quantity': '1', 'unit': 'teaspoon', 'ingredient': 'sesame seeds (optional)'}, {'quantity': '4', 'unit': None, 'ingredient': 'cabbage leaves'}, {'quantity': '6', 'unit': None, 'ingredient': 'butter lettuce leaves'}, {'quantity': '1/2', 'unit': 'cup', 'ingredient': 'carrots'}, {'quantity': '1/4', 'unit': 'cup', 'ingredient': 'cilantro leaves'}, {'quantity': '1/4', 'unit': 'cup', 'ingredient': 'peanuts'}]",2 hrs 35 mins,4
https://www.allrecipes.com/spring-appetizer-recipes-11708688,40 Spring Appetizers You'll Want to Serve All Season Long,[],,
https://www.allrecipes.com/recipe/20945/magaricz/,Magaricz,"[{'quantity': '¼', 'unit': 'cup', 'ingredient': 'olive oil'}, {'quantity': '1', 'unit': '', 'ingredient': 'large eggplant, peeled and coarsely chopped'}, {'quantity': '1', 'unit': 'medium', 'ingredient': 'red bell pepper, cut into thin strips'}, {'quantity': '1', 'unit': '', 'ingredient': 'green bell pepper, cut into thin strips'}, {'quantity': '1', 'unit': 'large', 'ingredient': 'onion, diced'}, {'quantity': '1', 'unit': 'cup', 'ingredient': 'coarsely shredded carrot'}, {'quantity': '', 'unit': '', 'ingredient': 'salt to taste'}, {'quantity': '', 'unit': '', 'ingredient': 'crushed red pepper flakes'}]",2 hrs,10
https://www.allrecipes.com/lemonade-dip-recipe-11711292,Lemonade Dip,"[{'quantity': '8', 'unit': 'ounces', 'ingredient': 'marshmallow fluff'}, {'quantity': '8', 'unit': 'ounces', 'ingredient': 'cream cheese'}, {'quantity': '3', 'unit': 'tablespoons', 'ingredient': 'lemonade concentrate'}, {'quantity': '1', 'unit': 'tablespoon', 'ingredient': 'lemon zest'}]",5 mins,6 to 8
https://www.allrecipes.com/2-ingredient-snacks-recipes-8699379,12 Ridiculously Easy Snacks That Use Just 2 Ingredients,[],,
https://www.allrecipes.com/grilled-pork-tenderloins-with-mango-pineapple-salsa-recipe-11699897,Grilled Pork Tenderloins with Mango-Pineapple Salsa,"[{'quantity': '1', 'unit': '(1 1/4 pound)', 'ingredient': 'pork tenderloins'}, {'quantity': '2', 'unit': 'tablespoons', 'ingredient': 'olive oil'}, {'quantity': '1', 'unit': 'teaspoon', 'ingredient': 'ground cumin'}, {'quantity': '1/2', 'unit': 'teaspoon', 'ingredient': 'ground coriander'}, {'quantity': '1/2', 'unit': 'teaspoon', 'ingredient': 'smoked paprika'}, {'quantity': '1/2', 'unit': 'teaspoon', 'ingredient': 'salt'}, {'quantity': '1/2', 'unit': 'teaspoon', 'ingredient': 'cayenne pepper (optional)'}, {'quantity': '2', 'unit': None, 'ingredient': 'mangoes'}, {'quantity': '1/2', 'unit': 'cup diced', 'ingredient': 'red bell pepper'}, {'quantity': '1', 'unit': 'medium', 'ingredient': 'jalapeno pepper'}, {'quantity': '1/2', 'unit': 'cup', 'ingredient': 'pineapple'}, {'quantity': '1', 'unit': 'lime', 'ingredient': 'zested and juiced'}, {'quantity': '1/4', 'unit': 'cup', 'ingredient': 'red onion'}, {'quantity': '1', 'unit': 'clove', 'ingredient': 'garlic'}, {'quantity': '1/4', 'unit': 'cup', 'ingredient': 'fresh cilantro'}, {'quantity': None, 'unit': None, 'ingredient': 'salt and pepper to taste'}]",50 mins,8
https://www.allrecipes.com/sloppy-joe-garlic-bread-recipe-11706291,Sloppy Joe Garlic Bread,"[{'quantity': '2', 'unit': 'cups', 'ingredient': 'beef sloppy Joe'}, {'quantity': '1', 'unit': None, 'ingredient': 'ciabatta roll'}, {'quantity': '2', 'unit': 'tablespoons', 'ingredient': 'butter,'}, {'quantity': None, 'unit': None, 'ingredient': 'garlic salt, to taste'}, {'quantity': '1/2', 'unit': 'cup', 'ingredient': 'sharp Cheddar cheese'}, {'quantity': '1/2', 'unit': 'cup', 'ingredient': 'shredded mozzarella cheese'}, {'quantity': None, 'unit': None, 'ingredient': 'chopped parsley, for garnish'}]",25 mins,4
https://www.allrecipes.com/copycat-cheesecake-factory-buffalo-blasts-recipe-11703733,Copycat Cheesecake Factory Buffalo Blasts,"[{'quantity': '2', 'unit': 'cups', 'ingredient': 'cooked chicken'}, {'quantity': '1 1/2', 'unit': 'cups', 'ingredient': 'shredded mozzarella cheese'}, {'quantity': '1/3', 'unit': 'cup', 'ingredient': 'Buffalo wing sauce'}, {'quantity': '2', 'unit': 'large', 'ingredient': 'eggs'}, {'quantity': '1', 'unit': 'tablespoons', 'ingredient': 'water'}, {'quantity': '1 1/2', 'unit': 'cups', 'ingredient': 'all-purpose flour'}, {'quantity': '2', 'unit': 'teaspoons', 'ingredient': 'kosher salt'}, {'quantity': '24', 'unit': None, 'ingredient': 'wonton wrappers'}, {'quantity': '3', 'unit': 'cups', 'ingredient': 'canola oil'}, {'quantity': None, 'unit': None, 'ingredient': 'celery sticks, extra Buffalo sauce, and blue cheese dressing for dipping'}]",30 mins,12
https://www.allrecipes.com/chicken-alfredo-garlic-bread-recipe-11703384,Chicken Alfredo Garlic Bread,"[{'quantity': '8', 'unit': 'tablespoons', 'ingredient': 'butter, divided'}, {'quantity': '1 tablespoon plus 1/2', 'unit': 'teaspoon', 'ingredient': 'garlic powder,'}, {'quantity': '1', 'unit': 'tablespoon', 'ingredient': 'fresh parsley'}, {'quantity': '1', 'unit': 'loaf', 'ingredient': 'French bread'}, {'quantity': '1', 'unit': '(15 ounce) jar', 'ingredient': ""Alfredo sauce, such as Rao's®""}, {'quantity': '1/2', 'unit': 'cup', 'ingredient': 'shredded Parmesan cheese,'}, {'quantity': '1/2', 'unit': 'teaspoon', 'ingredient': 'garlic powder'}, {'quantity': '1/2', 'unit': 'teaspoon', 'ingredient': 'onion powder'}, {'quantity': '1/2', 'unit': 'teaspoon', 'ingredient': 'smoked paprika'}, {'quantity': '1/4', 'unit': 'teaspoon', 'ingredient': 'salt'}, {'quantity': '1/4', 'unit': 'teaspoon', 'ingredient': 'ground black pepper'}, {'quantity': '4', 'unit': None, 'ingredient': 'boneless chicken breasts'}, {'quantity': '6', 'unit': 'ounces', 'ingredient': 'Gruyere cheese, shredded'}, {'quantity': '8', 'unit': 'ounces', 'ingredient': 'Monterey Jack cheese, shredded'}]",30 mins,6 to 8
https://www.allrecipes.com/recipe/275944/instant-pot-hard-boiled-eggs/,Instant Pot Hard-Boiled Eggs,"[{'quantity': '1', 'unit': 'cup', 'ingredient': 'water'}, {'quantity': '16', 'unit': 'large', 'ingredient': 'eggs'}]",20 mins,16
https://www.allrecipes.com/recipe/241849/greek-easter-eggs/,Dyed Greek Red Easter Eggs,"[{'quantity': '5', 'unit': 'cups', 'ingredient': 'water'}, {'quantity': '12', 'unit': '', 'ingredient': 'yellow onions, skins removed and reserved'}, {'quantity': '2', 'unit': 'tablespoons', 'ingredient': 'white vinegar'}, {'quantity': '12', 'unit': 'large', 'ingredient': 'eggs'}, {'quantity': None, 'unit': None, 'ingredient': 'olive oil'}]",2 hrs 15 mins,12
https://www.allrecipes.com/wasabi-shrimp-sushi-cups-recipe-11695005,Wasabi Shrimp Sushi Cups,"[{'quantity': '1', 'unit': 'tablespoon', 'ingredient': 'wasabi paste'}, {'quantity': '1', 'unit': 'teaspoon', 'ingredient': 'soy sauce'}, {'quantity': '2', 'unit': 'tablespoons', 'ingredient': 'mayonnaise'}, {'quantity': '1', 'unit': 'cup', 'ingredient': 'sushi rice,'}, {'quantity': '1/2', 'unit': 'cup', 'ingredient': 'carrots'}, {'quantity': '1/2', 'unit': 'cup', 'ingredient': 'cucumbers'}, {'quantity': '1/2', 'unit': 'cup frozen shelled', 'ingredient': 'edamame,'}, {'quantity': '4', 'unit': None, 'ingredient': 'cooked shrimp, sliced in half lengthwise'}, {'quantity': '2', 'unit': 'tablespoons', 'ingredient': 'ginger to taste (optional)'}, {'quantity': '1/2', 'unit': 'teaspoon', 'ingredient': 'sesame seeds (optional)'}]",50 mins,8
https://www.allrecipes.com/recipe/277952/air-fryer-hard-boiled-eggs/,Air Fryer Hard-Boiled Eggs,"[{'quantity': '6', 'unit': 'large', 'ingredient': 'eggs, room temperature'}]",25 mins,6
https://www.allrecipes.com/recipe/25273/spinach-balls/,Spinach Balls,"[{'quantity': '2', 'unit': 'cups', 'ingredient': 'finely crushed herb-seasoned dry bread stuffing mix'}, {'quantity': '1', 'unit': '(10 ounce) package', 'ingredient': 'frozen chopped spinach, thawed and drained'}, {'quantity': '3', 'unit': 'large', 'ingredient': 'eggs, beaten'}, {'quantity': '½', 'unit': 'cup', 'ingredient': 'grated Parmesan cheese'}, {'quantity': '½', 'unit': 'cup', 'ingredient': 'melted butter'}, {'quantity': '2', 'unit': 'teaspoons', 'ingredient': 'garlic powder'}, {'quantity': '1', 'unit': 'teaspoon', 'ingredient': 'Italian seasoning'}, {'quantity': '½', 'unit': 'teaspoon', 'ingredient': 'ground black pepper'}]",30 mins,11
https://www.allrecipes.com/colcannon-balls-recipe-11691131,Colcannon Balls,"[{'quantity': '3', 'unit': None, 'ingredient': 'russet potatoes, peeled and cut into chunks'}, {'quantity': '2', 'unit': 'cups', 'ingredient': 'green cabbage or kale'}, {'quantity': '1/4', 'unit': 'cup', 'ingredient': 'chopped green onions or leeks'}, {'quantity': '1/4', 'unit': 'cup chopped', 'ingredient': 'fresh parsley'}, {'quantity': '3/4', 'unit': 'teaspoon', 'ingredient': 'salt'}, {'quantity': '1/4', 'unit': 'teaspoon', 'ingredient': 'ground black pepper'}, {'quantity': '2', 'unit': 'tablespoons', 'ingredient': 'butter'}, {'quantity': '3/4', 'unit': 'cup', 'ingredient': 'grated Parmesan cheese'}, {'quantity': '4', 'unit': 'large', 'ingredient': 'eggs, divided'}, {'quantity': '1', 'unit': 'cup', 'ingredient': 'talian bread crumbs, divided'}, {'quantity': '2', 'unit': 'tablespoons', 'ingredient': 'water'}, {'quantity': '2 1/2', 'unit': 'cups', 'ingredient': 'vegetable oil for deep frying'}]",1 hr 40 mins,16
https://www.allrecipes.com/recipe/236760/hot-muffuletta-dip/,Hot Muffuletta Dip,"[{'quantity': '1', 'unit': '(8 ounce) package', 'ingredient': 'cream cheese, softened'}, {'quantity': '1', 'unit': 'cup', 'ingredient': 'cubed salami'}, {'quantity': '1', 'unit': '(6 ounce) jar', 'ingredient': 'pitted green olives, drained'}, {'quantity': '½', 'unit': 'cup', 'ingredient': 'roasted red peppers, drained and chopped'}, {'quantity': '½', 'unit': 'cup', 'ingredient': 'drained giardiniera ( pickled carrots, cauliflower, celery, and hot peppers)'}, {'quantity': '4', 'unit': 'ounces', 'ingredient': 'provolone cheese, cubed'}, {'quantity': '1', 'unit': 'clove', 'ingredient': 'garlic, minced'}, {'quantity': '1', 'unit': 'teaspoon', 'ingredient': 'chopped fresh parsley'}]",45 mins,6
https://www.allrecipes.com/honey-mustard-chicken-wings-recipe-11691952,Honey Mustard Chicken Wings,"[{'quantity': '1 1/2', 'unit': 'teaspoons', 'ingredient': 'cornstarch'}, {'quantity': '1 1/2', 'unit': 'teaspoons', 'ingredient': 'cream of tartar'}, {'quantity': '1', 'unit': 'teaspoon', 'ingredient': 'garlic powder'}, {'quantity': '3/4', 'unit': 'teaspoon', 'ingredient': 'baking soda'}, {'quantity': '1/2', 'unit': 'teaspoon', 'ingredient': 'salt'}, {'quantity': '1/2', 'unit': 'teaspoon', 'ingredient': 'ground black pepper'}, {'quantity': '2', 'unit': 'pounds', 'ingredient': 'chicken wing flats and drumettes'}, {'quantity': '2', 'unit': 'tablespoons', 'ingredient': 'honey, or more if needed'}, {'quantity': '2', 'unit': 'teaspoons', 'ingredient': 'white wine vinegar'}, {'quantity': '1/4', 'unit': 'cup', 'ingredient': 'mayonnaise'}, {'quantity': '2', 'unit': 'tablespoons', 'ingredient': 'ijon mustard'}, {'quantity': '1', 'unit': 'tablespoon', 'ingredient': 'yellow mustard'}, {'quantity': None, 'unit': 'freshly', 'ingredient': 'black pepper to taste'}]",4 hrs 55 mins,4
https://www.allrecipes.com/air-fryer-honey-mustard-salmon-bites-recipe-11680825,Air Fryer Honey Mustard Salmon Bites,"[{'quantity': '1', 'unit': 'pound', 'ingredient': 'salmon'}, {'quantity': '1', 'unit': 'teaspoon', 'ingredient': 'olive oil'}, {'quantity': '1/2', 'unit': 'teaspoon', 'ingredient': 'paprika'}, {'quantity': '1/4', 'unit': 'teaspoon', 'ingredient': 'salt'}, {'quantity': '1/8', 'unit': 'teaspoon', 'ingredient': 'black pepper'}, {'quantity': '1/4', 'unit': 'cup', 'ingredient': 'honey mustard'}]",20 mins,6
https://www.allrecipes.com/deviled-potatoes-recipe-11688340,Deviled Potatoes,"[{'quantity': '1 1/2', 'unit': 'pounds', 'ingredient': 'potatoes'}, {'quantity': '1', 'unit': 'tablespoon', 'ingredient': 'kosher salt,'}, {'quantity': '1/2', 'unit': 'cup', 'ingredient': 'mayonnaise'}, {'quantity': '2', 'unit': 'teaspoons', 'ingredient': 'yellow mustard'}, {'quantity': '1/4', 'unit': 'cup', 'ingredient': 'pickle relish'}, {'quantity': '1/4', 'unit': 'cup', 'ingredient': 'green onions'}, {'quantity': '1/2', 'unit': 'teaspoon', 'ingredient': 'pepper'}, {'quantity': '1/2', 'unit': 'teaspoon', 'ingredient': 'paprika'}, {'quantity': None, 'unit': None, 'ingredient': 'chives for garnish'}]",40 mins,12
https://www.allrecipes.com/big-mac-crispy-rice-recipe-11685389,Big Mac Crispy Rice,"[{'quantity': '1/2', 'unit': 'cup', 'ingredient': 'mayonnaise, divided'}, {'quantity': '5', 'unit': 'tablespoons', 'ingredient': 'pickle relish, divided'}, {'quantity': '1/4', 'unit': 'cup', 'ingredient': 'ketchup, divided'}, {'quantity': '2 ½', 'unit': '2 ½', 'ingredient': 'garlic powder, divided'}, {'quantity': '1 ½', 'unit': 'teaspoons', 'ingredient': 'smoked paprika, divided'}, {'quantity': '2', 'unit': 'teaspoons', 'ingredient': 'kosher salt, divided'}, {'quantity': '1', 'unit': 'teaspoon', 'ingredient': 'freshly ground black pepper, divided'}, {'quantity': '4', 'unit': 'cups', 'ingredient': 'cooked and cooled white rice'}, {'quantity': '1', 'unit': 'tablespoon', 'ingredient': 'olive oil'}, {'quantity': '6', 'unit': 'ounces', 'ingredient': 'ground beef chuck'}, {'quantity': '5', 'unit': '(¾-ounce) slices', 'ingredient': 'American cheese'}, {'quantity': '1/3', 'unit': 'cup shredded', 'ingredient': 'iceberg lettuce'}, {'quantity': '2', 'unit': 'tablespoons', 'ingredient': 'diced white onion'}, {'quantity': None, 'unit': None, 'ingredient': 'pickle slices, for garnish'}]",35 mins,4
https://www.allrecipes.com/bbq-pork-crispy-rice-recipe-11681815,BBQ Pork Crispy Rice,"[{'quantity': '3', 'unit': 'cups', 'ingredient': 'white rice'}, {'quantity': '1', 'unit': 'tablespoon', 'ingredient': 'hot sauce'}, {'quantity': '1', 'unit': 'teaspoon', 'ingredient': 'garlic powder'}, {'quantity': '1', 'unit': 'teaspoon', 'ingredient': 'onion powder'}, {'quantity': '1', 'unit': 'cup', 'ingredient': 'barbecue sauce'}, {'quantity': '2', 'unit': 'tablespoons', 'ingredient': 'unsalted butter'}, {'quantity': '1/4', 'unit': 'cup', 'ingredient': 'shredded Cheddar cheese'}, {'quantity': '1', 'unit': 'cup', 'ingredient': 'pulled pork'}, {'quantity': '1/3', 'unit': 'cup', 'ingredient': 'shredded tri-color\xa0coleslaw\xa0mix'}, {'quantity': '6', 'unit': None, 'ingredient': 'crinkle-cut dill pickle chips'}, {'quantity': '2', 'unit': 'tablespoons', 'ingredient': 'pickled red onions'}]",35 mins,4
https://www.allrecipes.com/bacon-wrapped-cheeseburger-bites-recipe-11685653,Bacon Wrapped Cheeseburger Bites,"[{'quantity': '1', 'unit': 'pound', 'ingredient': 'ground beef'}, {'quantity': '1 1/2', 'unit': 'tablespoons', 'ingredient': 'seasoned breadcrumbs'}, {'quantity': '1', 'unit': 'large', 'ingredient': 'egg'}, {'quantity': '1/2', 'unit': 'teaspoon', 'ingredient': 'onion powder'}, {'quantity': '1/4', 'unit': 'teaspoon', 'ingredient': 'garlic powder'}, {'quantity': '1', 'unit': 'teaspoon', 'ingredient': 'dried parsley'}, {'quantity': '1', 'unit': 'teaspoon', 'ingredient': 'salt'}, {'quantity': '1', 'unit': 'tablespoon', 'ingredient': 'ketchup'}, {'quantity': '1', 'unit': 'tablespoon', 'ingredient': 'yellow mustard'}, {'quantity': '4', 'unit': None, 'ingredient': 'dill pickle chips'}, {'quantity': '4', 'unit': 'ounces', 'ingredient': 'Cheddar cheese'}, {'quantity': '9', 'unit': 'slices', 'ingredient': 'bacon'}, {'quantity': '1', 'unit': None, 'ingredient': 'sesame seeds'}]",40 mins,4
https://www.allrecipes.com/copycat-restaurant-appetizer-recipes-11684240,13 Copycat Appetizer Recipes From Your Favorite Restaurants,[],,
https://www.allrecipes.com/chicken-teriyaki-crispy-rice-recipe-11681831,Chicken Teriyaki Crispy Rice,"[{'quantity': '1/4', 'unit': 'cup', 'ingredient': 'thinly sliced scallions'}, {'quantity': '2', 'unit': 'teaspoons', 'ingredient': 'soy sauce'}, {'quantity': '1', 'unit': 'teaspoon', 'ingredient': 'garlic powder'}, {'quantity': '1', 'unit': 'teaspoon', 'ingredient': 'onion powder'}, {'quantity': '1/2', 'unit': 'teaspoon', 'ingredient': 'ground ginger'}, {'quantity': '1/4', 'unit': 'teaspoon', 'ingredient': 'kosher salt'}, {'quantity': '2/3', 'unit': 'cup', 'ingredient': 'teriyaki sauce'}, {'quantity': '4', 'unit': 'cups', 'ingredient': 'cooked and cooled white rice'}, {'quantity': '2', 'unit': 'tablespoons', 'ingredient': 'toasted sesame oil'}, {'quantity': '1', 'unit': 'cup', 'ingredient': 'rotisserie chicken'}, {'quantity': '1/2', 'unit': 'teaspoon', 'ingredient': 'toasted sesame seeds'}]",30 mins,4 (serving size: about 1 cup rice mixture and 1/4 cup chicken mixture)
https://www.allrecipes.com/awesome-blossom-onion-bites-recipe-11683800,Awesome Blossom Onion Bites,"[{'quantity': '1/3', 'unit': 'cup', 'ingredient': 'sour cream'}, {'quantity': '2', 'unit': 'tablespoons', 'ingredient': 'mayonnaise'}, {'quantity': '1', 'unit': 'tablespoon', 'ingredient': 'ketchup'}, {'quantity': '2', 'unit': 'teaspoons', 'ingredient': 'horseradish'}, {'quantity': '1', 'unit': 'pinch', 'ingredient': 'cayenne pepper, or to taste'}, {'quantity': '2', 'unit': 'cups', 'ingredient': 'onions'}, {'quantity': '1 3/4', 'unit': 'teaspoons', 'ingredient': 'kosher salt, divided'}, {'quantity': '1/4', 'unit': 'teaspoon', 'ingredient': 'black pepper'}, {'quantity': '1', 'unit': 'pinch', 'ingredient': 'cayenne pepper'}, {'quantity': '1/4', 'unit': 'teaspoon', 'ingredient': 'garlic powder'}, {'quantity': '1', 'unit': 'tablespoon', 'ingredient': 'cornmeal'}, {'quantity': '1/2', 'unit': 'cup', 'ingredient': 'all-purpose flour'}, {'quantity': '1/2', 'unit': 'teaspoon', 'ingredient': 'baking powder'}, {'quantity': '1/2', 'unit': 'cup', 'ingredient': 'milk'}, {'quantity': None, 'unit': 'cups', 'ingredient': 'vegetable oil, or as needed for frying'}]",45 mins,6
https://www.allrecipes.com/recipe/26728/cheese-borek/,Cheese Borek,"[{'quantity': '1', 'unit': '', 'ingredient': 'egg, lightly beaten'}, {'quantity': '1', 'unit': 'bunch', 'ingredient': 'fresh parsley, minced'}, {'quantity': '2', 'unit': 'cloves', 'ingredient': 'garlic, minced'}, {'quantity': '¾', 'unit': 'teaspoon', 'ingredient': 'crushed red pepper'}, {'quantity': '6', 'unit': 'ounces', 'ingredient': 'smoked Gouda cheese, shredded'}, {'quantity': '6', 'unit': 'ounces', 'ingredient': 'Emmentaler cheese, finely shredded'}, {'quantity': '12', 'unit': 'sheets', 'ingredient': 'phyllo dough'}, {'quantity': '1 ½', 'unit': 'cups', 'ingredient': 'unsalted butter, melted'}]",1 hr 30 mins,16
https://www.allrecipes.com/okonomiyaki-inspired-crispy-rice-recipe-8788921,Okonomiyaki-Inspired Crispy Rice,"[{'quantity': '4', 'unit': 'slices', 'ingredient': 'thick-cut bacon'}, {'quantity': '1 1/2', 'unit': 'cups', 'ingredient': 'quick-cooking white rice'}, {'quantity': '1/2', 'unit': 'teaspoon', 'ingredient': 'kosher salt'}, {'quantity': '2', 'unit': 'cups', 'ingredient': 'tap water'}, {'quantity': '2', 'unit': 'medium', 'ingredient': 'scallions'}, {'quantity': '4', 'unit': 'cups', 'ingredient': 'shredded green cabbage'}, {'quantity': '3', 'unit': 'cloves', 'ingredient': 'garlic, minced'}, {'quantity': '1', 'unit': 'tablespoon', 'ingredient': 'minced fresh ginger'}, {'quantity': '1/2', 'unit': 'cup', 'ingredient': 'Kewpie mayonnaise'}, {'quantity': '2 1/2', 'unit': 'tablespoons', 'ingredient': 'soy sauce'}, {'quantity': '2', 'unit': 'tablespoons', 'ingredient': 'canola oil'}, {'quantity': '1/4', 'unit': 'cup', 'ingredient': 'ketchup'}, {'quantity': '1 1/2', 'unit': 'teaspoons', 'ingredient': 'Worcestershire sauce'}, {'quantity': '1/2', 'unit': 'teaspoon', 'ingredient': 'toasted sesame seeds'}, {'quantity': None, 'unit': None, 'ingredient': 'seaweed flakes'}]",1 hr 10 mins,4
https://www.allrecipes.com/chipotle-bacon-deviled-eggs-recipe-11681684,Chipotle Bacon Deviled Eggs,"[{'quantity': '6', 'unit': 'large', 'ingredient': 'hard-boiled eggs'}, {'quantity': '2', 'unit': 'slices', 'ingredient': 'bacon'}, {'quantity': '3', 'unit': 'tablespoons', 'ingredient': 'mayonnaise'}, {'quantity': '1', 'unit': 'tablespoon', 'ingredient': 'n'}, {'quantity': '1/4', 'unit': 'teaspoon', 'ingredient': 'dry mustard'}, {'quantity': '1/4', 'unit': 'teaspoon', 'ingredient': 'garlic powder'}, {'quantity': None, 'unit': None, 'ingredient': 'salt and freshly ground black pepper to taste'}, {'quantity': '1/2', 'unit': 'teaspoon', 'ingredient': 'chipotle powder'}]",20 mins,12
https://www.allrecipes.com/pistachio-hummus-recipe-11680823,Pistachio Hummus,"[{'quantity': '1/2', 'unit': 'cup', 'ingredient': 'pistachios, divided'}, {'quantity': '3', 'unit': 'tablespoons', 'ingredient': 'olive oil, divided'}, {'quantity': '1', 'unit': None, 'ingredient': 'garlic clove, quartered'}, {'quantity': '1', 'unit': '(14-ounce) can', 'ingredient': 'garbanzo beans drained and rinsed'}, {'quantity': '1/2', 'unit': 'teaspoon', 'ingredient': 'lemon zest'}, {'quantity': '2', 'unit': 'tablespoons', 'ingredient': 'lemon juice'}, {'quantity': '1', 'unit': 'teaspoon', 'ingredient': 'salt'}, {'quantity': '1/4', 'unit': 'teaspoon', 'ingredient': 'freshly ground black pepper'}]",10 mins,12
https://www.allrecipes.com/recipe/16023/shrimp-scampi-cheesecake-appetizer/,Shrimp Scampi Cheesecake Appetizer,"[{'quantity': '1', 'unit': 'tablespoon', 'ingredient': 'olive oil'}, {'quantity': '1', 'unit': '', 'ingredient': 'onion'}, {'quantity': '6', 'unit': 'teaspoons', 'ingredient': 'minced garlic'}, {'quantity': '1', 'unit': 'pound', 'ingredient': 'fresh shrimp, peeled and deveined'}, {'quantity': '12', 'unit': 'shells', 'ingredient': 'puff pastry, baked'}, {'quantity': '4', 'unit': 'tablespoons', 'ingredient': 'butter or margarine'}, {'quantity': '3', 'unit': '(8 ounce) packages', 'ingredient': 'cream cheese, softened'}, {'quantity': '4', 'unit': '', 'ingredient': 'eggs'}, {'quantity': '½', 'unit': 'cup', 'ingredient': 'heavy cream'}, {'quantity': '16', 'unit': 'ounces', 'ingredient': 'smoked Gouda, grated'}, {'quantity': '2', 'unit': 'teaspoons', 'ingredient': 'salt'}]",1 hr 10 mins,12
https://www.allrecipes.com/sloppy-joe-sliders-recipe-8789641,Sloppy Joe Sliders,"[{'quantity': '1', 'unit': '(12-count) package', 'ingredient': 'rolls'}, {'quantity': '24', 'unit': 'small slices', 'ingredient': 'sharp Cheddar cheese'}, {'quantity': '1', 'unit': 'teaspoon', 'ingredient': 'olive or avocado oil'}, {'quantity': '1', 'unit': 'pound', 'ingredient': '80% lean ground beef'}, {'quantity': '1/2', 'unit': 'large', 'ingredient': 'white onion,'}, {'quantity': '2', 'unit': 'teaspoons', 'ingredient': 'garlic paste'}, {'quantity': '1', 'unit': 'cup', 'ingredient': 'ketchup'}, {'quantity': '2', 'unit': 'tablespoons', 'ingredient': 'brown sugar'}, {'quantity': '1', 'unit': 'teaspoon', 'ingredient': 'Dijon mustard'}, {'quantity': '3', 'unit': 'teaspoons', 'ingredient': 'Worcestershire sauce'}, {'quantity': '1', 'unit': 'teaspoon', 'ingredient': 'chili powder and/or cumin'}, {'quantity': None, 'unit': None, 'ingredient': 'salt and freshly ground black pepper to taste'}, {'quantity': '3/4', 'unit': 'cup', 'ingredient': 'water'}, {'quantity': '1/4', 'unit': 'cup', 'ingredient': 'butter'}, {'quantity': '1/2', 'unit': 'tablespoon', 'ingredient': 'brown sugar'}, {'quantity': '1', 'unit': 'teaspoon', 'ingredient': 'ketchup'}, {'quantity': '1', 'unit': 'teaspoon', 'ingredient': 'Worcestershire sauce'}, {'quantity': '1', 'unit': 'teaspoon', 'ingredient': 'Dijon mustard'}, {'quantity': None, 'unit': None, 'ingredient': 'sesame or poppy seeds'}]",55 mins,4
https://www.allrecipes.com/meatball-subs-on-a-stick-recipe-8780157,Meatball Subs on a Stick,"[{'quantity': '12', 'unit': None, 'ingredient': 'wooden skewers'}, {'quantity': '1', 'unit': 'pound 5 ounces', 'ingredient': 'lean ground beef'}, {'quantity': '1', 'unit': 'large', 'ingredient': 'egg'}, {'quantity': '7', 'unit': 'tablespoons', 'ingredient': 'Italian seasoned bread crumbs'}, {'quantity': '1/3', 'unit': 'cup', 'ingredient': 'grated Parmesan cheese'}, {'quantity': '1/2', 'unit': None, 'ingredient': 'red onion,'}, {'quantity': '4', 'unit': 'teaspoons', 'ingredient': 'garlic paste'}, {'quantity': '2', 'unit': 'teaspoons', 'ingredient': 'salt, or to taste'}, {'quantity': '1', 'unit': 'tablespoon', 'ingredient': 'dried oregano, or to taste'}, {'quantity': '1', 'unit': 'tablespoon', 'ingredient': 'dried parsley, or to taste'}, {'quantity': '1', 'unit': 'tablespoon', 'ingredient': 'dried basil, or to taste'}, {'quantity': '1', 'unit': 'teaspoon', 'ingredient': 'red chili flakes (optional)'}, {'quantity': '24', 'unit': '1 inch) cubes', 'ingredient': 'mozzarella cheese'}, {'quantity': '1', 'unit': '(12.4 ounce) can', 'ingredient': 'pizza crust dough, such as Pillsbury'}, {'quantity': '5', 'unit': 'tablespoons', 'ingredient': 'butter, melted'}, {'quantity': '1', 'unit': 'tablespoon', 'ingredient': 'garlic paste'}, {'quantity': '1', 'unit': 'tablespoon', 'ingredient': 'fresh parsley'}, {'quantity': '1', 'unit': 'cup', 'ingredient': 'marinara sauce,'}]",40 mins,9
https://www.allrecipes.com/wet-wet-wings-recipe-8786824,Wet Wet Wings,"[{'quantity': '2', 'unit': 'pounds', 'ingredient': 'chicken wings and drummettes'}, {'quantity': '1', 'unit': 'tablespoon', 'ingredient': 'oil'}, {'quantity': '1 1/2', 'unit': 'teaspoons', 'ingredient': 'kosher salt'}, {'quantity': '1/2', 'unit': 'teaspoon', 'ingredient': 'pepper'}, {'quantity': '1', 'unit': 'cup', 'ingredient': 'Wet Wet sauce'}, {'quantity': '1/2', 'unit': 'bunchgreen onions, green parts only, sliced (optional)', 'ingredient': 'green onions, green parts only, sliced (optional)'}, {'quantity': '1', 'unit': 'teaspoon', 'ingredient': 'sesame seeds (optional)'}]",40 mins,6
https://www.allrecipes.com/southwestern-pulled-pork-sliders-recipe-8786436,Southwestern Pulled Pork Sliders,"[{'quantity': '1/2', 'unit': 'cup', 'ingredient': 'mayonnaise'}, {'quantity': '2', 'unit': None, 'ingredient': 'chipotle peppers in adobo'}, {'quantity': '1', 'unit': 'tablespoon', 'ingredient': 'adobo sauce from the can'}, {'quantity': '1/4', 'unit': 'teaspoon', 'ingredient': 'salt'}, {'quantity': '1', 'unit': 'cup', 'ingredient': 'chopped fresh cilantro'}, {'quantity': '3', 'unit': 'cups', 'ingredient': 'coleslaw mix'}, {'quantity': '1/3', 'unit': 'cup', 'ingredient': 'lime juice'}, {'quantity': '2', 'unit': 'tablespoons', 'ingredient': 'honey'}, {'quantity': '1', 'unit': 'tablespoon', 'ingredient': 'tomato paste'}, {'quantity': '2', 'unit': 'teaspoons', 'ingredient': 'ground cumin'}, {'quantity': '1 1/2', 'unit': 'teaspoons', 'ingredient': 'smoked paprika'}, {'quantity': '1/2', 'unit': 'teaspoon', 'ingredient': 'cayenne pepper,'}, {'quantity': '1/2', 'unit': 'teaspoon', 'ingredient': 'ground black pepper'}, {'quantity': '1/2', 'unit': 'teaspoon', 'ingredient': 'ground coriander'}, {'quantity': '1/2', 'unit': 'teaspoon', 'ingredient': 'granulated garlic'}, {'quantity': '1 1/2', 'unit': 'pounds', 'ingredient': 'pork'}, {'quantity': '12', 'unit': None, 'ingredient': 'slider buns'}, {'quantity': '12', 'unit': None, 'ingredient': 'smoked gouda'}]",30 mins,12
https://www.allrecipes.com/jalapeno-spinach-dip-recipe-8781590,Jalapeno Spinach Dip,"[{'quantity': '1', 'unit': 'tablespoon', 'ingredient': 'butter or olive oil'}, {'quantity': '2', 'unit': None, 'ingredient': 'green onions, sliced, white part only'}, {'quantity': '2', 'unit': None, 'ingredient': 'jalapenos, seeded and chopped'}, {'quantity': '1', 'unit': 'teaspoon', 'ingredient': 'minced garlic'}, {'quantity': '1', 'unit': '(8 ounce) bag', 'ingredient': 'fresh spinach,'}, {'quantity': '1', 'unit': 'teaspoon', 'ingredient': 'Greens seasoning,'}, {'quantity': '2', 'unit': 'tablespoons', 'ingredient': 'water'}, {'quantity': '1', 'unit': '(8 ounce) package', 'ingredient': 'cream cheese'}, {'quantity': '1/2', 'unit': 'cup', 'ingredient': 'mayonnaise'}, {'quantity': '1/2', 'unit': 'cup', 'ingredient': 'shredded Parmesan, plus more for topping'}]",35 mins,8
https://www.allrecipes.com/garlic-shrimp-in-a-blanket-recipe-8783109,Garlic Shrimp in a Blanket,"[{'quantity': '12', 'unit': 'large', 'ingredient': 'shrimp (16 to 20 per pound count)'}, {'quantity': '4 to 6', 'unit': 'cloves', 'ingredient': 'garlic, finely crushed'}, {'quantity': '1', 'unit': 'tablespoon', 'ingredient': 'oyster sauce'}, {'quantity': '1', 'unit': 'teaspoon', 'ingredient': 'smoked paprika'}, {'quantity': '1/4', 'unit': 'teaspoon', 'ingredient': 'hot sauce (optional)'}, {'quantity': '1/4', 'unit': 'teaspoon', 'ingredient': 'ground black pepper'}, {'quantity': '1/8', 'unit': 'teaspoon', 'ingredient': 'kosher salt'}, {'quantity': '1', 'unit': '(8 ounce) can', 'ingredient': 'ready-to-use crescent roll dough'}, {'quantity': '1', 'unit': 'large', 'ingredient': 'egg'}, {'quantity': '1', 'unit': 'teaspoon', 'ingredient': 'water'}, {'quantity': '1', 'unit': 'tablespoon', 'ingredient': 'sesame seeds'}, {'quantity': '1/3', 'unit': 'cup', 'ingredient': 'mayonnaise'}, {'quantity': '2', 'unit': 'tablespoons', 'ingredient': 'mustard'}, {'quantity': '1', 'unit': 'tablespoon', 'ingredient': 'mirin'}, {'quantity': '1/2', 'unit': 'teaspoon', 'ingredient': 'hot sauce'}]",1 hr 35 mins,12
https://www.allrecipes.com/air-fried-tossed-taquitos-recipe-8784154,Air Fried Tossed Taquitos,"[{'quantity': '24', 'unit': None, 'ingredient': 'chicken taquitos'}, {'quantity': '2', 'unit': 'tablespoons', 'ingredient': 'butter'}, {'quantity': '1', 'unit': 'tablespoon', 'ingredient': 'hot sauce'}, {'quantity': '1/4', 'unit': 'cup', 'ingredient': 'cotija cheese'}, {'quantity': '1', 'unit': 'tablespoon', 'ingredient': 'chopped cilantro'}, {'quantity': '1/2', 'unit': 'cup', 'ingredient': 'sour cream, or as needed for dipping'}]",15 mins,6
https://www.allrecipes.com/dubai-chocolate-strawberry-dip-recipe-8778431,Dubai Chocolate Strawberry Dip,"[{'quantity': '1 1/2', 'unit': 'cups', 'ingredient': 'whole milk'}, {'quantity': '3/4', 'unit': 'cup', 'ingredient': 'semisweet chocolate chips'}, {'quantity': '2', 'unit': 'tablespoons', 'ingredient': 'unsalted butter'}, {'quantity': '1 1/2', 'unit': 'cups', 'ingredient': 'frozen or thawed kataifi'}, {'quantity': '1', 'unit': '(3.9 ounce) package', 'ingredient': 'chocolate instant pudding and pie filling'}, {'quantity': '1', 'unit': 'cup', 'ingredient': 'pistachio cream'}, {'quantity': '3', 'unit': 'tablespoons', 'ingredient': 'tap water'}, {'quantity': '1/2', 'unit': 'cup', 'ingredient': 'lightly salted pistachios'}, {'quantity': '1 1/2', 'unit': 'tablespoons', 'ingredient': 'tahini'}, {'quantity': '1', 'unit': 'quart', 'ingredient': 'fresh strawberries'}, {'quantity': None, 'unit': None, 'ingredient': 'flaky sea salt'}]",55 mins,4 to 6 (serving size: about 1/3 cup)
https://www.allrecipes.com/marry-me-dip-recipe-8773820,Marry Me Dip,"[{'quantity': '1/2', 'unit': 'cup', 'ingredient': 'sun-dried tomatoes in oil'}, {'quantity': '1', 'unit': 'tablespoon', 'ingredient': 'oil from sun-dried tomatoes jar'}, {'quantity': '1', 'unit': 'tablespoon', 'ingredient': 'garlic'}, {'quantity': '1', 'unit': 'tablespoon', 'ingredient': 'tomato paste'}, {'quantity': '1', 'unit': '(8 ounce) package', 'ingredient': 'cream cheese'}, {'quantity': '1', 'unit': 'cup', 'ingredient': 'sour cream'}, {'quantity': '1', 'unit': '(6 ounce) package', 'ingredient': 'frozen cut leaf spinach'}, {'quantity': '1/2', 'unit': 'cup', 'ingredient': 'Parmesan cheese'}, {'quantity': '1', 'unit': 'teaspoon', 'ingredient': 'Italian seasoning'}, {'quantity': '1/4', 'unit': 'teaspoon', 'ingredient': 'black pepper'}, {'quantity': '1/4', 'unit': 'teaspoon', 'ingredient': 'kosher salt'}, {'quantity': '1 1/4', 'unit': 'cups shredded', 'ingredient': 'low-moisture part-skim mozzarella chees'}, {'quantity': None, 'unit': None, 'ingredient': 'chopped fresh basil'}, {'quantity': None, 'unit': None, 'ingredient': 'crostini'}]",30 mins,8
https://www.allrecipes.com/copycat-chicken-crispers-with-honey-chipotle-dipping-sauce-recipe-8784197,Copycat Chicken Crispers with Honey Chipotle Dipping Sauce,"[{'quantity': '2', 'unit': 'pounds', 'ingredient': 'boneless chicken breasts'}, {'quantity': '1 1/2', 'unit': 'cups', 'ingredient': 'buttermilk'}, {'quantity': '1 1/2', 'unit': 'tablespoons', 'ingredient': 'hot sauce'}, {'quantity': '4', 'unit': 'cups', 'ingredient': 'vegetable oil'}, {'quantity': '2', 'unit': 'cups', 'ingredient': 'flour'}, {'quantity': '2 1/2', 'unit': 'teaspoons', 'ingredient': 'kosher salt'}, {'quantity': '1', 'unit': 'teaspoon', 'ingredient': 'ground black pepper'}, {'quantity': '1', 'unit': 'teaspoon', 'ingredient': 'smoked paprika'}, {'quantity': '1 1/2', 'unit': 'teaspoons', 'ingredient': 'garlic powder'}, {'quantity': '2', 'unit': 'teaspoons', 'ingredient': 'onion powder'}, {'quantity': '1', 'unit': 'teaspoon', 'ingredient': 'baking powder'}, {'quantity': '1/4', 'unit': 'cup', 'ingredient': 'barbecue sauce'}, {'quantity': '1', 'unit': None, 'ingredient': 'chipotle pepper, finely chopped, plus 1 tablespoon adobo sauce from the can'}, {'quantity': '1/4', 'unit': 'cup', 'ingredient': 'honey'}, {'quantity': '1/2', 'unit': 'teaspoon', 'ingredient': 'salt'}]",1 hr 20 mins,8
https://www.allrecipes.com/baked-buffalo-bison-dip-recipe-8779525,Baked Buffalo Bison Dip,"[{'quantity': '2', 'unit': 'tablespoons', 'ingredient': 'butter'}, {'quantity': '2', 'unit': 'pounds', 'ingredient': 'ground bison'}, {'quantity': '1 1/2', 'unit': 'teaspoons', 'ingredient': 'kosher salt'}, {'quantity': '1/2', 'unit': 'teaspoon', 'ingredient': 'ground black pepper'}, {'quantity': '1/2', 'unit': None, 'ingredient': 'yellow onion, diced'}, {'quantity': '1/3', 'unit': 'cup', 'ingredient': ""hot sauce, such as Frank's or other Louisiana-style hot sauce, or to taste""}, {'quantity': '8', 'unit': 'ounces', 'ingredient': 'cream cheese, at room temperature'}, {'quantity': '8', 'unit': 'ounces', 'ingredient': 'pepper Jack cheese, divided'}, {'quantity': '3', 'unit': 'ounces', 'ingredient': 'blue cheese, crumbled, divided'}, {'quantity': '1/2', 'unit': 'cup', 'ingredient': 'celery'}, {'quantity': '1', 'unit': 'pinch', 'ingredient': 'cayenne pepper'}, {'quantity': '1/4', 'unit': 'cup', 'ingredient': 'green onions (optional)'}, {'quantity': '2', 'unit': 'tablespoons', 'ingredient': 'chopped celery leaves (optional)'}]",45 mins,16
https://www.allrecipes.com/potato-cakes-with-smoked-salmon-recipe-8780500,Potato Cakes with Smoked Salmon,"[{'quantity': '3', 'unit': None, 'ingredient': 'potatoes'}, {'quantity': '1/2', 'unit': None, 'ingredient': 'yellow onion,'}, {'quantity': '1', 'unit': None, 'ingredient': 'green onion'}, {'quantity': '2', 'unit': 'large', 'ingredient': 'eggs'}, {'quantity': '2', 'unit': 'tablespoons', 'ingredient': 'flour'}, {'quantity': '2', 'unit': 'ounces', 'ingredient': 'smoked salmon,'}, {'quantity': '1', 'unit': 'teaspoon', 'ingredient': 'Old Bay®'}, {'quantity': '2', 'unit': 'tablespoons', 'ingredient': 'oil'}, {'quantity': '1/4', 'unit': 'cup', 'ingredient': 'sour cream, or as needed, for garnish'}]",30 mins,8
https://www.allrecipes.com/meatball-slider-bombs-recipe-8778150,Meatball Slider Bombs,"[{'quantity': '2', 'unit': '(13.8 ounce) cans', 'ingredient': 'pizza dough'}, {'quantity': '24', 'unit': None, 'ingredient': 'meatballs,'}, {'quantity': '2/3', 'unit': 'cup', 'ingredient': 'marinara sauce,'}, {'quantity': '1 1/2', 'unit': 'cups', 'ingredient': 'shredded mozzarella cheese'}, {'quantity': '3', 'unit': 'tablespoons', 'ingredient': 'olive oil'}, {'quantity': None, 'unit': None, 'ingredient': 'salt and freshly ground black pepper'}, {'quantity': None, 'unit': None, 'ingredient': 'crushed red pepper flakes, Italian Seasoning, and garlic powder or minced garlic'}, {'quantity': '1/4', 'unit': 'cup', 'ingredient': 'grated Parmesan cheese'}]",35 mins,24
https://www.allrecipes.com/cowboy-queso-recipe-8778688,Cowboy Queso,"[{'quantity': '1', 'unit': 'pound', 'ingredient': 'ground beef'}, {'quantity': '1/2', 'unit': 'teaspoon', 'ingredient': 'salt'}, {'quantity': '1/4', 'unit': 'teaspoon', 'ingredient': 'ground black pepper'}, {'quantity': '1', 'unit': 'small', 'ingredient': 'jalapeno, diced'}, {'quantity': '1', 'unit': 'small', 'ingredient': 'red onion, diced'}, {'quantity': '6', 'unit': 'ounces', 'ingredient': 'beer'}, {'quantity': '1', 'unit': 'pound', 'ingredient': 'Velveeta®'}, {'quantity': '3/4', 'unit': 'cup', 'ingredient': 'pepper Jack cheese'}, {'quantity': '1', 'unit': '(15 ounce) can', 'ingredient': 'black beans, drained'}, {'quantity': '1', 'unit': '(10 ounce) can', 'ingredient': 'diced tomatoes with green chiles'}, {'quantity': '1', 'unit': '(2.25 ounce) can', 'ingredient': 'black olives,'}, {'quantity': '1/2', 'unit': 'cup', 'ingredient': 'chopped fresh cilantro, for garnish'}]",30 mins,8
https://www.allrecipes.com/bang-bang-chicken-bites-recipe-8778092,Bang Bang Chicken Bites,"[{'quantity': '24', 'unit': 'ounces', 'ingredient': 'chicken nuggets'}, {'quantity': '1/2', 'unit': 'cup', 'ingredient': 'mayonnaise'}, {'quantity': '3', 'unit': 'tablespoons', 'ingredient': 'sweet chili sauce'}, {'quantity': '1', 'unit': 'tablespoon', 'ingredient': 'Sriracha hot sauce,'}, {'quantity': '1/4', 'unit': 'cup', 'ingredient': 'green onions'}]",20 mins,6
https://www.allrecipes.com/parmesan-garlic-pizza-rolls-recipe-8758534,Parmesan Garlic Pizza Rolls,"[{'quantity': '1/2', 'unit': '(24.8-ounce) package', 'ingredient': 'pizza rolls,'}, {'quantity': '3', 'unit': 'tablespoons', 'ingredient': 'butter'}, {'quantity': '1', 'unit': 'clove', 'ingredient': 'garlic, finely minced, or more to taste'}, {'quantity': '1/4', 'unit': 'cup', 'ingredient': 'grated Parmesan cheese'}]",20 mins,4
https://www.allrecipes.com/bang-bang-chicken-nuggets-recipe-8767654,Bang Bang Chicken Nuggets,"[{'quantity': '1 1/2', 'unit': 'pounds', 'ingredient': 'skinless, boneless chicken breasts and/or thighs'}, {'quantity': '2', 'unit': 'tablespoons', 'ingredient': 'breadcrumbs'}, {'quantity': '1 1/2', 'unit': 'teaspoons', 'ingredient': 'kosher salt'}, {'quantity': '1', 'unit': 'teaspoon', 'ingredient': 'paprika'}, {'quantity': '1/2', 'unit': 'teaspoon', 'ingredient': 'ground black pepper'}, {'quantity': '1/2', 'unit': 'teaspoon', 'ingredient': 'cayenne pepper'}, {'quantity': '1/2', 'unit': 'teaspoon', 'ingredient': 'garlic powder'}, {'quantity': '1', 'unit': 'tablespoon', 'ingredient': 'vegetable oil'}, {'quantity': '1/3', 'unit': 'cup', 'ingredient': 'cornstarch'}, {'quantity': '1/3', 'unit': 'cup', 'ingredient': 'self-rising flour'}, {'quantity': '1/3', 'unit': 'cup', 'ingredient': 'green onions'}, {'quantity': '3', 'unit': 'cups', 'ingredient': 'vegetable oil for frying, or as needed'}, {'quantity': '3/4', 'unit': 'cup', 'ingredient': 'mayonnaise'}, {'quantity': '2', 'unit': 'tablespoons', 'ingredient': 'honey'}, {'quantity': '3', 'unit': 'tablespoons', 'ingredient': 'Sriracha hot sauce'}, {'quantity': '1', 'unit': 'tablespoon', 'ingredient': 'soy sauce'}, {'quantity': '1', 'unit': 'teaspoon', 'ingredient': 'sesame oil'}, {'quantity': '3', 'unit': 'tablespoons', 'ingredient': 'rice vinegar'}, {'quantity': '1/2', 'unit': 'teaspoon', 'ingredient': 'pepper'}]",2 hrs 10 mins,6
https://www.allrecipes.com/recipe/51326/chinese-tea-leaf-eggs/,Chinese Tea Eggs,"[{'quantity': '3', 'unit': 'cups', 'ingredient': 'water'}, {'quantity': '2', 'unit': 'tablespoons', 'ingredient': 'black tea leaves'}, {'quantity': '1', 'unit': 'tablespoon', 'ingredient': 'soy sauce'}, {'quantity': '1', 'unit': 'tablespoon', 'ingredient': 'black soy sauce'}, {'quantity': '1', 'unit': 'tablespoon', 'ingredient': 'tangerine zest'}, {'quantity': '1', 'unit': '(2-inch) piece', 'ingredient': 'cinnamon stick'}, {'quantity': '2', 'unit': 'pods', 'ingredient': 'star anise'}, {'quantity': '1 ¼', 'unit': 'teaspoons', 'ingredient': 'salt, divided'}, {'quantity': '8', 'unit': 'large', 'ingredient': 'eggs'}]",11 hrs 20 mins,8
https://www.allrecipes.com/cheese-puff-sliders-recipe-8768983,Cheese Puff Sliders,"[{'quantity': '1/2', 'unit': 'cup', 'ingredient': 'sharp Cheddar cheese'}, {'quantity': '1/2', 'unit': 'cup', 'ingredient': 'shredded Gruyere cheese'}, {'quantity': '1/2', 'unit': 'cup', 'ingredient': 'water'}, {'quantity': '1/4', 'unit': 'cup', 'ingredient': 'unsalted butter'}, {'quantity': '1/2', 'unit': 'teaspoon', 'ingredient': 'kosher salt'}, {'quantity': '1/2', 'unit': 'cup', 'ingredient': 'all-purpose flour'}, {'quantity': '1', 'unit': 'pinch', 'ingredient': 'cayenne pepper'}, {'quantity': '1/2', 'unit': 'teaspoon', 'ingredient': 'ground black pepper'}, {'quantity': '2', 'unit': 'large', 'ingredient': 'eggs'}, {'quantity': '6', 'unit': 'tablespoons', 'ingredient': 'mayonnaise'}, {'quantity': '3', 'unit': 'tablespoons', 'ingredient': 'ketchup'}, {'quantity': '3', 'unit': 'tablespoons', 'ingredient': 'mustard'}, {'quantity': '1 1/2', 'unit': 'pounds', 'ingredient': 'ground beef'}, {'quantity': None, 'unit': None, 'ingredient': 'salt and freshly ground black pepper to taste'}, {'quantity': '6', 'unit': 'cherry', 'ingredient': 'tomatoes, cut into 4 slices each'}, {'quantity': '12', 'unit': None, 'ingredient': 'bread and butter pickle slices'}, {'quantity': None, 'unit': None, 'ingredient': 'Romaine lettuce leaves'}]",1 hr 30 mins,6
https://www.allrecipes.com/mediterranean-marinated-cheese-recipe-8767492,Mediterranean Marinated Cheese,"[{'quantity': '1', 'unit': '(8 ounce) block', 'ingredient': 'havarti cheese'}, {'quantity': '1', 'unit': '(8 ounce) block', 'ingredient': 'cream cheese, cold'}, {'quantity': '1/2', 'unit': 'cup', 'ingredient': 'extra-virgin olive oil'}, {'quantity': '1/4', 'unit': 'cup', 'ingredient': 'red wine vinegar'}, {'quantity': '1/4', 'unit': 'cup', 'ingredient': 'white wine vinegar'}, {'quantity': '1/4', 'unit': 'cup', 'ingredient': 'sundried tomatoes'}, {'quantity': '3', 'unit': 'tablespoons', 'ingredient': 'Italian parsley'}, {'quantity': '3', 'unit': 'tablespoons', 'ingredient': 'green onion'}, {'quantity': '2', 'unit': 'tablespoons', 'ingredient': 'olives'}, {'quantity': '1', 'unit': 'clove', 'ingredient': 'garlic, finely minced'}, {'quantity': '1', 'unit': 'teaspoon', 'ingredient': 'sugar'}, {'quantity': '1/4', 'unit': 'teaspoon', 'ingredient': 'oregano'}, {'quantity': '1 1/4', 'unit': 'teaspoons', 'ingredient': 'lemon pepper'}, {'quantity': '1/2', 'unit': 'teaspoon', 'ingredient': 'kosher salt'}, {'quantity': '1/4', 'unit': 'teaspoon', 'ingredient': 'crushed red pepper'}]",4 hrs 35 mins,16
https://www.allrecipes.com/baked-boursin-tomato-dip-recipe-8761942,Baked Boursin Tomato Dip,"[{'quantity': '3', 'unit': 'cups', 'ingredient': 'cherry or grape tomatoes'}, {'quantity': '2', 'unit': 'tablespoons', 'ingredient': 'olive oil'}, {'quantity': '3', 'unit': 'cloves', 'ingredient': 'garlic'}, {'quantity': '1', 'unit': 'teaspoon', 'ingredient': 'dried basil'}, {'quantity': None, 'unit': None, 'ingredient': 'salt and freshly ground black pepper to taste'}, {'quantity': '1', 'unit': '5.2 ounce) package', 'ingredient': 'French cheese, such as Boursin'}, {'quantity': None, 'unit': None, 'ingredient': 'chopped fresh basil or sliced green onion for garnish'}]",45 mins,6
https://www.allrecipes.com/miso-aioli-recipe-8768230,Miso Aioli,"[{'quantity': '3/4', 'unit': 'cup', 'ingredient': 'mayonnaise'}, {'quantity': '2', 'unit': 'tablespoons', 'ingredient': 'miso paste'}, {'quantity': '1', 'unit': 'tablespoon', 'ingredient': 'lemon juice'}, {'quantity': '2', 'unit': 'teaspoons', 'ingredient': 'reduced-sodium soy sauce'}, {'quantity': '1/2', 'unit': 'teaspoon', 'ingredient': 'Sriracha'}]",5 mins,8
https://www.allrecipes.com/the-best-salmon-cakes-recipe-8764931,The Best Salmon Cakes,"[{'quantity': None, 'unit': None, 'ingredient': 'cooking spray'}, {'quantity': '1', 'unit': 'tablespoon', 'ingredient': 'butter'}, {'quantity': '1/3', 'unit': 'cup', 'ingredient': 'red onion'}, {'quantity': '1/4', 'unit': 'cup', 'ingredient': 'red bell pepper'}, {'quantity': '1/4', 'unit': 'cup', 'ingredient': 'chopped celery'}, {'quantity': '3', 'unit': 'tablespoons', 'ingredient': 'chopped parsley'}, {'quantity': '1', 'unit': 'tablespoon', 'ingredient': 'Dijon mustard'}, {'quantity': '1/4', 'unit': 'cup', 'ingredient': 'mayonnaise'}, {'quantity': '1', 'unit': 'teaspoon', 'ingredient': 'Worcestershire sauce'}, {'quantity': '1/2', 'unit': 'teaspoon', 'ingredient': 'Old Bay'}, {'quantity': '1', 'unit': 'large', 'ingredient': 'egg, beaten'}, {'quantity': '2', 'unit': 'teaspoons', 'ingredient': 'lemon juice'}, {'quantity': '1/2', 'unit': 'teaspoon', 'ingredient': 'kosher salt'}, {'quantity': '1/4', 'unit': 'teaspoon', 'ingredient': 'pepper'}, {'quantity': '1 2/3', 'unit': 'cups', 'ingredient': 'panko breadcrumbs, divided'}, {'quantity': '2', 'unit': 'cups', 'ingredient': 'salmon'}, {'quantity': '3', 'unit': 'tablespoons', 'ingredient': 'vegetable oil'}]",40 mins,6
https://www.allrecipes.com/salmon-cream-cheese-recipe-8764414,Salmon Cream Cheese,"[{'quantity': '8', 'unit': 'ounces', 'ingredient': 'cream cheese,'}, {'quantity': '2', 'unit': 'teaspoons', 'ingredient': 'lemon juice'}, {'quantity': '1/2', 'unit': 'teaspoon', 'ingredient': 'salt'}, {'quantity': '1/4', 'unit': 'teaspoon', 'ingredient': 'pepper'}, {'quantity': '1', 'unit': 'tablespoon', 'ingredient': 'dill'}, {'quantity': '1', 'unit': 'tablespoon', 'ingredient': 'capers'}, {'quantity': '1 1/4', 'unit': 'cups', 'ingredient': 'cooked salmon'}]",10 mins,6
https://www.allrecipes.com/justin-rowlands-philly-cheesesteak-egg-rolls-recipe-8762569,Justin Rowland's Philly Cheesesteak Egg Rolls,"[{'quantity': '1', 'unit': 'tablespoon', 'ingredient': 'extra-virgin olive oil'}, {'quantity': '1', 'unit': None, 'ingredient': 'white onion'}, {'quantity': '12.5', 'unit': 'ounces', 'ingredient': 'shaved ribeye meat'}, {'quantity': None, 'unit': None, 'ingredient': 'garlic powder'}, {'quantity': None, 'unit': None, 'ingredient': 'salt and freshly ground black pepper, to taste'}, {'quantity': '1', 'unit': '(14 ounce) package', 'ingredient': 'egg roll wrappers'}, {'quantity': '4', 'unit': 'slices', 'ingredient': 'white American cheese, cut in half'}, {'quantity': '2', 'unit': 'large', 'ingredient': 'eggs, beaten'}, {'quantity': '2', 'unit': 'cups', 'ingredient': 'oil'}, {'quantity': '1/4', 'unit': 'cup', 'ingredient': 'ketchup'}, {'quantity': '1/4', 'unit': 'cup', 'ingredient': 'mayonnaise'}]",30 mins,4 Servings
https://www.allrecipes.com/goat-cheese-stuffed-dates-recipe-8759685,Goat Cheese Stuffed Dates,"[{'quantity': '14', 'unit': None, 'ingredient': 'Medjool dates'}, {'quantity': '4', 'unit': 'ounces', 'ingredient': 'garlic and herb goat cheese'}, {'quantity': '1', 'unit': 'tablespoon', 'ingredient': 'pine nuts'}, {'quantity': '7', 'unit': 'slices', 'ingredient': 'bacon'}, {'quantity': '14', 'unit': None, 'ingredient': 'toothpicks'}, {'quantity': '1/4', 'unit': 'cup', 'ingredient': 'balsamic glaze'}]",40 mins,14
https://www.allrecipes.com/million-dollar-snack-mix-recipe-8747298,Million Dollar Snack Mix,"[{'quantity': '2', 'unit': 'cups', 'ingredient': 'bite-size Cheddar cheese crackers'}, {'quantity': '2', 'unit': 'cups', 'ingredient': 'Cheddar cheese flavored snack mix'}, {'quantity': '2', 'unit': 'cups', 'ingredient': 'cone-shaped nacho cheese flavored corn snacks'}, {'quantity': '2', 'unit': 'cups', 'ingredient': 'Cheddar cheese crackers'}, {'quantity': '2', 'unit': 'cups', 'ingredient': 'saltine crackers'}, {'quantity': '1', 'unit': 'cup', 'ingredient': 'pretzel twists'}, {'quantity': '1/2', 'unit': 'cup', 'ingredient': 'Parmesan cheese'}, {'quantity': '1/3', 'unit': 'cup', 'ingredient': 'olive oil'}, {'quantity': '2', 'unit': 'tablespoons', 'ingredient': 'crushed red pepper'}, {'quantity': '1', 'unit': 'teaspoon', 'ingredient': 'garlic powder'}, {'quantity': '1/4', 'unit': 'teaspoon', 'ingredient': 'black pepper'}]",20 mins,10 (serving size: about 1 cup)
https://www.allrecipes.com/christmas-tree-cheese-ball-recipe-8762179,Christmas Tree Cheese Ball,"[{'quantity': 'plastic', 'unit': None, 'ingredient': 'plastic'}, {'quantity': None, 'unit': None, 'ingredient': 'cooking spray'}, {'quantity': '2', 'unit': '(7.5 ounce) packages', 'ingredient': 'pineapple flavored cream cheese spread'}, {'quantity': '1/2', 'unit': 'pint', 'ingredient': 'raspberries'}, {'quantity': '1/2', 'unit': 'cup', 'ingredient': 'pistachios'}, {'quantity': None, 'unit': None, 'ingredient': 'fresh rosemary'}, {'quantity': None, 'unit': None, 'ingredient': 'star-shaped baking sprinkles'}, {'quantity': None, 'unit': None, 'ingredient': 'Colby and Monterrey Jack mixed cheese cubes'}, {'quantity': '6', 'unit': None, 'ingredient': 'red wax-wrapped mini cheeses, such as BabyBel'}, {'quantity': None, 'unit': None, 'ingredient': 'assorted crackers, for serving'}]",20 mins,12
https://www.allrecipes.com/christmas-ornament-cheese-ball-recipe-8759389,Christmas Ornament Cheese Ball,"[{'quantity': '1', 'unit': '(8 ounce) packages', 'ingredient': 'cream cheese'}, {'quantity': '1', 'unit': '(1 ounce) package', 'ingredient': 'ranch dressing mix'}, {'quantity': '1 1/2', 'unit': 'cups', 'ingredient': 'dill pickles'}, {'quantity': '1', 'unit': 'cup', 'ingredient': 'bacon'}, {'quantity': '1/2', 'unit': 'ounce', 'ingredient': 'fresh dill, chopped'}, {'quantity': None, 'unit': None, 'ingredient': 'crackers, for serving'}]",20 mins,23
https://www.allrecipes.com/mediterranean-deviled-eggs-recipe-8756876,Mediterranean Deviled Eggs,"[{'quantity': '6', 'unit': 'large', 'ingredient': 'hard boiled eggs'}, {'quantity': '1/4', 'unit': 'cup', 'ingredient': 'Greek yogurt'}, {'quantity': '1', 'unit': 'teaspoon', 'ingredient': 'white vinegar'}, {'quantity': '1', 'unit': 'tablespoon', 'ingredient': 'fresh dill'}, {'quantity': '2', 'unit': 'tablespoons', 'ingredient': 'feta cheese'}, {'quantity': '1', 'unit': 'tablespoon', 'ingredient': 'olives'}, {'quantity': '1', 'unit': 'teaspoon', 'ingredient': 'brine from olive jar'}, {'quantity': '1/2', 'unit': 'teaspoon', 'ingredient': 'garlic powder'}, {'quantity': '1', 'unit': 'pinch', 'ingredient': 'smoked paprika,'}]",30 mins,12
https://www.allrecipes.com/everything-bagel-greek-yogurt-dip-recipe-8756899,Everything Bagel Greek Yogurt Dip,"[{'quantity': '8', 'unit': 'ounces', 'ingredient': 'plain Greek yogurt'}, {'quantity': '4', 'unit': 'ounces', 'ingredient': 'low-fat cottage cheese'}, {'quantity': '1 1/2', 'unit': 'tablespoons', 'ingredient': 'everything bagel seasoning'}, {'quantity': '1', 'unit': 'teaspoon', 'ingredient': 'dry ranch dressing mix'}]",5 mins,
https://www.allrecipes.com/caramelized-onion-and-bacon-baked-brie-with-fig-jam-recipe-8756680,Caramelized Onion and Bacon Baked Brie with Fig Jam,"[{'quantity': '1', 'unit': 'tablespoon', 'ingredient': 'butter'}, {'quantity': '1', 'unit': 'large', 'ingredient': 'onion'}, {'quantity': '1', 'unit': 'teaspoon', 'ingredient': 'fresh thyme'}, {'quantity': '1', 'unit': 'teaspoon', 'ingredient': 'balsamic vinegar'}, {'quantity': '1', 'unit': '(6 to 8 ounce) wheel', 'ingredient': 'Brie cheese'}, {'quantity': '4', 'unit': 'slices', 'ingredient': 'bacon'}, {'quantity': '3', 'unit': 'tablespoons', 'ingredient': 'fig jam'}, {'quantity': '1/4', 'unit': 'teaspoon', 'ingredient': 'ground black pepper'}, {'quantity': '1', 'unit': 'sheet', 'ingredient': 'puff pastry, thawed (from a 17.3 ounce box)'}, {'quantity': '1', 'unit': 'large', 'ingredient': 'egg'}, {'quantity': None, 'unit': None, 'ingredient': 'apple slices and crackers, for serving'}]",1 hr 5 mins,10
https://www.allrecipes.com/garlic-butter-baked-brie-in-a-box-recipe-8756783,Garlic Butter Baked Brie in a Box,"[{'quantity': '1', 'unit': '12 to 14 ounce) wheel', 'ingredient': 'Brie cheese, in wooden box'}, {'quantity': '2', 'unit': 'tablespoons', 'ingredient': 'butter'}, {'quantity': '2', 'unit': 'cloves', 'ingredient': 'garlic'}, {'quantity': None, 'unit': None, 'ingredient': 'black pepper to taste'}, {'quantity': '2', 'unit': 'teaspoons', 'ingredient': 'fresh thyme leaves, finely chopped'}, {'quantity': None, 'unit': None, 'ingredient': 'crushed red pepper to taste'}, {'quantity': None, 'unit': None, 'ingredient': 'toasted baguette slices for serving'}]",20 mins,10
https://www.allrecipes.com/mac-and-cheese-cowboy-cups-recipe-8758352,Mac and Cheese Cowboy Cups,"[{'quantity': '2', 'unit': 'boxes', 'ingredient': 'macaroni and cheese'}, {'quantity': '2/3', 'unit': 'cups', 'ingredient': 'whole milk'}, {'quantity': '5', 'unit': 'tablespoons', 'ingredient': 'butter'}, {'quantity': '1', 'unit': 'pound', 'ingredient': 'ground beef'}, {'quantity': '1', 'unit': 'packet', 'ingredient': 'taco seasoning'}, {'quantity': '1/2', 'unit': 'cup', 'ingredient': 'onion'}, {'quantity': '1', 'unit': '(10 ounce) can', 'ingredient': 'diced tomatoes and green chiles,'}, {'quantity': '2', 'unit': 'cups', 'ingredient': 'pepper Jack cheese'}, {'quantity': None, 'unit': None, 'ingredient': 'sour cream, jalapeno slices, and chopped cilantro for topping'}]",55 mins,24
https://www.allrecipes.com/trees-a-crowd-cheese-ball-recipe-8740108,“Tree’s a Crowd” Cheese Ball,"[{'quantity': '2', 'unit': '(8-ounce) blocks', 'ingredient': 'cream cheese'}, {'quantity': '¼', 'unit': 'cup', 'ingredient': 'butter'}, {'quantity': '1', 'unit': 'cup', 'ingredient': 'grated Cheddar cheese'}, {'quantity': '1', 'unit': 'cup', 'ingredient': 'white Cheddar cheese'}, {'quantity': '1', 'unit': '(4-ounce) jar', 'ingredient': 'pimentos'}, {'quantity': '1½', 'unit': 'tablespoons', 'ingredient': 'Worcestershire sauce'}, {'quantity': '2', 'unit': None, 'ingredient': 'garlic cloves'}, {'quantity': None, 'unit': None, 'ingredient': 'sliced almonds'}, {'quantity': None, 'unit': None, 'ingredient': 'chopped fresh parsley'}, {'quantity': None, 'unit': None, 'ingredient': 'pomegranate seeds'}, {'quantity': '3', 'unit': 'sprigs', 'ingredient': 'rosemary'}, {'quantity': None, 'unit': None, 'ingredient': '3-inch-long red bell pepper strips'}, {'quantity': None, 'unit': None, 'ingredient': 'cherry tomatoes'}, {'quantity': None, 'unit': None, 'ingredient': 'assorted crackers and pretzels'}]",1 hr 25 mins,10
https://www.allrecipes.com/garlic-butter-steak-bites-with-mushrooms-recipe-8751632,Garlic Butter Steak Bites With Mushrooms,"[{'quantity': '1/4', 'unit': 'cup', 'ingredient': 'coconut aminos or light soy sauce'}, {'quantity': '2', 'unit': 'tablespoons', 'ingredient': 'red wine vinegar'}, {'quantity': '1', 'unit': 'tablespoons', 'ingredient': 'olive oil'}, {'quantity': '1/2', 'unit': 'teaspoon', 'ingredient': 'salt'}, {'quantity': '1/2', 'unit': 'teaspoon', 'ingredient': 'ground black pepper'}, {'quantity': '1 1/2', 'unit': 'pounds', 'ingredient': 'sirloin'}, {'quantity': '3', 'unit': 'tablespoons', 'ingredient': 'unsalted butter'}, {'quantity': '1', 'unit': 'tablespoon', 'ingredient': 'minced garlic'}, {'quantity': '1', 'unit': 'cup', 'ingredient': 'sliced mushrooms'}, {'quantity': '1/2', 'unit': 'cup', 'ingredient': 'onion slices'}, {'quantity': '1', 'unit': 'tablespoon', 'ingredient': 'parsley'}]",50 mins,4
https://www.allrecipes.com/baked-mac-and-cheese-bites-recipe-8751356,Baked Mac and Cheese Bites,"[{'quantity': None, 'unit': None, 'ingredient': 'nonstick cooking spray'}, {'quantity': '8', 'unit': 'ounces', 'ingredient': 'elbow macaroni'}, {'quantity': '2', 'unit': 'tablespoons', 'ingredient': 'unsalted butter'}, {'quantity': '2', 'unit': 'tablespoons', 'ingredient': 'all-purpose flour'}, {'quantity': '1 1/2', 'unit': 'cups', 'ingredient': 'milk'}, {'quantity': '2', 'unit': 'cups', 'ingredient': 'sharp Cheddar cheese,'}, {'quantity': '2', 'unit': 'ounces', 'ingredient': 'cream cheese'}, {'quantity': '1/2', 'unit': 'teaspoon', 'ingredient': 'salt'}, {'quantity': '1/4', 'unit': 'teaspoon', 'ingredient': 'ground black pepper'}, {'quantity': '1', 'unit': 'large', 'ingredient': 'egg, beaten'}]",35 mins,16
https://www.allrecipes.com/recipe/15683/dutch-apple-pie-with-oatmeal-streusel/,Dutch Apple Pie with Oatmeal Streusel,"[{'quantity': '5', 'unit': 'cups', 'ingredient': 'apples - peeled, cored and sliced'}, {'quantity': '⅔', 'unit': 'cup', 'ingredient': 'white sugar'}, {'quantity': '2', 'unit': 'tablespoons', 'ingredient': 'all-purpose flour'}, {'quantity': '½', 'unit': 'teaspoon', 'ingredient': 'ground cinnamon'}, {'quantity': '¼', 'unit': 'teaspoon', 'ingredient': 'ground nutmeg'}, {'quantity': '¼', 'unit': 'teaspoon', 'ingredient': 'ground allspice'}, {'quantity': '1', 'unit': '(9 inch)', 'ingredient': 'frozen pie crust'}, {'quantity': '2', 'unit': 'tablespoons', 'ingredient': 'butter'}, {'quantity': '', 'unit': '', 'ingredient': 'aluminum foil'}, {'quantity': '¾', 'unit': 'cup', 'ingredient': 'all-purpose flour'}, {'quantity': '¾', 'unit': 'cup', 'ingredient': 'rolled oats'}, {'quantity': '½', 'unit': 'cup', 'ingredient': 'packed brown sugar'}, {'quantity': '1', 'unit': 'teaspoon', 'ingredient': 'lemon zest'}, {'quantity': '½', 'unit': 'teaspoon', 'ingredient': 'ground cinnamon'}, {'quantity': '½', 'unit': 'cup', 'ingredient': 'butter'}]",1 hr,8
https://www.allrecipes.com/easy-caramel-apple-crisp-pie-recipe-8716995,Easy Caramel Apple Crisp Pie,"[{'quantity': '1', 'unit': '(9 inch)', 'ingredient': 'unbaked pie crust'}, {'quantity': '2', 'unit': '(20 ounce) cans', 'ingredient': 'apple pie filling'}, {'quantity': '1/3', 'unit': 'cup', 'ingredient': 'thick caramel dip'}, {'quantity': '1', 'unit': 'cup', 'ingredient': 'all-purpose flour'}, {'quantity': '2/3', 'unit': 'cup', 'ingredient': 'light brown sugar'}, {'quantity': '2/3', 'unit': 'cup', 'ingredient': 'oats'}, {'quantity': '1/2', 'unit': 'cup', 'ingredient': 'butter'}, {'quantity': '1 1/2', 'unit': 'teaspoons', 'ingredient': 'cinnamon'}, {'quantity': '1/4', 'unit': 'teaspoon', 'ingredient': 'salt'}]",1 hr 5 mins,8
https://www.allrecipes.com/copycat-mcdonalds-apple-pies-recipe-8411642,Copycat McDonald's Apple Pies,"[{'quantity': '2', 'unit': 'cups', 'ingredient': 'apples'}, {'quantity': '1 1/2', 'unit': 'teaspoons', 'ingredient': 'fresh lemon juice'}, {'quantity': '2', 'unit': 'tablespoons', 'ingredient': 'light brown sugar'}, {'quantity': '3', 'unit': 'tablespoons', 'ingredient': 'granulated sugar'}, {'quantity': '1', 'unit': 'teaspoon', 'ingredient': 'ground cinnamon'}, {'quantity': '1', 'unit': 'tablespoon', 'ingredient': 'unsalted butter'}, {'quantity': '1 1/2', 'unit': 'teaspoons', 'ingredient': 'cornstarch'}, {'quantity': '1/2', 'unit': 'teaspoon', 'ingredient': 'vanilla extract'}, {'quantity': '1', 'unit': None, 'ingredient': 'refrigerated pie crust'}, {'quantity': '1', 'unit': None, 'ingredient': 'large egg'}, {'quantity': None, 'unit': None, 'ingredient': 'Cooking spray'}]",1 hr 40 mins,8 (serving size: 1 pie)
https://www.allrecipes.com/caramel-apple-pie-cookies-recipe-7642173,Caramel Apple Pie Cookies,"[{'quantity': '1', 'unit': '(14.1-ounce) package', 'ingredient': 'rolled refrigerated unbaked pie crusts (2 crusts)'}, {'quantity': '1', 'unit': 'cup', 'ingredient': 'apple pie filling'}, {'quantity': '1/4', 'unit': 'cup', 'ingredient': 'caramel sauce'}, {'quantity': '1', 'unit': 'tablespoon', 'ingredient': 'sugar'}, {'quantity': '1/4', 'unit': 'teaspoon', 'ingredient': 'apple pie or ground cinnamon'}, {'quantity': '1', 'unit': 'tablespoon', 'ingredient': 'half and half'}]",52 mins,20
https://www.allrecipes.com/recipe/230243/moms-cranberry-apple-pie/,Mom's Apple Cranberry Pie,"[{'quantity': '1', 'unit': '(14.1 ounce) package', 'ingredient': 'pastry for a double-crust 9-inch pie'}, {'quantity': '4', 'unit': 'cups', 'ingredient': 'peeled and sliced apples'}, {'quantity': '2', 'unit': 'cups', 'ingredient': 'cranberries'}, {'quantity': '¾', 'unit': 'cup', 'ingredient': 'white sugar'}, {'quantity': '1', 'unit': 'tablespoon', 'ingredient': 'cornstarch'}, {'quantity': '1', 'unit': 'teaspoon', 'ingredient': 'ground cinnamon'}, {'quantity': '2', 'unit': 'tablespoons', 'ingredient': 'butter, cut into small pieces'}]",1 hr 5 mins,8
https://www.allrecipes.com/recipe/230610/apple-tarte-tatin/,Tarte Tatin,"[{'quantity': '3', 'unit': 'tablespoons', 'ingredient': 'butter'}, {'quantity': '¾', 'unit': 'cup', 'ingredient': 'white sugar'}, {'quantity': '3', 'unit': 'large', 'ingredient': 'Granny Smith apples - peeled, cored, and quartered'}, {'quantity': '1', 'unit': 'tablespoon', 'ingredient': 'all-purpose flour'}, {'quantity': '1', 'unit': None, 'ingredient': '(9-inch) unbaked pie crust'}]",50 mins,6
https://www.allrecipes.com/recipe/15942/canned-apple-pie-filling/,Canned Apple Pie Filling,"[{'quantity': '4 ½', 'unit': 'cups', 'ingredient': 'white sugar'}, {'quantity': '1', 'unit': 'cup', 'ingredient': 'cooking starch used for preserving, such as ClearJel'}, {'quantity': '2', 'unit': 'teaspoons', 'ingredient': 'ground cinnamon'}, {'quantity': '¼', 'unit': 'teaspoon', 'ingredient': 'ground nutmeg'}, {'quantity': '10', 'unit': 'cups', 'ingredient': 'water'}, {'quantity': '2', 'unit': 'teaspoons', 'ingredient': 'salt'}, {'quantity': '3', 'unit': 'tablespoons', 'ingredient': 'lemon juice'}, {'quantity': '2', 'unit': 'drops', 'ingredient': 'yellow food coloring (Optional)'}, {'quantity': '6', 'unit': 'pounds', 'ingredient': 'apples'}]",1 hr,56
https://www.allrecipes.com/recipe/12681/apple-pie-filling/,Apple Pie Filling,"[{'quantity': '18', 'unit': 'cups', 'ingredient': 'thinly sliced apples'}, {'quantity': '3', 'unit': 'tablespoons', 'ingredient': 'lemon juice'}, {'quantity': '10', 'unit': 'cups', 'ingredient': 'water'}, {'quantity': '4 ½', 'unit': 'cups', 'ingredient': 'white sugar'}, {'quantity': '1', 'unit': 'cup', 'ingredient': 'cornstarch'}, {'quantity': '2', 'unit': 'teaspoons', 'ingredient': 'ground cinnamon'}, {'quantity': '1', 'unit': 'teaspoon', 'ingredient': 'salt'}, {'quantity': '¼', 'unit': 'teaspoon', 'ingredient': 'ground nutmeg'}]",2 hrs 40 mins,40
https://www.allrecipes.com/recipe/12682/apple-pie-by-grandma-ople/,Apple Pie by Grandma Ople,"[{'quantity': '8', 'unit': 'small', 'ingredient': 'Granny Smith apples, or as needed'}, {'quantity': '½', 'unit': 'cup', 'ingredient': 'unsalted butter'}, {'quantity': '3', 'unit': 'tablespoons', 'ingredient': 'all-purpose flour'}, {'quantity': '½', 'unit': 'cup', 'ingredient': 'white sugar'}, {'quantity': '½', 'unit': 'cup', 'ingredient': 'packed brown sugar'}, {'quantity': '¼', 'unit': 'cup', 'ingredient': 'water'}, {'quantity': '1', 'unit': '(9 inch)', 'ingredient': 'double-crust pie pastry, thawed'}]",1 hr 30 mins,8
https://www.allrecipes.com/recipe/12583/old-fashioned-apple-pie/,Old-Fashioned Apple Pie,"[{'quantity': '1', 'unit': '(14.1 ounce) package', 'ingredient': 'pastry for a double-crust 9-inch pie'}, {'quantity': '7', 'unit': 'cups', 'ingredient': 'peeled, cored and sliced apples'}, {'quantity': '1', 'unit': 'cup', 'ingredient': 'white sugar'}, {'quantity': '3', 'unit': 'tablespoons', 'ingredient': 'all-purpose flour'}, {'quantity': '1', 'unit': 'teaspoon', 'ingredient': 'ground cinnamon'}, {'quantity': '¼', 'unit': 'teaspoon', 'ingredient': 'salt'}, {'quantity': '⅛', 'unit': 'teaspoon', 'ingredient': 'ground nutmeg'}, {'quantity': '2', 'unit': 'tablespoons', 'ingredient': 'butter'}]",1 hr 10 mins,8
https://www.allrecipes.com/recipe/15587/apple-crumb-pie/,Apple Crumb Pie,"[{'quantity': '6', 'unit': 'cups', 'ingredient': 'thinly sliced apples'}, {'quantity': '1', 'unit': 'tablespoon', 'ingredient': 'lemon juice (Optional)'}, {'quantity': '¾', 'unit': 'cup', 'ingredient': 'white sugar'}, {'quantity': '2', 'unit': 'tablespoons', 'ingredient': 'all-purpose flour'}, {'quantity': '½', 'unit': 'teaspoon', 'ingredient': 'ground cinnamon'}, {'quantity': '⅛', 'unit': 'teaspoon', 'ingredient': 'ground nutmeg'}, {'quantity': '½', 'unit': 'cup', 'ingredient': 'raisins (Optional)'}, {'quantity': '½', 'unit': 'cup', 'ingredient': 'chopped walnuts (Optional)'}, {'quantity': '1', 'unit': '(9 inch)', 'ingredient': 'pie shell'}, {'quantity': '½', 'unit': 'cup', 'ingredient': 'all-purpose flour'}, {'quantity': '½', 'unit': 'cup', 'ingredient': 'packed brown sugar'}, {'quantity': '3', 'unit': 'tablespoons', 'ingredient': 'butter'}]",1 hr 20 mins,8
https://www.allrecipes.com/recipe/12324/apple-pie-i/,Easy Apple Pie,"[{'quantity': '1', 'unit': '(14.1 ounce) package', 'ingredient': 'pastry for a 9-inch double-crust pie'}, {'quantity': '¾', 'unit': 'cup', 'ingredient': 'white sugar, or more to taste'}, {'quantity': '1', 'unit': 'teaspoon', 'ingredient': 'ground cinnamon'}, {'quantity': '6', 'unit': 'cups', 'ingredient': 'thinly sliced apples'}, {'quantity': '1', 'unit': 'tablespoon', 'ingredient': 'butter'}]",1 hr,8
https://www.allrecipes.com/croatian-apple-pie-squares-recipe-7508367,Croatian Apple Pie Squares,"[{'quantity': '2 1/2', 'unit': 'cups', 'ingredient': 'all-purpose flour'}, {'quantity': '1 1/4', 'unit': 'cups', 'ingredient': 'unsalted butter, cut into cubes'}, {'quantity': '1/4', 'unit': 'cup', 'ingredient': 'sugar'}, {'quantity': '2', 'unit': 'large', 'ingredient': 'egg yolks'}, {'quantity': '2', 'unit': 'tablespoons', 'ingredient': 'sour cream'}, {'quantity': '1', 'unit': 'tablespoon', 'ingredient': 'plum brandy'}, {'quantity': '2 1/4', 'unit': '2 1/4pounds', 'ingredient': 'apples - peeled, cored, and sliced'}, {'quantity': '2/3', 'unit': 'cup', 'ingredient': 'raisins'}, {'quantity': '1/3', 'unit': 'cup', 'ingredient': 'Demerara sugar'}, {'quantity': '1 1/2', 'unit': 'teaspoons', 'ingredient': 'vanilla sugar'}, {'quantity': '1/2', 'unit': 'teaspoon', 'ingredient': 'ground cinnamon'}, {'quantity': '1/2', 'unit': None, 'ingredient': 'lemon'}, {'quantity': '1/2', 'unit': 'cup', 'ingredient': 'apricot jam'}, {'quantity': None, 'unit': None, 'ingredient': '2 tablespoons confectioners sugar for dusting, or as needed'}]",3 hrs 10 mins,8
https://www.allrecipes.com/recipe/54628/easy-swedish-apple-pie/,Easy Swedish Apple Pie,"[{'quantity': '1 ½', 'unit': 'pounds', 'ingredient': 'Granny Smith apples - peeled, cored and sliced'}, {'quantity': '1', 'unit': 'tablespoon', 'ingredient': 'sugar'}, {'quantity': '1', 'unit': 'cup', 'ingredient': 'sugar'}, {'quantity': '1', 'unit': 'cup', 'ingredient': 'flour'}, {'quantity': '¾', 'unit': 'cup', 'ingredient': 'melted butter'}, {'quantity': '1', 'unit': 'large', 'ingredient': 'egg'}, {'quantity': '1', 'unit': 'teaspoon', 'ingredient': 'cinnamon'}]",1 hr,8
https://www.allrecipes.com/recipe/12680/fried-apple-pies/,Fried Apple Pies,"[{'quantity': '2', 'unit': 'cups', 'ingredient': 'all-purpose flour'}, {'quantity': '1', 'unit': 'teaspoon', 'ingredient': 'salt'}, {'quantity': '½', 'unit': 'cup', 'ingredient': 'shortening, chilled'}, {'quantity': '½', 'unit': 'cup', 'ingredient': 'cold water'}, {'quantity': '2', 'unit': '', 'ingredient': 'apples - peeled, cored and diced'}, {'quantity': '¼', 'unit': 'cup', 'ingredient': 'white sugar, or to taste'}, {'quantity': '⅛', 'unit': 'teaspoon', 'ingredient': 'ground cinnamon, or to taste'}, {'quantity': '1', 'unit': 'quart', 'ingredient': 'oil for frying, or as needed'}]",1 hr,8
https://www.allrecipes.com/recipe/213569/grandmas-iron-skillet-apple-pie/,Grandma's Iron Skillet Apple Pie,"[{'quantity': '½', 'unit': 'cup', 'ingredient': 'butter'}, {'quantity': '1', 'unit': 'cup', 'ingredient': 'brown sugar'}, {'quantity': '5', 'unit': '', 'ingredient': 'Granny Smith apples -- peeled, cored, quartered, and thinly sliced'}, {'quantity': '3', 'unit': '(9 inch)', 'ingredient': 'refrigerated prerolled pie crusts'}, {'quantity': '1', 'unit': 'cup', 'ingredient': 'white sugar, divided'}, {'quantity': '2', 'unit': 'teaspoons', 'ingredient': 'ground cinnamon, divided'}, {'quantity': '¼', 'unit': 'cup', 'ingredient': 'white sugar'}, {'quantity': '1', 'unit': 'tablespoon', 'ingredient': 'butter, cut into small chunks'}]",1 hr 15 mins,8
https://www.allrecipes.com/recipe/15697/no-sugar-apple-pie/,No-Sugar Apple Pie,"[{'quantity': '2', 'unit': '(9 inch)', 'ingredient': 'pie crusts'}, {'quantity': '1', 'unit': '(12 fluid ounce) can', 'ingredient': 'unsweetened apple juice concentrate, thawed'}, {'quantity': '3', 'unit': 'tablespoons', 'ingredient': 'cornstarch'}, {'quantity': '1', 'unit': 'tablespoon', 'ingredient': 'ground cinnamon'}, {'quantity': '6', 'unit': 'cups', 'ingredient': 'sliced green apples'}]",1 hr 30 mins,8
https://www.allrecipes.com/recipe/255719/perfect-apple-crisp-pie/,Perfect Apple Crisp Pie,"[{'quantity': '5', 'unit': 'cups', 'ingredient': 'peeled and sliced apples'}, {'quantity': '¼', 'unit': 'cup', 'ingredient': 'brown sugar'}, {'quantity': '¼', 'unit': 'cup', 'ingredient': 'white sugar'}, {'quantity': '¼', 'unit': 'cup', 'ingredient': 'all-purpose flour'}, {'quantity': '¾', 'unit': 'teaspoon', 'ingredient': 'ground cinnamon'}, {'quantity': '1', 'unit': '(9 inch)', 'ingredient': 'deep-dish pie shell'}, {'quantity': '¾', 'unit': 'cup', 'ingredient': 'all-purpose flour'}, {'quantity': '¾', 'unit': 'cup', 'ingredient': 'quick-cooking oats'}, {'quantity': '⅔', 'unit': 'cup', 'ingredient': 'brown sugar'}, {'quantity': '2', 'unit': 'tablespoons', 'ingredient': 'brown sugar'}, {'quantity': '⅓', 'unit': 'cup', 'ingredient': 'butter, melted'}]",1 hr 20 mins,8
https://www.allrecipes.com/recipe/238839/easy-apple-kuchen/,Easy Apple Kuchen,"[{'quantity': '½', 'unit': 'cup', 'ingredient': 'milk'}, {'quantity': '¼', 'unit': 'cup', 'ingredient': 'butter'}, {'quantity': '1', 'unit': 'large', 'ingredient': 'egg'}, {'quantity': '1', 'unit': 'teaspoon', 'ingredient': 'vanilla extract'}, {'quantity': '1 ½', 'unit': 'cups', 'ingredient': 'all-purpose flour'}, {'quantity': '½', 'unit': 'cup', 'ingredient': 'white sugar'}, {'quantity': '1', 'unit': 'tablespoon', 'ingredient': 'baking powder'}, {'quantity': '½', 'unit': 'teaspoon', 'ingredient': 'salt'}, {'quantity': '5', 'unit': '', 'ingredient': 'apples - peeled, cored, and sliced, or more to taste'}, {'quantity': '1', 'unit': 'cup', 'ingredient': 'white sugar'}, {'quantity': '¼', 'unit': 'cup', 'ingredient': 'butter, melted'}, {'quantity': '¼', 'unit': 'cup', 'ingredient': 'all-purpose flour'}, {'quantity': '4', 'unit': 'teaspoons', 'ingredient': 'ground cinnamon'}]",55 mins,15
https://www.allrecipes.com/recipe/220997/chef-johns-caramel-apple-pie/,Chef John's Caramel Apple Pie,"[{'quantity': '½', 'unit': 'cup', 'ingredient': 'white sugar'}, {'quantity': '½', 'unit': 'cup', 'ingredient': 'brown sugar'}, {'quantity': '6', 'unit': 'tablespoons', 'ingredient': 'unsalted butter'}, {'quantity': '¼', 'unit': 'cup', 'ingredient': 'water'}, {'quantity': '¼', 'unit': 'teaspoon', 'ingredient': 'cinnamon'}, {'quantity': '1', 'unit': 'pinch', 'ingredient': 'salt'}, {'quantity': '1', 'unit': '', 'ingredient': 'pastry for double-crust pie (see footnote for recipe link)'}, {'quantity': '5', 'unit': '', 'ingredient': 'apples - peeled, cored and sliced'}]",1 hr 40 mins,8
https://www.allrecipes.com/recipe/274026/air-fryer-apple-pies/,Air Fryer Apple Pies,"[{'quantity': '2', 'unit': 'medium', 'ingredient': 'Granny Smith apples, diced'}, {'quantity': '6', 'unit': 'tablespoons', 'ingredient': 'brown sugar'}, {'quantity': '4', 'unit': 'tablespoons', 'ingredient': 'butter'}, {'quantity': '1', 'unit': 'teaspoon', 'ingredient': 'ground cinnamon'}, {'quantity': '1', 'unit': 'teaspoon', 'ingredient': 'cornstarch'}, {'quantity': '2', 'unit': 'teaspoons', 'ingredient': 'cold water'}, {'quantity': '½', 'unit': '(14 ounce) package', 'ingredient': 'pastry for a 9-inch double crust pie'}, {'quantity': '', 'unit': '', 'ingredient': 'cooking spray'}, {'quantity': '½', 'unit': 'tablespoon', 'ingredient': 'grapeseed oil'}, {'quantity': '¼', 'unit': 'cup', 'ingredient': ""confectioners' sugar""}, {'quantity': '1', 'unit': 'teaspoon', 'ingredient': 'milk, or more as needed'}]",45 mins,4
https://www.allrecipes.com/recipe/219165/chef-johns-easy-apple-pie/,Chef John's Easy Apple Pie,"[{'quantity': '6', 'unit': 'tablespoons', 'ingredient': 'unsalted butter'}, {'quantity': '½', 'unit': 'cup', 'ingredient': 'brown sugar'}, {'quantity': '¼', 'unit': 'cup', 'ingredient': 'white sugar'}, {'quantity': '¼', 'unit': 'cup', 'ingredient': 'water'}, {'quantity': '¼', 'unit': 'teaspoon', 'ingredient': 'ground cinnamon'}, {'quantity': '1', 'unit': 'pinch', 'ingredient': 'salt'}, {'quantity': '1', 'unit': '(14.1 ounce) package', 'ingredient': 'pie crust double-crust pie pastry, thawed (such as Pillsbury)'}, {'quantity': '4', 'unit': 'large', 'ingredient': 'red apples, cored and thinly sliced'}]",1 hr 30 mins,8
https://www.allrecipes.com/recipe/274000/easy-air-fryer-apple-pies/,Easy Air Fryer Apple Pies,"[{'quantity': '1', 'unit': '(14.1 ounce) package', 'ingredient': 'refrigerated pie crusts (2 pie crusts)'}, {'quantity': '1', 'unit': '(21 ounce) can', 'ingredient': 'apple pie filling'}, {'quantity': '1', 'unit': '', 'ingredient': 'egg, beaten'}, {'quantity': '2', 'unit': 'tablespoons', 'ingredient': 'cinnamon sugar, or to taste'}, {'quantity': '1', 'unit': 'serving', 'ingredient': 'cooking spray'}]",25 mins,10
https://www.allrecipes.com/recipe/219617/mini-apple-pies/,Mini Apple Pies,"[{'quantity': '2', 'unit': '', 'ingredient': 'pastries for 9-inch single crust pies'}, {'quantity': '3', 'unit': 'cups', 'ingredient': 'diced Granny Smith apple'}, {'quantity': '2', 'unit': 'tablespoons', 'ingredient': 'instant tapioca'}, {'quantity': '½', 'unit': 'cup', 'ingredient': 'white sugar'}, {'quantity': '', 'unit': '', 'ingredient': 'lemon juice'}, {'quantity': '⅛', 'unit': 'teaspoon', 'ingredient': 'ground nutmeg'}, {'quantity': '¼', 'unit': 'teaspoon', 'ingredient': 'ground cinnamon'}]",1 hr 20 mins,4
https://www.allrecipes.com/recipe/57582/sour-cream-apple-pie-deluxe/,Sour Cream Apple Pie Deluxe,"[{'quantity': '1', 'unit': None, 'ingredient': 'unbaked 9-inch pie crust'}, {'quantity': '¾', 'unit': 'cup', 'ingredient': 'white sugar'}, {'quantity': '2', 'unit': 'tablespoons', 'ingredient': 'all-purpose flour'}, {'quantity': '⅛', 'unit': 'teaspoon', 'ingredient': 'salt'}, {'quantity': '1', 'unit': 'cup', 'ingredient': 'sour cream'}, {'quantity': '1', 'unit': 'large', 'ingredient': 'egg'}, {'quantity': '½', 'unit': 'teaspoon', 'ingredient': 'vanilla extract'}, {'quantity': '2', 'unit': 'cups', 'ingredient': 'diced apples'}, {'quantity': '⅓', 'unit': 'cup', 'ingredient': 'white sugar'}, {'quantity': '⅓', 'unit': 'cup', 'ingredient': 'all-purpose flour'}, {'quantity': '1', 'unit': 'teaspoon', 'ingredient': 'ground cinnamon'}, {'quantity': '¼', 'unit': 'cup', 'ingredient': 'unsalted butter, chilled, diced'}]",1 hr 20 mins,8
https://www.allrecipes.com/recipe/12298/apple-crumble-pie/,Apple Crumble Pie,"[{'quantity': '1', 'unit': '(9 inch)', 'ingredient': 'deep dish pie crust'}, {'quantity': '5', 'unit': 'cups', 'ingredient': 'apples - peeled, cored and thinly sliced'}, {'quantity': '½', 'unit': 'cup', 'ingredient': 'white sugar'}, {'quantity': '¾', 'unit': 'teaspoon', 'ingredient': 'ground cinnamon'}, {'quantity': '⅓', 'unit': 'cup', 'ingredient': 'white sugar'}, {'quantity': '¾', 'unit': 'cup', 'ingredient': 'all-purpose flour'}, {'quantity': '6', 'unit': 'tablespoons', 'ingredient': 'cold butter'}]",1 hr 10 mins,8
https://www.allrecipes.com/recipe/258330/appeltaart-dutch-apple-tart/,Appeltaart (Dutch Apple Tart),"[{'quantity': '2', 'unit': 'cups', 'ingredient': 'all-purpose flour'}, {'quantity': '¾', 'unit': 'cup', 'ingredient': 'butter, softened'}, {'quantity': '2', 'unit': 'large', 'ingredient': 'eggs, beaten, divided'}, {'quantity': '⅓', 'unit': 'cup', 'ingredient': 'white sugar'}, {'quantity': '1', 'unit': 'tablespoon', 'ingredient': 'white sugar'}, {'quantity': '1', 'unit': 'teaspoon', 'ingredient': 'ground cinnamon'}, {'quantity': '2', 'unit': 'pounds', 'ingredient': 'tart apples - peeled, cored, and sliced'}, {'quantity': '½', 'unit': 'cup', 'ingredient': 'sultanas or raisins'}, {'quantity': '¼', 'unit': 'cup', 'ingredient': 'white sugar'}, {'quantity': '1', 'unit': 'tablespoon', 'ingredient': 'ground cinnamon'}]",1 hr 25 mins,8
https://www.allrecipes.com/recipe/19460/apple-slab-pie/,Apple Slab Pie,"[{'quantity': '1 ½', 'unit': 'cups', 'ingredient': 'all-purpose flour'}, {'quantity': '1 ½', 'unit': 'tablespoons', 'ingredient': 'white sugar'}, {'quantity': '½', 'unit': 'teaspoon', 'ingredient': 'baking powder'}, {'quantity': '¼', 'unit': 'teaspoon', 'ingredient': 'salt'}, {'quantity': '½', 'unit': 'cup', 'ingredient': 'butter'}, {'quantity': '2', 'unit': '', 'ingredient': 'egg yolks, beaten'}, {'quantity': '4', 'unit': 'tablespoons', 'ingredient': 'water'}, {'quantity': '8', 'unit': '', 'ingredient': 'apples - peeled, cored and cut into thin wedges'}, {'quantity': '2', 'unit': 'tablespoons', 'ingredient': 'lemon juice'}, {'quantity': '1 ¾', 'unit': 'cups', 'ingredient': 'white sugar'}, {'quantity': '2', 'unit': 'tablespoons', 'ingredient': 'all-purpose flour'}, {'quantity': '½', 'unit': 'teaspoon', 'ingredient': 'ground cinnamon'}, {'quantity': '2', 'unit': 'tablespoons', 'ingredient': 'butter'}, {'quantity': '1', 'unit': 'cup', 'ingredient': 'all-purpose flour'}, {'quantity': '⅔', 'unit': 'cup', 'ingredient': 'brown sugar'}, {'quantity': '1', 'unit': 'teaspoon', 'ingredient': 'ground cinnamon'}, {'quantity': '⅔', 'unit': 'cup', 'ingredient': 'butter'}]",1 hr 30 mins,15
https://www.allrecipes.com/recipe/23766/danish-pastry-apple-bars/,Danish Pastry Apple Bars,"[{'quantity': '2 ½', 'unit': 'cups', 'ingredient': 'all-purpose flour'}, {'quantity': '1', 'unit': 'teaspoon', 'ingredient': 'salt'}, {'quantity': '1', 'unit': 'cup', 'ingredient': 'shortening'}, {'quantity': '1', 'unit': '', 'ingredient': 'egg yolk'}, {'quantity': '½', 'unit': 'cup', 'ingredient': 'milk'}, {'quantity': '10', 'unit': '', 'ingredient': 'apples - peeled, cored and thinly sliced'}, {'quantity': '½', 'unit': 'cup', 'ingredient': 'light brown sugar'}, {'quantity': '¼', 'unit': 'cup', 'ingredient': 'white sugar'}, {'quantity': '½', 'unit': 'teaspoon', 'ingredient': 'ground cinnamon'}, {'quantity': '¼', 'unit': 'teaspoon', 'ingredient': 'ground nutmeg'}, {'quantity': '1', 'unit': '', 'ingredient': 'egg white'}]",1 hr 30 mins,12
https://www.allrecipes.com/recipe/206369/apple-pie-in-a-brown-paper-bag/,Apple Pie in a Brown Paper Bag,"[{'quantity': '1', 'unit': 'cup', 'ingredient': 'all-purpose flour'}, {'quantity': '1 ½', 'unit': 'teaspoons', 'ingredient': 'white sugar'}, {'quantity': '6', 'unit': 'tablespoons', 'ingredient': 'unsalted butter'}, {'quantity': '2 ½', 'unit': 'tablespoons', 'ingredient': 'cold water, or more as needed'}, {'quantity': '5', 'unit': 'pounds', 'ingredient': 'Granny Smith apples - peeled, cored and thinly sliced'}, {'quantity': '½', 'unit': 'cup', 'ingredient': 'brown sugar'}, {'quantity': '2', 'unit': 'tablespoons', 'ingredient': 'all-purpose flour'}, {'quantity': '1', 'unit': 'teaspoon', 'ingredient': 'ground cinnamon'}, {'quantity': '½', 'unit': 'teaspoon', 'ingredient': 'ground nutmeg'}, {'quantity': '1', 'unit': 'pinch', 'ingredient': 'ground ginger'}, {'quantity': '2', 'unit': 'tablespoons', 'ingredient': 'lemon juice'}, {'quantity': '2', 'unit': 'tablespoons', 'ingredient': 'graham cracker crumbs'}, {'quantity': '½', 'unit': 'cup', 'ingredient': 'all-purpose flour'}, {'quantity': '½', 'unit': 'cup', 'ingredient': 'softened butter'}, {'quantity': '½', 'unit': 'cup', 'ingredient': 'superfine sugar'}, {'quantity': '2', 'unit': '', 'ingredient': '12x30-inch pieces of parchment paper'}]",1 hr 45 mins,10
https://www.allrecipes.com/recipe/237305/apple-slice-squares/,Apple Slice Squares,"[{'quantity': '2', 'unit': 'cups', 'ingredient': 'all-purpose flour'}, {'quantity': '½', 'unit': 'teaspoon', 'ingredient': 'salt'}, {'quantity': '⅔', 'unit': 'cup', 'ingredient': 'butter'}, {'quantity': '¼', 'unit': 'cup', 'ingredient': 'water'}, {'quantity': '2', 'unit': 'large', 'ingredient': 'eggs'}, {'quantity': '1', 'unit': 'tablespoon', 'ingredient': 'lemon juice'}, {'quantity': '6', 'unit': '', 'ingredient': 'apples - peeled, cored, and cut into 1/2-inch thick slices, or more to taste'}, {'quantity': '1', 'unit': 'cup', 'ingredient': 'white sugar'}, {'quantity': '3', 'unit': 'tablespoons', 'ingredient': 'all-purpose flour'}, {'quantity': '½', 'unit': 'teaspoon', 'ingredient': 'ground cinnamon'}]",1 hr 45 mins,12
https://www.allrecipes.com/recipe/12191/dutch-apple-pie/,Dutch Apple Pie,"[{'quantity': '1', 'unit': '(9-inch)', 'ingredient': 'unbaked pie crust'}, {'quantity': '5', 'unit': 'large', 'ingredient': 'Granny Smith apples - peeled, cored and sliced'}, {'quantity': '½', 'unit': 'cup', 'ingredient': 'white sugar'}, {'quantity': '2', 'unit': 'tablespoons', 'ingredient': 'all-purpose flour'}, {'quantity': '½', 'unit': 'teaspoon', 'ingredient': 'ground cinnamon'}, {'quantity': '2', 'unit': 'tablespoons', 'ingredient': 'lemon juice'}, {'quantity': '½', 'unit': 'cup', 'ingredient': 'white sugar'}, {'quantity': '½', 'unit': 'cup', 'ingredient': 'all-purpose flour'}, {'quantity': '½', 'unit': 'cup', 'ingredient': 'cold butter, cubed'}]",1 hr 30 mins,8
https://www.allrecipes.com/recipe/17263/apple-streusel-pie/,Apple Streusel Pie,"[{'quantity': '2', 'unit': 'ounces', 'ingredient': 'butter'}, {'quantity': '½', 'unit': 'cup', 'ingredient': 'packed brown sugar'}, {'quantity': '½', 'unit': 'cup', 'ingredient': 'all-purpose flour'}, {'quantity': '1', 'unit': 'cup', 'ingredient': 'chopped pecans'}, {'quantity': '9', 'unit': '', 'ingredient': 'apple - peeled, cored and sliced'}, {'quantity': '¼', 'unit': 'cup', 'ingredient': 'white sugar'}, {'quantity': '1', 'unit': 'tablespoon', 'ingredient': 'all-purpose flour'}, {'quantity': '1', 'unit': 'teaspoon', 'ingredient': 'ground cinnamon'}, {'quantity': '2', 'unit': 'recipes', 'ingredient': 'unbaked pie shells'}]",,8
https://www.allrecipes.com/recipe/13622/aunt-carols-apple-pie/,Aunt Carol's Apple Pie,"[{'quantity': '2', 'unit': 'pounds', 'ingredient': 'Granny Smith apples'}, {'quantity': '1', 'unit': 'cup', 'ingredient': 'white sugar'}, {'quantity': '½', 'unit': 'cup', 'ingredient': 'brown sugar'}, {'quantity': '2', 'unit': 'teaspoons', 'ingredient': 'ground cinnamon'}, {'quantity': '½', 'unit': 'cup', 'ingredient': 'all-purpose flour'}, {'quantity': '2', 'unit': 'tablespoons', 'ingredient': 'butter'}, {'quantity': '1', 'unit': 'tablespoon', 'ingredient': 'white sugar'}, {'quantity': '1', 'unit': 'recipe', 'ingredient': 'pastry for a 9 inch double crust pie'}]",1 hr 30 mins,8
https://www.allrecipes.com/recipe/15083/best-apple-pie/,Best Apple Pie,"[{'quantity': '1', 'unit': 'recipe', 'ingredient': 'pastry for a 9 inch double crust pie'}, {'quantity': '2', 'unit': 'tablespoons', 'ingredient': 'all-purpose flour'}, {'quantity': '¼', 'unit': 'teaspoon', 'ingredient': 'salt'}, {'quantity': '½', 'unit': 'teaspoon', 'ingredient': 'ground cinnamon'}, {'quantity': '9', 'unit': '', 'ingredient': 'apples - peeled, cored and sliced'}, {'quantity': '1', 'unit': 'tablespoon', 'ingredient': 'lemon juice'}, {'quantity': '1', 'unit': 'tablespoon', 'ingredient': 'butter'}]",,8
https://www.allrecipes.com/recipe/77874/french-apple-tart-tarte-de-pommes-a-la-normande/,Tarte aux Pommes Normande (French Apple Tart),"[{'quantity': '1 ⅓', 'unit': 'cups', 'ingredient': 'all-purpose flour'}, {'quantity': '1', 'unit': 'pinch', 'ingredient': 'salt'}, {'quantity': '½', 'unit': 'cup', 'ingredient': 'butter, softened'}, {'quantity': '1', 'unit': '', 'ingredient': 'egg yolk'}, {'quantity': '3', 'unit': 'tablespoons', 'ingredient': 'cold water, or as needed'}, {'quantity': '½', 'unit': 'cup', 'ingredient': 'butter, softened'}, {'quantity': '½', 'unit': 'cup', 'ingredient': 'white sugar'}, {'quantity': '1', 'unit': 'large', 'ingredient': 'egg, beaten'}, {'quantity': '1', 'unit': '', 'ingredient': 'egg yolk'}, {'quantity': '1', 'unit': 'tablespoon', 'ingredient': 'calvados (apple brandy)'}, {'quantity': '⅔', 'unit': 'cup', 'ingredient': 'ground almonds'}, {'quantity': '2', 'unit': 'tablespoons', 'ingredient': 'all-purpose flour'}, {'quantity': '4', 'unit': 'medium', 'ingredient': 'sweet apples - peeled, cored, halved and thinly sliced'}, {'quantity': '1', 'unit': 'teaspoon', 'ingredient': 'white sugar for decoration'}, {'quantity': '¼', 'unit': 'cup', 'ingredient': 'apricot jelly'}]",1 hr 40 mins,8
https://www.allrecipes.com/recipe/12092/american-apple-pie/,American Apple Pie,"[{'quantity': '⅓', 'unit': 'cup', 'ingredient': 'packed light brown sugar'}, {'quantity': '⅓', 'unit': 'cup', 'ingredient': 'white sugar'}, {'quantity': '1', 'unit': 'tablespoon', 'ingredient': 'all-purpose flour'}, {'quantity': '1', 'unit': 'teaspoon', 'ingredient': 'lemon juice'}, {'quantity': '⅓', 'unit': 'teaspoon', 'ingredient': 'ground cinnamon'}, {'quantity': '7 ½', 'unit': 'cups', 'ingredient': 'peeled, cored and sliced apples'}, {'quantity': '1', 'unit': 'cup', 'ingredient': 'raisins'}, {'quantity': '1', 'unit': 'recipe', 'ingredient': 'pastry for a 9 inch double crust pie'}, {'quantity': '1', 'unit': '', 'ingredient': 'egg'}]",1 hr 30 mins,8
https://www.allrecipes.com/recipe/18353/all-american-apple-pie/,All American Apple Pie,"[{'quantity': '1 ½', 'unit': 'cups', 'ingredient': 'all-purpose flour'}, {'quantity': '½', 'unit': 'cup', 'ingredient': 'vegetable oil'}, {'quantity': '2', 'unit': 'tablespoons', 'ingredient': 'cold milk'}, {'quantity': '1 ½', 'unit': 'teaspoons', 'ingredient': 'white sugar'}, {'quantity': '1', 'unit': 'teaspoon', 'ingredient': 'salt'}, {'quantity': '6', 'unit': '', 'ingredient': 'Fuji apples, cored and sliced'}, {'quantity': '¾', 'unit': 'cup', 'ingredient': 'white sugar'}, {'quantity': '3', 'unit': 'tablespoons', 'ingredient': 'all-purpose flour'}, {'quantity': '¾', 'unit': 'teaspoon', 'ingredient': 'ground cinnamon'}, {'quantity': '½', 'unit': 'teaspoon', 'ingredient': 'ground nutmeg'}, {'quantity': '½', 'unit': 'cup', 'ingredient': 'all-purpose flour'}, {'quantity': '½', 'unit': 'cup', 'ingredient': 'white sugar'}, {'quantity': '½', 'unit': 'cup', 'ingredient': 'butter'}]",1 hr 10 mins,8
https://www.allrecipes.com/recipe/16268/apple-pie/,Apple Pie,"[{'quantity': '¾', 'unit': 'cup', 'ingredient': 'white sugar'}, {'quantity': '2', 'unit': 'tablespoons', 'ingredient': 'all-purpose flour'}, {'quantity': '½', 'unit': 'teaspoon', 'ingredient': 'ground cinnamon'}, {'quantity': '¼', 'unit': 'teaspoon', 'ingredient': 'ground nutmeg'}, {'quantity': '½', 'unit': 'teaspoon', 'ingredient': 'lemon zest'}, {'quantity': '7', 'unit': 'cups', 'ingredient': 'thinly sliced apples'}, {'quantity': '2', 'unit': 'teaspoons', 'ingredient': 'lemon juice'}, {'quantity': '1', 'unit': 'tablespoon', 'ingredient': 'butter'}, {'quantity': '1', 'unit': 'recipe', 'ingredient': 'pastry for a 9 inch double crust pie'}, {'quantity': '4', 'unit': 'tablespoons', 'ingredient': 'milk (Optional)'}]",,8
https://www.allrecipes.com/recipe/15911/applesauce-custard-pie/,Applesauce Custard Pie,"[{'quantity': '1', 'unit': '(9 inch)', 'ingredient': 'pie shell'}, {'quantity': '¼', 'unit': 'cup', 'ingredient': 'butter, softened'}, {'quantity': '1', 'unit': 'cup', 'ingredient': 'white sugar'}, {'quantity': '2', 'unit': '', 'ingredient': 'eggs'}, {'quantity': '2', 'unit': 'cups', 'ingredient': 'applesauce'}, {'quantity': '¼', 'unit': 'teaspoon', 'ingredient': 'vanilla extract'}, {'quantity': '¼', 'unit': 'teaspoon', 'ingredient': 'ground cinnamon'}]",,8
https://www.allrecipes.com/recipe/267993/easy-german-apple-streusel-pie/,Easy German Apple Streusel Pie,"[{'quantity': '4', 'unit': 'large', 'ingredient': 'apples - peeled, cored, and thinly sliced'}, {'quantity': '1', 'unit': 'pinch', 'ingredient': 'ground cinnamon'}, {'quantity': '7', 'unit': 'ounces', 'ingredient': 'unsalted butter, at room temperature'}, {'quantity': '1', 'unit': 'cup', 'ingredient': 'white sugar'}, {'quantity': '3', 'unit': 'teaspoons', 'ingredient': 'vanilla sugar'}, {'quantity': '1', 'unit': 'large', 'ingredient': 'egg'}, {'quantity': '2', 'unit': 'cups', 'ingredient': 'all-purpose flour'}, {'quantity': '3 ½', 'unit': 'teaspoons', 'ingredient': 'baking powder'}]",1 hr 25 mins,10
https://www.allrecipes.com/recipe/43022/upside-down-apple-pecan-pie/,Upside-Down Apple Pecan Pie,"[{'quantity': '1', 'unit': 'cup', 'ingredient': 'chopped pecans'}, {'quantity': '½', 'unit': 'cup', 'ingredient': 'firmly packed brown sugar'}, {'quantity': '⅓', 'unit': 'cup', 'ingredient': 'margarine, melted'}, {'quantity': '1', 'unit': '', 'ingredient': 'pastry for a 9 inch double crust pie'}, {'quantity': '6', 'unit': 'cups', 'ingredient': 'Granny Smith apples - peeled, cored and sliced'}, {'quantity': '¼', 'unit': 'cup', 'ingredient': 'white sugar'}, {'quantity': '2', 'unit': 'tablespoons', 'ingredient': 'all-purpose flour'}, {'quantity': '½', 'unit': 'teaspoon', 'ingredient': 'ground cinnamon'}, {'quantity': '⅛', 'unit': 'teaspoon', 'ingredient': 'ground nutmeg'}]",2 hrs 20 mins,8
https://www.allrecipes.com/recipe/19969/swedish-apple-pie/,Swedish Apple Pie,"[{'quantity': '2 ½', 'unit': 'cups', 'ingredient': 'peeled, cored and sliced apples'}, {'quantity': '1', 'unit': 'teaspoon', 'ingredient': 'ground cinnamon'}, {'quantity': '1', 'unit': 'teaspoon', 'ingredient': 'white sugar'}, {'quantity': '1', 'unit': 'cup', 'ingredient': 'white sugar'}, {'quantity': '¾', 'unit': 'cup', 'ingredient': 'margarine, melted'}, {'quantity': '½', 'unit': 'cup', 'ingredient': 'chopped pecans'}, {'quantity': '1', 'unit': 'cup', 'ingredient': 'all-purpose flour'}, {'quantity': '1', 'unit': '', 'ingredient': 'egg, lightly beaten'}, {'quantity': '1', 'unit': 'pinch', 'ingredient': 'salt'}]",1 hr 20 mins,8
https://www.allrecipes.com/recipe/241839/iron-skillet-apple-pie/,Iron Skillet Apple Pie,"[{'quantity': '½', 'unit': 'cup', 'ingredient': 'unsalted butter'}, {'quantity': '1', 'unit': 'cup', 'ingredient': 'brown sugar'}, {'quantity': '2', 'unit': '', 'ingredient': 'refrigerated 9-inch pie crusts, divided'}, {'quantity': '5', 'unit': '', 'ingredient': 'Granny Smith apples, peeled and sliced'}, {'quantity': '1', 'unit': 'cup', 'ingredient': 'white sugar'}, {'quantity': '2', 'unit': 'teaspoons', 'ingredient': 'ground cinnamon'}, {'quantity': '2', 'unit': 'teaspoons', 'ingredient': 'all-purpose flour'}]",1 hr 5 mins,8
https://www.allrecipes.com/recipe/41719/apple-berry-pie/,Apple-Berry Pie,"[{'quantity': '1', 'unit': '', 'ingredient': 'pastry for a 9 inch double crust pie'}, {'quantity': '1', 'unit': 'cup', 'ingredient': 'white sugar'}, {'quantity': '4', 'unit': 'teaspoons', 'ingredient': 'tapioca'}, {'quantity': '½', 'unit': 'teaspoon', 'ingredient': 'ground cinnamon'}, {'quantity': '2', 'unit': 'cups', 'ingredient': 'fresh blackberries'}, {'quantity': '2', 'unit': 'cups', 'ingredient': 'apples - peeled, cored and sliced'}, {'quantity': '2', 'unit': 'tablespoons', 'ingredient': 'butter, cut into small pieces'}]",1 hr 10 mins,8
https://www.allrecipes.com/recipe/77447/warm-apple-pocket/,Warm Apple Pocket,"[{'quantity': '3', 'unit': '', 'ingredient': 'sweet apples -- peeled, cored and thinly sliced'}, {'quantity': '2', 'unit': 'tablespoons', 'ingredient': 'sugar'}, {'quantity': '2', 'unit': 'tablespoons', 'ingredient': 'flour'}, {'quantity': '', 'unit': '', 'ingredient': 'pinch of salt'}, {'quantity': '1', 'unit': 'teaspoon', 'ingredient': 'apple pie spice'}, {'quantity': '1', 'unit': 'tablespoon', 'ingredient': 'vanilla extract'}, {'quantity': '1', 'unit': '(15 ounce) package', 'ingredient': 'prepared, unbaked pie crust, thawed'}, {'quantity': '', 'unit': '', 'ingredient': 'milk'}, {'quantity': '1', 'unit': '', 'ingredient': 'egg, beaten'}]",1 hr,6
https://www.allrecipes.com/recipe/232892/caramel-apple-walnut-pie/,Caramel Apple Walnut Pie,"[{'quantity': '5', 'unit': 'cups', 'ingredient': 'peeled, thinly sliced Golden Delicious or Braeburn apples'}, {'quantity': '¼', 'unit': 'cup', 'ingredient': 'firmly packed brown sugar'}, {'quantity': '2', 'unit': 'teaspoons', 'ingredient': 'ground cinnamon'}, {'quantity': '1', 'unit': '(9 inch)', 'ingredient': 'Classic Crisco® Pie Crust'}, {'quantity': '1', 'unit': '(14 ounce) can', 'ingredient': 'EAGLE BRAND® Sweetened Condensed Milk'}, {'quantity': '¼', 'unit': 'cup', 'ingredient': 'butter, melted'}, {'quantity': '⅓', 'unit': 'cup', 'ingredient': 'firmly packed brown sugar'}, {'quantity': '⅓', 'unit': 'cup', 'ingredient': 'Pillsbury BEST® All Purpose Flour'}, {'quantity': '2', 'unit': 'tablespoons', 'ingredient': 'cold butter'}, {'quantity': '½', 'unit': 'cup', 'ingredient': 'chopped walnuts'}]",1 hr 25 mins,8
https://www.allrecipes.com/recipe/13820/glazed-apple-cream-pie/,Glazed Apple Cream Pie,"[{'quantity': '½', 'unit': 'cup', 'ingredient': 'white sugar'}, {'quantity': '½', 'unit': 'cup', 'ingredient': 'milk'}, {'quantity': '½', 'unit': 'cup', 'ingredient': 'heavy cream'}, {'quantity': '¼', 'unit': 'cup', 'ingredient': 'butter'}, {'quantity': '2', 'unit': 'tablespoons', 'ingredient': 'cornstarch'}, {'quantity': '2', 'unit': 'tablespoons', 'ingredient': 'milk'}, {'quantity': '1', 'unit': 'teaspoon', 'ingredient': 'vanilla extract'}, {'quantity': '2', 'unit': '', 'ingredient': 'tart apples - peeled, cored and sliced'}, {'quantity': '1', 'unit': 'tablespoon', 'ingredient': 'all-purpose flour'}, {'quantity': '¼', 'unit': 'teaspoon', 'ingredient': 'ground cinnamon'}, {'quantity': '1', 'unit': '(15 ounce) package', 'ingredient': 'pastry for double-crust pie'}, {'quantity': '½', 'unit': 'cup', 'ingredient': ""confectioners' sugar""}, {'quantity': '1', 'unit': 'tablespoon', 'ingredient': 'milk'}, {'quantity': '¼', 'unit': 'teaspoon', 'ingredient': 'vanilla extract'}, {'quantity': '1', 'unit': 'tablespoon', 'ingredient': 'butter, softened'}]",3 hrs,8
https://www.allrecipes.com/recipe/15069/fast-apple-rhubarb-pie/,Fast Apple Rhubarb Pie,"[{'quantity': '1', 'unit': '(9 inch)', 'ingredient': 'pie shell'}, {'quantity': '6', 'unit': '', 'ingredient': 'apple - peeled, cored, and chopped'}, {'quantity': '3', 'unit': '', 'ingredient': 'rhubarb, diced'}, {'quantity': '1', 'unit': 'cup', 'ingredient': 'white sugar'}, {'quantity': '2', 'unit': 'teaspoons', 'ingredient': 'ground cinnamon'}]",,8
https://www.allrecipes.com/recipe/232434/apple-blackberry-pie/,Apple Blackberry Pie,"[{'quantity': '¼', 'unit': 'cup', 'ingredient': 'butter'}, {'quantity': '1', 'unit': 'tablespoon', 'ingredient': 'all-purpose flour'}, {'quantity': '½', 'unit': 'cup', 'ingredient': 'white sugar'}, {'quantity': '½', 'unit': 'cup', 'ingredient': 'brown sugar'}, {'quantity': '¼', 'unit': 'cup', 'ingredient': 'water'}, {'quantity': '1', 'unit': 'teaspoon', 'ingredient': 'lemon juice'}, {'quantity': '1', 'unit': '(6 ounce) container', 'ingredient': 'blackberries, halved - divided'}, {'quantity': '1', 'unit': '(14.1 ounce) package', 'ingredient': 'double-crust pie pastry, thawed'}, {'quantity': '4', 'unit': 'large', 'ingredient': 'Granny Smith apple - peeled, cored, and sliced'}]",1 hr 15 mins,6
https://www.allrecipes.com/recipe/223280/creamy-apple-blueberry-pie/,Creamy Apple Blueberry Pie,"[{'quantity': '3', 'unit': 'cups', 'ingredient': 'sliced apples'}, {'quantity': '1', 'unit': 'cup', 'ingredient': 'blueberries'}, {'quantity': '1', 'unit': '(9 inch)', 'ingredient': 'unbaked deep-dish pie crust'}, {'quantity': '3/4', 'unit': 'cup', 'ingredient': 'all-purpose flour, divided'}, {'quantity': '½', 'unit': 'cup', 'ingredient': 'white sugar'}, {'quantity': '¼', 'unit': 'teaspoon', 'ingredient': 'salt'}, {'quantity': '¼', 'unit': 'teaspoon', 'ingredient': 'ground nutmeg'}, {'quantity': '¼', 'unit': 'teaspoon', 'ingredient': 'ground cinnamon, or more to taste'}, {'quantity': '1', 'unit': 'cup', 'ingredient': 'plain yogurt'}, {'quantity': '1', 'unit': '', 'ingredient': 'egg'}, {'quantity': '1', 'unit': 'teaspoon', 'ingredient': 'vanilla extract'}, {'quantity': '½', 'unit': 'cup', 'ingredient': 'chopped pecans'}, {'quantity': '½', 'unit': 'cup', 'ingredient': 'rolled oats'}, {'quantity': '¼', 'unit': 'cup', 'ingredient': 'brown sugar'}, {'quantity': '½', 'unit': 'cup', 'ingredient': 'unsalted butter'}]",1 hr 40 mins,8
https://www.allrecipes.com/recipe/219432/healthier-apple-pie-by-grandma-ople/,Healthier Apple Pie by Grandma Ople,"[{'quantity': '¼', 'unit': 'cup', 'ingredient': 'unsalted butter'}, {'quantity': '3', 'unit': 'tablespoons', 'ingredient': 'all-purpose flour'}, {'quantity': '½', 'unit': 'cup', 'ingredient': 'packed brown sugar'}, {'quantity': '¼', 'unit': 'cup', 'ingredient': 'water'}, {'quantity': '1', 'unit': '(14.1 ounce) package', 'ingredient': 'double-crust pie pastry, thawed'}, {'quantity': '8', 'unit': '', 'ingredient': 'Granny Smith apples - peeled, cored and sliced'}]",1 hr 30 mins,8
https://www.allrecipes.com/recipe/15785/fresh-apple-tarts/,Fresh Apple Tarts,"[{'quantity': '4 ½', 'unit': 'cups', 'ingredient': 'all-purpose flour'}, {'quantity': '1 ¼', 'unit': 'cups', 'ingredient': 'white sugar'}, {'quantity': '¼', 'unit': 'teaspoon', 'ingredient': 'salt'}, {'quantity': None, 'unit': 'cup plus 1 tablespoon', 'ingredient': 'unsalted butter'}, {'quantity': '4', 'unit': '', 'ingredient': 'eggs, beaten'}, {'quantity': '2', 'unit': 'teaspoons', 'ingredient': 'vanilla extract'}, {'quantity': '4', 'unit': None, 'ingredient': 'Granny Smith apples - peeled, cored, and chopped'}, {'quantity': '¼', 'unit': 'cup', 'ingredient': 'brown sugar'}, {'quantity': '¼', 'unit': 'teaspoon', 'ingredient': 'ground cinnamon'}, {'quantity': '½', 'unit': 'cup', 'ingredient': 'chopped walnuts'}, {'quantity': '4', 'unit': 'ounces', 'ingredient': 'apricot jam (if using jam, use less sugar) (Optional)'}]",2 hrs 30 mins,16
https://www.allrecipes.com/recipe/15941/apple-pie-iv/,Apple Pie with Pre-Cooked Apple Filling,"[{'quantity': '10', 'unit': 'medium', 'ingredient': 'apples - peeled, cored, and sliced'}, {'quantity': '¼', 'unit': 'cup', 'ingredient': 'white sugar'}, {'quantity': '1', 'unit': 'tablespoon', 'ingredient': 'ground cinnamon'}, {'quantity': '½', 'unit': 'teaspoon', 'ingredient': 'ground nutmeg'}, {'quantity': '1', 'unit': '(14.1 ounce) package', 'ingredient': 'pastry for double-crust pie'}]",1 hr 10 mins,8
https://www.allrecipes.com/recipe/244426/rustic-fruit-galette/,Rustic Fruit Galette,"[{'quantity': '4', 'unit': 'cups', 'ingredient': 'thinly sliced apples'}, {'quantity': '2', 'unit': 'tablespoons', 'ingredient': 'white sugar, or more to taste'}, {'quantity': '1', 'unit': 'tablespoon', 'ingredient': 'cornstarch'}, {'quantity': '½', 'unit': 'teaspoon', 'ingredient': 'ground cinnamon'}, {'quantity': '½', 'unit': 'teaspoon', 'ingredient': 'vanilla extract'}, {'quantity': '1', 'unit': '(9 inch)', 'ingredient': 'prepared pie crust (such as Pillsbury®)'}]",45 mins,4
https://www.allrecipes.com/recipe/255858/vegan-apple-pie/,Vegan Apple Pie,"[{'quantity': '2 ⅓', 'unit': 'cups', 'ingredient': 'all-purpose flour'}, {'quantity': '1', 'unit': 'cup', 'ingredient': 'vegan margarine (such as Earth Balance®)'}, {'quantity': '1', 'unit': 'tablespoon', 'ingredient': 'white sugar'}, {'quantity': '1', 'unit': 'teaspoon', 'ingredient': 'salt'}, {'quantity': '¼', 'unit': 'cup', 'ingredient': 'ice water'}, {'quantity': '1', 'unit': 'cup', 'ingredient': 'brown sugar'}, {'quantity': '½', 'unit': 'cup', 'ingredient': 'vegan margarine (such as Earth Balance®)'}, {'quantity': '¼', 'unit': 'cup', 'ingredient': 'white sugar'}, {'quantity': '¼', 'unit': 'cup', 'ingredient': 'rice milk'}, {'quantity': '3', 'unit': 'tablespoons', 'ingredient': 'all-purpose flour'}, {'quantity': '2', 'unit': 'teaspoons', 'ingredient': 'ground cinnamon'}, {'quantity': '½', 'unit': 'teaspoon', 'ingredient': 'ground nutmeg'}, {'quantity': '7', 'unit': '', 'ingredient': 'Granny Smith apples - peeled, cored, and sliced'}]",1 hr 50 mins,8
https://www.allrecipes.com/recipe/15902/sundays-apple-pie/,Sunday's Apple Pie,"[{'quantity': '½', 'unit': 'cup', 'ingredient': 'white sugar'}, {'quantity': '2', 'unit': 'tablespoons', 'ingredient': 'all-purpose flour'}, {'quantity': '2', 'unit': 'teaspoons', 'ingredient': 'ground cinnamon'}, {'quantity': '3', 'unit': 'tablespoons', 'ingredient': 'unsalted butter'}, {'quantity': '1', 'unit': '(14.1 ounce) package', 'ingredient': 'double-crust pie pastry, thawed'}, {'quantity': '6', 'unit': 'medium', 'ingredient': 'tart apples - peeled, cored and sliced'}]",1 hr 35 mins,8
https://www.allrecipes.com/recipe/18464/mums-irish-apple-pie/,Mum's Irish Apple Pie,"[{'quantity': '1 ½', 'unit': 'cups', 'ingredient': 'all-purpose flour'}, {'quantity': '¾', 'unit': 'cup', 'ingredient': 'cake flour'}, {'quantity': '1', 'unit': 'tablespoon', 'ingredient': 'white sugar'}, {'quantity': '½', 'unit': 'teaspoon', 'ingredient': 'salt'}, {'quantity': '1', 'unit': 'cup', 'ingredient': 'cold unsalted butter, cubed'}, {'quantity': '3', 'unit': 'tablespoons', 'ingredient': 'shortening'}, {'quantity': '¼', 'unit': 'cup', 'ingredient': 'sour cream'}, {'quantity': '⅛', 'unit': 'teaspoon', 'ingredient': 'lemon juice'}, {'quantity': '5', 'unit': 'large', 'ingredient': 'Granny Smith apples - peeled, cored and sliced'}, {'quantity': '½', 'unit': 'cup', 'ingredient': 'white sugar'}, {'quantity': '2', 'unit': 'tablespoons', 'ingredient': 'all-purpose flour'}, {'quantity': '½', 'unit': 'tablespoon', 'ingredient': 'ground nutmeg'}, {'quantity': '⅛', 'unit': 'teaspoon', 'ingredient': 'lemon juice'}, {'quantity': '1', 'unit': 'large', 'ingredient': 'egg, beaten'}]",2 hrs 5 mins,8
https://www.allrecipes.com/recipe/285643/individual-honeycrisp-apple-tarts/,Individual Honeycrisp Apple Tarts,"[{'quantity': '1', 'unit': 'sheet', 'ingredient': 'frozen puff pastry'}, {'quantity': '2', 'unit': 'tablespoons', 'ingredient': 'packed brown sugar'}, {'quantity': '1', 'unit': 'tablespoon', 'ingredient': 'white sugar'}, {'quantity': '1', 'unit': 'pinch', 'ingredient': 'ground cinnamon'}, {'quantity': '1', 'unit': 'pinch', 'ingredient': 'salt'}, {'quantity': '4', 'unit': 'teaspoons', 'ingredient': 'unsalted butter, divided'}, {'quantity': '1', 'unit': 'teaspoon', 'ingredient': 'lemon juice'}, {'quantity': '2', 'unit': 'large', 'ingredient': 'Honeycrisp apples'}]",1 hr 35 mins,2
https://www.allrecipes.com/recipe/18431/impossible-french-apple-pie/,Impossible French Apple Pie,"[{'quantity': '6', 'unit': 'cups', 'ingredient': 'tart apples — peeled, cored, and sliced'}, {'quantity': '1 ¼', 'unit': 'teaspoons', 'ingredient': 'ground cinnamon'}, {'quantity': '¼', 'unit': 'teaspoon', 'ingredient': 'ground nutmeg'}, {'quantity': '1', 'unit': 'cup', 'ingredient': 'white sugar'}, {'quantity': '¾', 'unit': 'cup', 'ingredient': 'milk'}, {'quantity': '½', 'unit': 'cup', 'ingredient': 'biscuit mix (e.g. Bisquick)'}, {'quantity': '2', 'unit': '', 'ingredient': 'eggs'}, {'quantity': '2', 'unit': 'tablespoons', 'ingredient': 'butter'}, {'quantity': '1', 'unit': 'cup', 'ingredient': 'biscuit mix (e.g. Bisquick)'}, {'quantity': '½', 'unit': 'cup', 'ingredient': 'chopped walnuts'}, {'quantity': '⅓', 'unit': 'cup', 'ingredient': 'light brown sugar'}, {'quantity': '3', 'unit': 'tablespoons', 'ingredient': 'butter'}]",1 hr 10 mins,10
https://www.allrecipes.com/recipe/174368/caramel-apple-crumble-pie/,Caramel Apple Crumble Pie,"[{'quantity': '1', 'unit': 'cup', 'ingredient': 'rolled oats'}, {'quantity': '½', 'unit': 'cup', 'ingredient': 'brown sugar'}, {'quantity': '½', 'unit': 'cup', 'ingredient': 'slivered almonds'}, {'quantity': '¼', 'unit': 'cup', 'ingredient': 'all-purpose flour'}, {'quantity': '¼', 'unit': 'teaspoon', 'ingredient': 'ground cinnamon'}, {'quantity': '¼', 'unit': 'cup', 'ingredient': 'butter, cubed'}, {'quantity': '1', 'unit': '(9 inch)', 'ingredient': 'single pie crust'}, {'quantity': '6', 'unit': None, 'ingredient': 'apples, peeled, cored, and thinly sliced'}, {'quantity': '2', 'unit': 'tablespoons', 'ingredient': 'lemon juice'}, {'quantity': '½', 'unit': 'cup', 'ingredient': 'brown sugar'}, {'quantity': '1', 'unit': 'tablespoon', 'ingredient': 'all-purpose flour'}, {'quantity': '2', 'unit': 'teaspoons', 'ingredient': 'ground cinnamon'}, {'quantity': '½', 'unit': 'cup', 'ingredient': 'caramel sauce'}]",1 hr 20 mins,8
https://www.allrecipes.com/recipe/234035/canadian-apple-pie/,Canadian Apple Pie,"[{'quantity': '1', 'unit': '', 'ingredient': 'pastry for a 9-inch double crust pie'}, {'quantity': '3', 'unit': 'tablespoons', 'ingredient': 'cornstarch'}, {'quantity': '2', 'unit': 'tablespoons', 'ingredient': 'white sugar, or to taste'}, {'quantity': '1', 'unit': 'teaspoon', 'ingredient': 'ground cinnamon'}, {'quantity': '1', 'unit': 'teaspoon', 'ingredient': 'ground nutmeg'}, {'quantity': '¼', 'unit': 'teaspoon', 'ingredient': 'salt'}, {'quantity': '5', 'unit': 'cups', 'ingredient': 'apple - peeled, cored, and sliced'}, {'quantity': '¾', 'unit': 'cup', 'ingredient': 'pure maple syrup'}, {'quantity': '1', 'unit': 'large', 'ingredient': 'egg'}, {'quantity': '1', 'unit': 'large', 'ingredient': 'egg yolk'}, {'quantity': '½', 'unit': 'teaspoon', 'ingredient': 'water'}]",1 hr 10 mins,8
https://www.allrecipes.com/recipe/15904/moms-apple-pie-i/,Mom's Apple Pie I,"[{'quantity': '1', 'unit': 'recipe', 'ingredient': 'pastry for a 9 inch double crust pie'}, {'quantity': '¾', 'unit': 'cup', 'ingredient': 'white sugar'}, {'quantity': '2', 'unit': 'tablespoons', 'ingredient': 'all-purpose flour'}, {'quantity': '⅛', 'unit': 'teaspoon', 'ingredient': 'salt'}, {'quantity': '1', 'unit': 'teaspoon', 'ingredient': 'ground cinnamon'}, {'quantity': '¼', 'unit': 'teaspoon', 'ingredient': 'ground nutmeg'}, {'quantity': '6', 'unit': '', 'ingredient': 'tart apples - peeled, cored and sliced'}, {'quantity': '2', 'unit': 'tablespoons', 'ingredient': 'butter'}, {'quantity': '2', 'unit': 'tablespoons', 'ingredient': 'whiskey'}]",,8
https://www.allrecipes.com/recipe/12526/apple-pie-ii/,Apple Pie II,"[{'quantity': '½', 'unit': 'cup', 'ingredient': 'apple juice'}, {'quantity': '1', 'unit': 'cup', 'ingredient': 'white sugar, divided'}, {'quantity': '½', 'unit': 'cup', 'ingredient': 'butter'}, {'quantity': '6', 'unit': '', 'ingredient': 'Golden Delicious apples - peeled, cored and sliced'}, {'quantity': '2', 'unit': 'tablespoons', 'ingredient': 'cornstarch'}, {'quantity': '1', 'unit': 'recipe', 'ingredient': 'pastry for a 9 inch double crust pie'}]",2 hrs 15 mins,8
https://www.allrecipes.com/recipe/255720/apple-oat-crisp-pie/,Apple Oat Crisp Pie,"[{'quantity': '5', 'unit': None, 'ingredient': 'Cortland apples, peeled, cored, and sliced'}, {'quantity': '¾', 'unit': 'cup', 'ingredient': 'all-purpose flour'}, {'quantity': '¾', 'unit': 'cup', 'ingredient': 'rolled oats'}, {'quantity': '½', 'unit': 'cup', 'ingredient': 'packed brown sugar'}, {'quantity': '¾', 'unit': 'teaspoon', 'ingredient': 'ground cinnamon'}, {'quantity': '¾', 'unit': 'teaspoon', 'ingredient': 'ground nutmeg'}, {'quantity': '½', 'unit': 'cup', 'ingredient': 'unsalted butter at room temperature, cut into cubes'}]",1 hr 20 mins,8
https://www.allrecipes.com/recipe/13859/no-added-sugar-apple-pie/,No-Added-Sugar Apple Pie,"[{'quantity': '3', 'unit': 'tablespoons', 'ingredient': 'cornstarch'}, {'quantity': '1', 'unit': 'tablespoon', 'ingredient': 'ground cinnamon'}, {'quantity': '12', 'unit': 'ounces', 'ingredient': 'unsweetened apple juice concentrate'}, {'quantity': '6', 'unit': 'cups', 'ingredient': 'thinly sliced apples'}, {'quantity': '1', 'unit': 'recipe', 'ingredient': 'pastry for a 9 inch double crust pie'}]",,8
https://www.allrecipes.com/recipe/107321/campfire-apple-pie/,Campfire Apple Pie,"[{'quantity': '2', 'unit': '(1 ounce) slices', 'ingredient': 'white bread'}, {'quantity': '1', 'unit': 'tablespoon', 'ingredient': 'butter, softened'}, {'quantity': '3', 'unit': 'tablespoons', 'ingredient': 'apple pie filling'}]",10 mins,1
https://www.allrecipes.com/recipe/51301/sarahs-applesauce/,Sarah's Homemade Applesauce,"[{'quantity': '4', 'unit': '', 'ingredient': 'apples - peeled, cored and chopped'}, {'quantity': '¾', 'unit': 'cup', 'ingredient': 'water'}, {'quantity': '¼', 'unit': 'cup', 'ingredient': 'white sugar'}, {'quantity': '½', 'unit': 'teaspoon', 'ingredient': 'ground cinnamon'}]",25 mins,4
https://www.allrecipes.com/applesauce-muffins-recipe-8702299,Applesauce Muffins,"[{'quantity': '2', 'unit': 'tablespoons', 'ingredient': 'butter'}, {'quantity': '1/4', 'unit': 'cup', 'ingredient': 'all-purpose flour'}, {'quantity': '2', 'unit': 'tablespoons plus 2 teaspoons', 'ingredient': 'brown sugar'}, {'quantity': '2', 'unit': 'tablespoons', 'ingredient': 'chopped walnuts'}, {'quantity': '1/2', 'unit': 'cup', 'ingredient': 'milk'}, {'quantity': '1', 'unit': 'large', 'ingredient': 'egg'}, {'quantity': '2', 'unit': 'tablespoons', 'ingredient': 'butter'}, {'quantity': '1/2', 'unit': 'cup packed', 'ingredient': 'brown sugar'}, {'quantity': '1', 'unit': 'cup', 'ingredient': 'applesauce'}, {'quantity': '1/2', 'unit': 'teaspoon', 'ingredient': 'vanilla extract'}, {'quantity': '2', 'unit': 'cups', 'ingredient': 'flour'}, {'quantity': '2', 'unit': 'teaspoons', 'ingredient': 'baking powder'}, {'quantity': '1/2', 'unit': 'teaspoon', 'ingredient': 'salt'}, {'quantity': '1/2', 'unit': 'teaspoon', 'ingredient': 'ground cinnamon'}, {'quantity': '1/4', 'unit': 'teaspoon', 'ingredient': 'ground cloves'}, {'quantity': '1/4', 'unit': 'teaspoon', 'ingredient': 'ground nutmeg'}]",35 mins,6
https://www.allrecipes.com/recipe/234078/applesauce-for-the-freezer/,Applesauce for the Freezer,"[{'quantity': '3 ½', 'unit': 'pounds', 'ingredient': 'apples - peeled, cored, and quartered'}, {'quantity': '1', 'unit': 'cup', 'ingredient': 'water'}, {'quantity': '¼', 'unit': 'cup', 'ingredient': 'dark brown sugar'}, {'quantity': '¼', 'unit': 'cup', 'ingredient': 'white sugar, or less to taste'}, {'quantity': '3', 'unit': 'tablespoons', 'ingredient': 'lemon juice, or more to taste'}, {'quantity': '1', 'unit': '(3 inch) piece', 'ingredient': 'cinnamon stick'}, {'quantity': '4', 'unit': '', 'ingredient': 'strips lemon zest'}, {'quantity': '½', 'unit': 'teaspoon', 'ingredient': 'salt'}]",40 mins,20
https://www.allrecipes.com/recipe/149218/spiced-slow-cooker-applesauce/,Slow Cooker Applesauce,"[{'quantity': '8', 'unit': '', 'ingredient': 'apples - peeled, cored, and thinly sliced'}, {'quantity': '½', 'unit': 'cup', 'ingredient': 'water'}, {'quantity': '¾', 'unit': 'cup', 'ingredient': 'packed brown sugar'}, {'quantity': '½', 'unit': 'teaspoon', 'ingredient': 'pumpkin pie spice'}]",6 hrs 40 mins,8
https://www.allrecipes.com/recipe/54346/applesauce/,Applesauce,"[{'quantity': '6', 'unit': 'cups', 'ingredient': 'apples - peeled, cored and chopped'}, {'quantity': '¾', 'unit': 'cup', 'ingredient': 'water'}, {'quantity': '⅛', 'unit': 'teaspoon', 'ingredient': 'ground cinnamon'}, {'quantity': '⅛', 'unit': 'teaspoon', 'ingredient': 'ground cloves'}, {'quantity': '½', 'unit': 'cup', 'ingredient': 'white sugar'}]",35 mins,4
https://www.allrecipes.com/recipe/13643/cranberry-sauce-extraordinaire/,Cranberry Sauce Extraordinaire,"[{'quantity': '1', 'unit': 'cup', 'ingredient': 'water'}, {'quantity': '1', 'unit': 'cup', 'ingredient': 'white sugar'}, {'quantity': '1', 'unit': '(12 ounce) package', 'ingredient': 'fresh cranberries'}, {'quantity': '1', 'unit': '', 'ingredient': 'orange, peeled and pureed'}, {'quantity': '1', 'unit': '', 'ingredient': 'apple - peeled, cored and diced'}, {'quantity': '1', 'unit': '', 'ingredient': 'pear - peeled, cored and diced'}, {'quantity': '1', 'unit': 'cup', 'ingredient': 'chopped dried mixed fruit'}, {'quantity': '1', 'unit': 'cup', 'ingredient': 'chopped pecans'}, {'quantity': '½', 'unit': 'teaspoon', 'ingredient': 'salt'}, {'quantity': '1', 'unit': 'teaspoon', 'ingredient': 'ground cinnamon'}, {'quantity': '½', 'unit': 'teaspoon', 'ingredient': 'ground nutmeg'}]",45 mins,12
https://www.allrecipes.com/recipe/267958/cranberry-sauce-with-apples/,Cranberry Sauce with Apples,"[{'quantity': '1', 'unit': '(12 ounce) package', 'ingredient': 'fresh cranberries, rinsed and sorted'}, {'quantity': '2', 'unit': 'large', 'ingredient': 'Granny Smith apples - peeled, cored, and diced'}, {'quantity': '1', 'unit': 'cup', 'ingredient': 'water'}, {'quantity': '1', 'unit': 'cup', 'ingredient': 'white sugar'}, {'quantity': '½', 'unit': 'teaspoon', 'ingredient': 'ground cinnamon'}]",30 mins,10
https://www.allrecipes.com/recipe/233160/willis-farm-applesauce/,Willis Farm Applesauce,"[{'quantity': '6', 'unit': '', 'ingredient': 'apples - peeled, cored, and chopped'}, {'quantity': '¼', 'unit': 'cup', 'ingredient': 'water'}, {'quantity': '¼', 'unit': 'cup', 'ingredient': 'cinnamon candies (such as Red Hots®)'}, {'quantity': '2', 'unit': 'tablespoons', 'ingredient': 'white sugar'}]",45 mins,6
https://www.allrecipes.com/recipe/219275/dougs-easy-applesauce/,Doug's Easy Applesauce,"[{'quantity': '12', 'unit': 'medium', 'ingredient': 'apples - peeled, cored and chopped'}, {'quantity': '⅓', 'unit': 'cup', 'ingredient': 'light brown sugar'}, {'quantity': '1 ½', 'unit': 'teaspoons', 'ingredient': 'ground cinnamon'}, {'quantity': '1 ½', 'unit': 'teaspoons', 'ingredient': 'lemon juice'}, {'quantity': '1', 'unit': 'cup', 'ingredient': 'apple cider'}, {'quantity': '1', 'unit': 'pinch', 'ingredient': 'salt, or to taste'}]",35 mins,8
https://www.allrecipes.com/recipe/223485/no-cook-applesauce/,No Cook Applesauce,"[{'quantity': '12', 'unit': '', 'ingredient': 'apples - peeled, cored, and chopped'}, {'quantity': '1', 'unit': 'cup', 'ingredient': 'brown sugar'}, {'quantity': '1', 'unit': 'cup', 'ingredient': 'water'}, {'quantity': '1 ½', 'unit': 'tablespoons', 'ingredient': 'lemon juice'}, {'quantity': '1', 'unit': 'teaspoon', 'ingredient': 'ground cinnamon'}]",15 mins,16
https://www.allrecipes.com/recipe/228653/slow-cooker-cider-applesauce-no-sugar-added/,Slow Cooker Cider Applesauce (No Sugar Added),"[{'quantity': '5', 'unit': 'pounds', 'ingredient': 'apples - peeled, cored, and thinly sliced'}, {'quantity': '1 ½', 'unit': 'tablespoons', 'ingredient': 'ground cinnamon'}, {'quantity': '½', 'unit': 'teaspoon', 'ingredient': 'ground cloves'}, {'quantity': '¼', 'unit': 'teaspoon', 'ingredient': 'ground nutmeg'}]",4 hrs 10 mins,16
https://www.allrecipes.com/recipe/142643/blushing-applesauce/,Blushing Applesauce,"[{'quantity': '5', 'unit': 'pounds', 'ingredient': 'Macintosh apples, unpeeled, quartered, and cored'}, {'quantity': '¾', 'unit': 'cup', 'ingredient': 'white sugar'}, {'quantity': '¾', 'unit': 'cup', 'ingredient': 'water'}, {'quantity': '¼', 'unit': 'cup', 'ingredient': 'fresh lemon juice'}, {'quantity': '1', 'unit': 'teaspoon', 'ingredient': 'ground cinnamon'}, {'quantity': '½', 'unit': 'teaspoon', 'ingredient': 'ground nutmeg'}]",55 mins,10
https://www.allrecipes.com/recipe/234993/easy-cranberry-applesauce/,Easy Cranberry Applesauce,"[{'quantity': '2', 'unit': 'pounds', 'ingredient': 'apples - peeled, cored, and cut into 1-inch chunks'}, {'quantity': '1', 'unit': 'cup', 'ingredient': 'fresh cranberries'}, {'quantity': '¼', 'unit': 'cup', 'ingredient': 'white sugar'}, {'quantity': '3', 'unit': 'tablespoons', 'ingredient': 'water'}, {'quantity': '½', 'unit': 'teaspoon', 'ingredient': 'ground cinnamon'}, {'quantity': '1', 'unit': 'pinch', 'ingredient': 'salt'}, {'quantity': '1 ½', 'unit': 'teaspoons', 'ingredient': 'lemon juice'}]",30 mins,6
https://www.allrecipes.com/article/difference-between-applesauce-and-apple-butter/,What's the Difference Between Applesauce and Apple Butter?,[],,
https://www.allrecipes.com/recipe/154394/superb-cranberry-sauce-with-apples-and-pears/,Superb Cranberry Sauce with Apples and Pears,"[{'quantity': '5', 'unit': '(3 inch)', 'ingredient': 'cinnamon sticks'}, {'quantity': '8', 'unit': '', 'ingredient': 'whole allspice berries'}, {'quantity': '8', 'unit': '', 'ingredient': 'whole cloves'}, {'quantity': '6', 'unit': 'cups', 'ingredient': 'fresh cranberries'}, {'quantity': '2 ¼', 'unit': 'cups', 'ingredient': 'orange juice'}, {'quantity': '4', 'unit': '', 'ingredient': 'Gala apples, peeled, cored and diced'}, {'quantity': '4', 'unit': '', 'ingredient': 'Bosc pears, peeled, cored and diced'}, {'quantity': '3', 'unit': 'cups', 'ingredient': 'white sugar'}, {'quantity': '1', 'unit': 'cup', 'ingredient': 'brown sugar'}]",9 hrs,32
https://www.allrecipes.com/recipe/267972/instant-pot-applesauce/,Instant Pot® Applesauce,"[{'quantity': '1', 'unit': '', 'ingredient': 'lemon'}, {'quantity': '1', 'unit': '', 'ingredient': 'cinnamon stick'}, {'quantity': '1', 'unit': '(1/4 inch thick) slice', 'ingredient': 'fresh ginger'}, {'quantity': '1', 'unit': '', 'ingredient': 'star anise pod'}, {'quantity': '2', 'unit': '', 'ingredient': 'whole cloves'}, {'quantity': '', 'unit': '', 'ingredient': '1 piece cheesecloth'}, {'quantity': '3', 'unit': 'pounds', 'ingredient': 'apples - peeled, cored, and quartered'}, {'quantity': '½', 'unit': 'cup', 'ingredient': 'water'}, {'quantity': '½', 'unit': 'teaspoon', 'ingredient': 'salt'}, {'quantity': '2', 'unit': 'tablespoons', 'ingredient': 'brown sugar, or more to taste'}]",45 mins,30
https://www.allrecipes.com/recipe/266329/holiday-cranberry-and-apple-compote/,Holiday Cranberry and Apple Compote,"[{'quantity': '3', 'unit': 'cups', 'ingredient': 'orange juice'}, {'quantity': '3', 'unit': 'medium', 'ingredient': 'Fuji apples, peeled and finely chopped'}, {'quantity': '1', 'unit': '(12 ounce) package', 'ingredient': 'fresh cranberries'}, {'quantity': '1 ½', 'unit': 'cups', 'ingredient': 'white sugar'}, {'quantity': '½', 'unit': 'cup', 'ingredient': 'brown sugar'}, {'quantity': '¼', 'unit': 'teaspoon', 'ingredient': 'pumpkin pie spice, or more to taste'}, {'quantity': '2', 'unit': 'tablespoons', 'ingredient': 'butter, softened'}]",1 hr 35 mins,32
https://www.allrecipes.com/recipe/239324/apple-pear-sauce/,Apple-Pear Sauce,"[{'quantity': '6', 'unit': '', 'ingredient': 'Red Delicious apples - peeled, cored, and cut into cubes'}, {'quantity': '4', 'unit': '', 'ingredient': 'Asian pears - peeled, cored, and cut into cubes'}, {'quantity': '½', 'unit': 'cup', 'ingredient': 'apple cider'}, {'quantity': '2', 'unit': 'tablespoons', 'ingredient': 'white sugar'}, {'quantity': '2', 'unit': 'tablespoons', 'ingredient': 'ground cinnamon'}]",50 mins,12
https://www.allrecipes.com/recipe/269425/instant-pot-pear-applesauce/,Instant Pot® Pear-Applesauce,"[{'quantity': '3', 'unit': 'tablespoons', 'ingredient': 'lemon juice'}, {'quantity': '2 ¼', 'unit': 'pounds', 'ingredient': 'Golden Delicious apples'}, {'quantity': '1 ⅛', 'unit': 'pounds', 'ingredient': 'red Anjou pears'}, {'quantity': '¼', 'unit': 'cup', 'ingredient': 'water'}, {'quantity': '1', 'unit': '', 'ingredient': 'cinnamon stick'}]",38 mins,12
https://www.allrecipes.com/recipe/230394/chunky-cinnamon-orange-applesauce/,Chunky Cinnamon-Orange Applesauce,"[{'quantity': '12', 'unit': '', 'ingredient': 'Granny Smith apples - peeled, cored, and cut into large chunks'}, {'quantity': '1 ½', 'unit': 'cups', 'ingredient': 'freshly squeezed orange juice'}, {'quantity': '¾', 'unit': 'cup', 'ingredient': 'white sugar, or to taste'}, {'quantity': '2', 'unit': 'tablespoons', 'ingredient': 'brown sugar'}, {'quantity': '1', 'unit': 'tablespoon', 'ingredient': 'ground cinnamon, or to taste'}, {'quantity': '2', 'unit': 'teaspoons', 'ingredient': 'orange zest'}, {'quantity': '2', 'unit': 'teaspoons', 'ingredient': 'lemon zest'}, {'quantity': '1', 'unit': 'teaspoon', 'ingredient': 'ground nutmeg'}, {'quantity': '¼', 'unit': 'teaspoon', 'ingredient': 'freshly squeezed lemon juice'}]",50 mins,12
https://www.allrecipes.com/recipe/130639/cranberry-pomegranate-sauce/,Cranberry Pomegranate Sauce,"[{'quantity': '2', 'unit': 'large', 'ingredient': 'tart apples'}, {'quantity': '2', 'unit': '', 'ingredient': 'pomegranates, peeled and seeds separated'}, {'quantity': '1', 'unit': '(16 fl oz) bottle', 'ingredient': 'pomegranate juice'}, {'quantity': '2', 'unit': 'cups', 'ingredient': 'white sugar'}, {'quantity': '2', 'unit': 'large', 'ingredient': 'oranges'}, {'quantity': '2', 'unit': '(12 ounce) bags', 'ingredient': 'fresh cranberries, rinsed and sorted'}, {'quantity': '1', 'unit': 'cup', 'ingredient': 'pecans, chopped'}]",1 hr 15 mins,24
https://www.allrecipes.com/recipe/258363/rosy-strawberry-rhubarb-applesauce/,Rosy Strawberry Rhubarb Applesauce,"[{'quantity': '5', 'unit': 'large', 'ingredient': 'Red Delicious apples, finely chopped'}, {'quantity': '4', 'unit': 'cups', 'ingredient': 'hulled and halved strawberries'}, {'quantity': '4', 'unit': 'cups', 'ingredient': 'finely chopped rhubarb'}, {'quantity': '½', 'unit': 'cup', 'ingredient': 'white sugar'}, {'quantity': '¼', 'unit': 'cup', 'ingredient': 'water'}, {'quantity': '2', 'unit': 'teaspoons', 'ingredient': 'vanilla extract, or to taste'}]",45 mins,12
https://www.allrecipes.com/recipe/279878/rhubarb-applesauce/,Rhubarb Applesauce,"[{'quantity': '8', 'unit': 'cups', 'ingredient': 'peeled and thinly sliced apples'}, {'quantity': '2', 'unit': 'cups', 'ingredient': 'sliced rhubarb'}, {'quantity': '1 ¾', 'unit': 'cups', 'ingredient': 'apple cider'}, {'quantity': '¾', 'unit': 'cup', 'ingredient': 'white sugar'}, {'quantity': '1', 'unit': 'teaspoon', 'ingredient': 'ground cinnamon'}]",35 mins,16
https://www.allrecipes.com/recipe/268199/quince-apple-sauce/,Quince-Apple Sauce,"[{'quantity': '2', 'unit': 'cups', 'ingredient': 'water'}, {'quantity': '1', 'unit': 'pound', 'ingredient': 'quinces,'}, {'quantity': '½', 'unit': None, 'ingredient': 'lemon, juiced'}, {'quantity': '1', 'unit': 'pound', 'ingredient': 'apples,'}, {'quantity': '½', 'unit': 'cup', 'ingredient': 'white sugar, or more to taste'}]",12 hrs 50 mins,4
https://www.allrecipes.com/recipe/246976/rice-cooker-recipe-raspberry-applesauce/,Rice Cooker Recipe: Raspberry Applesauce,"[{'quantity': '3', 'unit': 'pounds', 'ingredient': 'apples, cored and sliced'}, {'quantity': '1', 'unit': 'cup', 'ingredient': 'frozen raspberries'}, {'quantity': '3', 'unit': 'tablespoons', 'ingredient': 'brown sugar'}, {'quantity': '2', 'unit': 'tablespoons', 'ingredient': 'ground cinnamon'}, {'quantity': '1', 'unit': 'teaspoon', 'ingredient': 'ground nutmeg'}, {'quantity': '3', 'unit': 'tablespoons', 'ingredient': 'honey'}, {'quantity': '1', 'unit': 'tablespoon', 'ingredient': 'vanilla extract'}, {'quantity': '1', 'unit': 'tablespoon', 'ingredient': 'lemon juice'}, {'quantity': '¼', 'unit': 'cup', 'ingredient': 'water'}]",2 hrs 10 mins,12
https://www.allrecipes.com/recipe/237796/slow-cooker-apple-raspberry-sauce/,Slow-Cooker Apple Raspberry Sauce,"[{'quantity': '12', 'unit': '', 'ingredient': 'green apples - peeled, cored, and cut into chunks'}, {'quantity': '1', 'unit': '(12 ounce) package', 'ingredient': 'frozen raspberries'}, {'quantity': '¾', 'unit': 'cup', 'ingredient': 'water'}, {'quantity': '⅓', 'unit': 'cup', 'ingredient': 'brown sugar, or more to taste'}, {'quantity': '1', 'unit': 'teaspoon', 'ingredient': 'ground cinnamon'}, {'quantity': '¼', 'unit': 'teaspoon', 'ingredient': 'ground nutmeg, or more to taste (Optional)'}]",6 hrs 10 mins,10
https://www.allrecipes.com/recipe/266328/apple-raisin-compote/,Apple Raisin Compote,"[{'quantity': '4', 'unit': 'tablespoons', 'ingredient': 'salted butter'}, {'quantity': '5', 'unit': '', 'ingredient': 'apples - peeled, cored, and finely chopped'}, {'quantity': '½', 'unit': 'cup', 'ingredient': 'maple syrup'}, {'quantity': '½', 'unit': 'cup', 'ingredient': 'water'}, {'quantity': '½', 'unit': 'cup', 'ingredient': 'brown sugar'}, {'quantity': '½', 'unit': 'cup', 'ingredient': 'golden raisins'}, {'quantity': '1', 'unit': 'teaspoon', 'ingredient': 'ground cinnamon'}]",50 mins,14
https://www.allrecipes.com/recipe/148879/grandmas-cranberry-sauce/,Grandma's Cranberry Sauce,"[{'quantity': '1', 'unit': '(12 ounce) bag', 'ingredient': 'cranberries'}, {'quantity': '2', 'unit': '', 'ingredient': 'navel oranges - washed thoroughly, unpeeled, cut into quarters'}, {'quantity': '3', 'unit': '', 'ingredient': 'apples - peeled, cored and halved'}, {'quantity': '1', 'unit': 'cup', 'ingredient': 'pecans'}, {'quantity': '1', 'unit': 'cup', 'ingredient': 'white sugar, or to taste'}]",2 days 15 mins,20
https://www.allrecipes.com/recipe/234992/lemon-ginger-cranberry-applesauce/,Lemon Ginger Cranberry Applesauce,"[{'quantity': '1', 'unit': '(12 ounce) bag', 'ingredient': 'fresh cranberries'}, {'quantity': '2', 'unit': 'large', 'ingredient': 'apples - peeled, cored, and diced'}, {'quantity': '1', 'unit': 'cup', 'ingredient': 'water'}, {'quantity': '1', 'unit': 'cup', 'ingredient': 'sugar'}, {'quantity': '½', 'unit': 'cup', 'ingredient': 'lemonade concentrate'}, {'quantity': '1', 'unit': 'teaspoon', 'ingredient': 'grated fresh ginger'}, {'quantity': '⅛', 'unit': 'teaspoon', 'ingredient': 'salt'}]",30 mins,12
https://www.allrecipes.com/recipe/285360/spiced-apple-topping-for-pancakes/,Spiced Apple Topping for Pancakes,"[{'quantity': '1', 'unit': 'tablespoon', 'ingredient': 'all-purpose flour'}, {'quantity': '1', 'unit': 'teaspoon', 'ingredient': 'ground cinnamon'}, {'quantity': '¼', 'unit': 'teaspoon', 'ingredient': 'ground nutmeg'}, {'quantity': '1', 'unit': 'pinch', 'ingredient': 'ground cloves'}, {'quantity': '1', 'unit': 'pinch', 'ingredient': 'salt'}, {'quantity': '', 'unit': '', 'ingredient': 'cooking spray'}, {'quantity': '3', 'unit': 'large', 'ingredient': 'apples - peeled, cored, and sliced'}, {'quantity': '¼', 'unit': 'cup', 'ingredient': 'almond milk'}, {'quantity': '¼', 'unit': 'cup', 'ingredient': 'pure maple syrup'}, {'quantity': '1', 'unit': 'tablespoon', 'ingredient': 'vanilla extract'}]",35 mins,6
https://www.allrecipes.com/recipe/16051/sams-kicking-cranberry-sauce/,Sam's Kicking Cranberry Sauce,"[{'quantity': '1', 'unit': '(12 ounce) package', 'ingredient': 'fresh cranberries'}, {'quantity': '1', 'unit': '(16 ounce) can', 'ingredient': 'whole cranberry sauce'}, {'quantity': '1', 'unit': '(12 ounce) jar', 'ingredient': 'orange marmalade'}, {'quantity': '⅓', 'unit': 'cup', 'ingredient': 'diced onion'}, {'quantity': '1', 'unit': '', 'ingredient': 'apple - peeled, cored, and chopped'}, {'quantity': '1', 'unit': '', 'ingredient': 'green bell pepper, chopped'}, {'quantity': '¾', 'unit': 'teaspoon', 'ingredient': 'salt'}, {'quantity': '1', 'unit': '', 'ingredient': 'jalapeno pepper, seeded and minced'}, {'quantity': '1', 'unit': '', 'ingredient': 'lime, juiced'}, {'quantity': '⅓', 'unit': 'cup', 'ingredient': 'orange liqueur'}]",11 hrs 15 mins,12
https://www.allrecipes.com/recipe/95670/cran-apple-pear-sauce/,Cran-Apple-Pear Sauce,"[{'quantity': '2', 'unit': '(16 ounce) cans', 'ingredient': 'whole berry cranberry sauce'}, {'quantity': '1', 'unit': '(20 ounce) can', 'ingredient': 'apple pie filling'}, {'quantity': '2', 'unit': '(15 ounce) cans', 'ingredient': 'sliced pears, drained'}]",5 mins,12
https://www.allrecipes.com/recipe/219608/awesome-and-easy-cranberry-sauce/,Awesome and Easy Cranberry Sauce,"[{'quantity': '1', 'unit': '(12 ounce) bag', 'ingredient': 'cranberries'}, {'quantity': '1', 'unit': '', 'ingredient': 'Gala apple, cored and cut into chunks'}, {'quantity': '1', 'unit': '', 'ingredient': 'pear, cored and cut into bite-size chunks'}, {'quantity': '1', 'unit': 'teaspoon', 'ingredient': 'lemon juice'}, {'quantity': '¼', 'unit': 'cup', 'ingredient': 'water'}, {'quantity': '¼', 'unit': 'cup', 'ingredient': 'white sugar, or more to taste'}]",30 mins,8
https://www.allrecipes.com/recipe/15733/fresh-applesauce/,Fresh Applesauce,"[{'quantity': '3', 'unit': 'pounds', 'ingredient': 'apples - peeled, cored and chopped'}, {'quantity': '3', 'unit': 'cups', 'ingredient': 'water'}, {'quantity': '1', 'unit': 'cup', 'ingredient': 'white sugar'}, {'quantity': '1', 'unit': 'tablespoon', 'ingredient': 'lemon juice'}]",45 mins,8
https://www.allrecipes.com/recipe/223012/amazing-no-cook-spinach-artichoke-dip/,Amazing No Cook Spinach Artichoke Dip,"[{'quantity': '1', 'unit': '', 'ingredient': 'sweet onion, cut into quarters'}, {'quantity': '8', 'unit': 'cloves', 'ingredient': 'garlic, or more to taste'}, {'quantity': '1', 'unit': '(14 ounce) can', 'ingredient': 'artichoke hearts, drained and chopped'}, {'quantity': '1', 'unit': '(10 ounce) package', 'ingredient': 'frozen chopped spinach, thawed and drained'}, {'quantity': '1', 'unit': '(8 ounce) package', 'ingredient': 'shredded Parmesan cheese'}, {'quantity': '1', 'unit': '(1.4 ounce) package', 'ingredient': 'dry vegetable soup mix (such as Knorr®)'}, {'quantity': '1', 'unit': '(8 ounce) package', 'ingredient': 'reduced-fat cream cheese, softened'}, {'quantity': '1', 'unit': 'cup', 'ingredient': 'reduced-fat mayonnaise'}, {'quantity': '1', 'unit': '(8 ounce) container', 'ingredient': 'reduced-fat sour cream'}]",20 mins,32
https://www.allrecipes.com/recipe/33474/artichoke-spinach-dip-restaurant-style/,"Artichoke & Spinach Dip, Restaurant Style","[{'quantity': '4', 'unit': 'cloves', 'ingredient': 'garlic'}, {'quantity': '1', 'unit': '(14 ounce) can', 'ingredient': 'artichoke hearts, drained and chopped'}, {'quantity': '1', 'unit': '(10 ounce) package', 'ingredient': 'frozen chopped spinach, thawed and drained'}, {'quantity': '1', 'unit': '(10 ounce) container', 'ingredient': 'Alfredo-style pasta sauce'}, {'quantity': '1', 'unit': 'cup', 'ingredient': 'shredded mozzarella cheese'}, {'quantity': '½', 'unit': '(8 ounce) package', 'ingredient': 'cream cheese, softened'}, {'quantity': '⅓', 'unit': 'cup', 'ingredient': 'grated Parmesan cheese'}]",1 hr 5 mins,12
https://www.allrecipes.com/recipe/268013/instant-pot-spinach-and-artichoke-dip/,Instant Pot Spinach and Artichoke Dip,"[{'quantity': '1', 'unit': '(14 ounce) can', 'ingredient': 'artichoke hearts, drained and quartered'}, {'quantity': '1', 'unit': '(10 ounce) package', 'ingredient': 'frozen chopped spinach'}, {'quantity': '8', 'unit': 'ounces', 'ingredient': 'cream cheese'}, {'quantity': '1', 'unit': 'cup', 'ingredient': 'sour cream'}, {'quantity': '½', 'unit': 'cup', 'ingredient': 'chopped white onion'}, {'quantity': '½', 'unit': 'cup', 'ingredient': 'chicken broth'}, {'quantity': '3', 'unit': 'cloves', 'ingredient': 'garlic, minced'}, {'quantity': '½', 'unit': 'teaspoon', 'ingredient': 'salt'}, {'quantity': '', 'unit': '', 'ingredient': 'crushed red chile flakes'}, {'quantity': '3', 'unit': 'cups', 'ingredient': 'shredded Monterey Jack cheese'}, {'quantity': '2', 'unit': 'cups', 'ingredient': 'grated Parmesan cheese'}]",30 mins,8
https://www.allrecipes.com/recipe/26819/hot-artichoke-and-spinach-dip-ii/,Hot Spinach Artichoke Dip,"[{'quantity': '1', 'unit': '(8 ounce) package', 'ingredient': 'cream cheese, softened'}, {'quantity': '¼', 'unit': 'cup', 'ingredient': 'mayonnaise'}, {'quantity': '¼', 'unit': 'cup', 'ingredient': 'grated Parmesan cheese'}, {'quantity': '¼', 'unit': 'cup', 'ingredient': 'grated Romano cheese'}, {'quantity': '1', 'unit': 'clove', 'ingredient': 'garlic, peeled and minced'}, {'quantity': '½', 'unit': 'teaspoon', 'ingredient': 'dried basil'}, {'quantity': '¼', 'unit': 'teaspoon', 'ingredient': 'garlic salt'}, {'quantity': '', 'unit': '', 'ingredient': 'salt and pepper to taste'}, {'quantity': '1', 'unit': '(14 ounce) can', 'ingredient': 'artichoke hearts, drained and chopped'}, {'quantity': '½', 'unit': 'cup', 'ingredient': 'frozen chopped spinach, thawed and drained'}, {'quantity': '¼', 'unit': 'cup', 'ingredient': 'shredded mozzarella cheese'}]",40 mins,12
https://www.allrecipes.com/recipe/14834/simple-artichoke-dip/,Simple Artichoke Dip,"[{'quantity': '1', 'unit': '(14 ounce) can', 'ingredient': 'artichoke hearts, drained and chopped'}, {'quantity': '1', 'unit': 'cup', 'ingredient': 'mayonnaise'}, {'quantity': '1', 'unit': 'cup', 'ingredient': 'grated Parmesan cheese'}]",25 mins,7
https://www.allrecipes.com/recipe/13887/spinach-and-artichoke-dip/,Spinach and Artichoke Dip,"[{'quantity': '1', 'unit': '(14 ounce) can', 'ingredient': 'artichoke hearts, drained and chopped'}, {'quantity': '1', 'unit': '(10 ounce) package', 'ingredient': 'frozen chopped spinach, thawed and drained'}, {'quantity': '1', 'unit': 'cup', 'ingredient': 'mayonnaise'}, {'quantity': '2 ½', 'unit': 'cups', 'ingredient': 'shredded Monterey Jack cheese'}, {'quantity': '1', 'unit': 'cup', 'ingredient': 'grated Parmesan cheese'}]",30 mins,24
https://www.allrecipes.com/recipe/231086/hot-artichoke-and-crab-dip/,Hot Artichoke and Crab Dip,"[{'quantity': '1', 'unit': '(8 ounce) package', 'ingredient': 'cream cheese, softened'}, {'quantity': '1', 'unit': 'cup', 'ingredient': 'mayonnaise'}, {'quantity': '1', 'unit': 'clove', 'ingredient': 'garlic, pressed'}, {'quantity': '1', 'unit': '(14 ounce) can', 'ingredient': 'artichoke hearts in water, drained and chopped'}, {'quantity': '1 ½', 'unit': 'cups', 'ingredient': 'cooked crabmeat'}, {'quantity': '¾', 'unit': 'cup', 'ingredient': 'grated Parmesan cheese'}, {'quantity': '⅓', 'unit': 'cup', 'ingredient': 'chopped green onion'}, {'quantity': '⅓', 'unit': 'cup', 'ingredient': 'chopped red bell pepper'}, {'quantity': '1', 'unit': 'teaspoon', 'ingredient': 'ground cayenne pepper'}, {'quantity': '½', 'unit': 'cup', 'ingredient': 'dry bread crumbs'}, {'quantity': '2', 'unit': 'teaspoons', 'ingredient': 'chopped green onion, or to taste'}, {'quantity': '2', 'unit': 'teaspoons', 'ingredient': 'chopped red bell pepper, or to taste'}]",35 mins,20
https://www.allrecipes.com/recipe/60357/veronicas-hot-spinach-artichoke-and-chile-dip/,"Veronica's Hot Spinach, Artichoke and Chile Dip","[{'quantity': '2', 'unit': '(8 ounce) packages', 'ingredient': 'cream cheese, softened'}, {'quantity': '½', 'unit': 'cup', 'ingredient': 'mayonnaise'}, {'quantity': '1', 'unit': '(4.5 ounce) can', 'ingredient': 'chopped green chiles, drained'}, {'quantity': '1', 'unit': 'cup', 'ingredient': 'freshly grated Parmesan cheese'}, {'quantity': '1', 'unit': '(12 ounce) jar', 'ingredient': 'marinated artichoke hearts, drained and chopped'}, {'quantity': '¼', 'unit': 'cup', 'ingredient': 'canned chopped jalapeno peppers, drained'}, {'quantity': '1', 'unit': '(10 ounce) box', 'ingredient': 'frozen chopped spinach, thawed and drained'}]",40 mins,10
https://www.allrecipes.com/recipe/14814/hot-artichoke-spinach-dip/,Hot Artichoke and Spinach Dip,"[{'quantity': '1', 'unit': '(14 ounce) can', 'ingredient': 'artichoke hearts, drained'}, {'quantity': '⅓', 'unit': 'cup', 'ingredient': 'grated Romano cheese'}, {'quantity': '¼', 'unit': 'cup', 'ingredient': 'grated Parmesan cheese'}, {'quantity': '½', 'unit': 'teaspoon', 'ingredient': 'minced garlic'}, {'quantity': '1', 'unit': '(10 ounce) package', 'ingredient': 'frozen chopped spinach, thawed and drained'}, {'quantity': '⅓', 'unit': 'cup', 'ingredient': 'heavy cream'}, {'quantity': '½', 'unit': 'cup', 'ingredient': 'sour cream'}, {'quantity': '1', 'unit': 'cup', 'ingredient': 'shredded mozzarella cheese'}]",45 mins,16
https://www.allrecipes.com/recipe/16651/delicious-artichoke-dip/,Delicious Artichoke Dip,"[{'quantity': '½', 'unit': 'cup', 'ingredient': 'mayonnaise'}, {'quantity': '½', 'unit': 'cup', 'ingredient': 'sour cream'}, {'quantity': '1', 'unit': 'cup', 'ingredient': 'grated Parmesan cheese'}, {'quantity': '1', 'unit': '(14 ounce) can', 'ingredient': 'artichoke hearts, drained'}, {'quantity': '½', 'unit': 'cup', 'ingredient': 'minced red onion'}, {'quantity': '1', 'unit': 'tablespoon', 'ingredient': 'lemon juice'}, {'quantity': '', 'unit': '', 'ingredient': 'salt and pepper to taste'}]",25 mins,7
https://www.allrecipes.com/recipe/221191/chef-johns-hot-spinach-artichoke-dip/,Chef John's Hot Spinach Artichoke Dip,"[{'quantity': '2', 'unit': 'tablespoons', 'ingredient': 'butter'}, {'quantity': '½', 'unit': 'cup', 'ingredient': 'green onions, white and light green parts only, thinly sliced'}, {'quantity': '2', 'unit': 'cloves', 'ingredient': 'garlic, minced'}, {'quantity': '', 'unit': '', 'ingredient': 'salt'}, {'quantity': '1', 'unit': '(14 ounce) can', 'ingredient': 'artichoke hearts, drained and chopped'}, {'quantity': '1', 'unit': '(10 ounce) package', 'ingredient': 'frozen chopped spinach , thawed, drained and squeezed dry'}, {'quantity': '8', 'unit': 'ounces', 'ingredient': 'cream cheese'}, {'quantity': '½', 'unit': 'cup', 'ingredient': 'shredded Gruyere cheese'}, {'quantity': '½', 'unit': 'cup', 'ingredient': 'finely grated Parmigiano-Reggiano cheese'}, {'quantity': '¼', 'unit': 'teaspoon', 'ingredient': 'hot sauce'}, {'quantity': '1', 'unit': 'pinch', 'ingredient': 'ground nutmeg'}, {'quantity': '', 'unit': '', 'ingredient': 'salt and freshly ground black pepper to taste'}, {'quantity': '¼', 'unit': 'cup', 'ingredient': 'shredded mozzarella cheese'}]",45 mins,6
https://www.allrecipes.com/recipe/25530/cheesy-artichoke-dip/,Cheesy Artichoke Dip,"[{'quantity': '1', 'unit': '(14 ounce) can', 'ingredient': 'artichoke hearts, drained and chopped'}, {'quantity': '1', 'unit': '(6 ounce) can', 'ingredient': 'marinated artichoke hearts, drained and chopped'}, {'quantity': '1', 'unit': '(4 ounce) can', 'ingredient': 'chopped green chile peppers, drained'}, {'quantity': '1', 'unit': 'cup', 'ingredient': 'mayonnaise'}, {'quantity': '1', 'unit': '(4 ounce) package', 'ingredient': 'grated Parmesan cheese'}, {'quantity': '1', 'unit': '(8 ounce) package', 'ingredient': 'shredded mozzarella cheese'}]",40 mins,32
https://www.allrecipes.com/recipe/26699/artichoke-spinach-dip/,Artichoke Spinach Dip,"[{'quantity': '¼', 'unit': 'cup', 'ingredient': 'butter'}, {'quantity': '1', 'unit': '(10 ounce) package', 'ingredient': 'frozen chopped spinach, partially thawed'}, {'quantity': '1', 'unit': '(14 ounce) can', 'ingredient': 'artichoke hearts, drained and chopped'}, {'quantity': '2', 'unit': '(8 ounce) packages', 'ingredient': 'cream cheese, softened'}, {'quantity': '2', 'unit': '(16 ounce) containers', 'ingredient': 'sour cream'}, {'quantity': '1', 'unit': 'cup', 'ingredient': 'grated Parmesan cheese'}, {'quantity': '', 'unit': '', 'ingredient': 'garlic salt to taste'}]",35 mins,56
https://www.allrecipes.com/recipe/276776/slow-cooker-spinach-artichoke-dip/,Slow Cooker Spinach-Artichoke Dip,"[{'quantity': '1', 'unit': '(14 ounce) can', 'ingredient': 'artichoke hearts, drained and chopped'}, {'quantity': '1', 'unit': '(9 ounce) package', 'ingredient': 'frozen spinach'}, {'quantity': '1', 'unit': '(8 ounce) package', 'ingredient': 'cream cheese'}, {'quantity': '¾', 'unit': 'cup', 'ingredient': 'shredded mozzarella cheese'}, {'quantity': '½', 'unit': 'cup', 'ingredient': 'shredded Parmesan cheese'}, {'quantity': '¼', 'unit': 'cup', 'ingredient': 'milk'}, {'quantity': '', 'unit': '', 'ingredient': 'salt and ground black pepper to taste'}]",2 hrs 5 mins,6
https://www.allrecipes.com/recipe/15141/luscious-spinach-artichoke-dip/,Luscious Spinach Artichoke Dip,"[{'quantity': '1', 'unit': '(14 ounce) can', 'ingredient': 'artichoke hearts, drained and chopped'}, {'quantity': '½', 'unit': '(10 ounce) package', 'ingredient': 'frozen chopped spinach, thawed'}, {'quantity': '½', 'unit': 'cup', 'ingredient': 'sour cream'}, {'quantity': '¼', 'unit': 'cup', 'ingredient': 'mayonnaise'}, {'quantity': '¼', 'unit': 'cup', 'ingredient': 'cream cheese'}, {'quantity': '¼', 'unit': 'cup', 'ingredient': 'grated Romano cheese'}, {'quantity': '¼', 'unit': 'teaspoon', 'ingredient': 'minced garlic'}]",35 mins,24
https://www.allrecipes.com/recipe/282806/baked-spinach-artichoke-dip-without-mayo/,Baked Spinach-Artichoke Dip without Mayo,"[{'quantity': '', 'unit': '', 'ingredient': 'olive oil cooking spray'}, {'quantity': '1', 'unit': '(10 ounce) package', 'ingredient': 'frozen chopped spinach, thawed'}, {'quantity': '1', 'unit': '(8 ounce) package', 'ingredient': 'cream cheese, softened'}, {'quantity': '1', 'unit': 'cup', 'ingredient': 'sour cream'}, {'quantity': '1', 'unit': 'teaspoon', 'ingredient': 'onion powder'}, {'quantity': '½', 'unit': 'teaspoon', 'ingredient': 'salt'}, {'quantity': '½', 'unit': 'teaspoon', 'ingredient': 'ground black pepper'}, {'quantity': '2', 'unit': 'tablespoons', 'ingredient': 'green hot pepper sauce'}, {'quantity': '1', 'unit': 'teaspoon', 'ingredient': 'chopped garlic'}, {'quantity': '1', 'unit': '(14 ounce) can', 'ingredient': 'artichoke hearts, drained and chopped'}, {'quantity': '1', 'unit': 'cup', 'ingredient': 'shredded mozzarella cheese, or more to taste'}, {'quantity': '¼', 'unit': 'cup', 'ingredient': 'shredded Parmesan cheese, or more to taste'}]",50 mins,16
https://www.allrecipes.com/recipe/240589/easy-creamy-artichoke-dip/,Easy Creamy Artichoke Dip,"[{'quantity': '1', 'unit': '(14 ounce) can', 'ingredient': 'artichoke hearts in water, drained'}, {'quantity': '½', 'unit': 'cup', 'ingredient': 'grated Parmesan cheese'}, {'quantity': '⅓', 'unit': 'cup', 'ingredient': 'mayonnaise'}, {'quantity': '⅓', 'unit': 'cup', 'ingredient': 'sour cream'}, {'quantity': '1', 'unit': 'clove', 'ingredient': 'garlic, or more to taste, minced'}, {'quantity': '1', 'unit': 'squeeze', 'ingredient': 'fresh lemon juice'}, {'quantity': '1', 'unit': 'pinch', 'ingredient': 'salt and ground black pepper'}]",10 mins,8
https://www.allrecipes.com/recipe/218995/dipping-sauce-for-artichokes/,Dipping Sauce for Artichokes,"[{'quantity': '¼', 'unit': 'cup', 'ingredient': 'mayonnaise'}, {'quantity': '½', 'unit': 'clove', 'ingredient': 'garlic, finely chopped'}, {'quantity': '1 ½', 'unit': 'tablespoons', 'ingredient': 'lemon juice'}, {'quantity': '1 ½', 'unit': 'teaspoons', 'ingredient': 'chopped fresh basil'}, {'quantity': '1', 'unit': 'teaspoon', 'ingredient': 'Worcestershire sauce'}]",10 mins,2
https://www.allrecipes.com/recipe/20672/yummy-artichoke-dip/,Yummy Artichoke Dip,"[{'quantity': '1', 'unit': '(6.5 ounce) jar', 'ingredient': 'marinated artichoke hearts, drained and quartered'}, {'quantity': '1', 'unit': 'cup', 'ingredient': 'mayonnaise'}, {'quantity': '1 ½', 'unit': 'cups', 'ingredient': 'grated Parmesan cheese'}, {'quantity': '1', 'unit': '(8 ounce) package', 'ingredient': 'cream cheese, softened'}, {'quantity': '1', 'unit': '(4 ounce) can', 'ingredient': 'chopped green chile peppers'}]",35 mins,32
https://www.allrecipes.com/recipe/14930/florentine-artichoke-dip/,Florentine Artichoke Dip,"[{'quantity': '1', 'unit': '(10 ounce) package', 'ingredient': 'frozen chopped spinach - thawed, drained and squeezed dry'}, {'quantity': '1', 'unit': '(14 ounce) can', 'ingredient': 'artichoke hearts, drained and chopped'}, {'quantity': '3', 'unit': 'cloves', 'ingredient': 'garlic, minced'}, {'quantity': '½', 'unit': 'cup', 'ingredient': 'mayonnaise'}, {'quantity': '2', 'unit': '(8 ounce) packages', 'ingredient': 'cream cheese, softened'}, {'quantity': '2', 'unit': 'tablespoons', 'ingredient': 'lemon juice'}, {'quantity': '1', 'unit': 'cup', 'ingredient': 'grated Parmesan cheese'}]",35 mins,16
https://www.allrecipes.com/recipe/25537/shrimp-artichoke-dip/,Shrimp Artichoke Dip,"[{'quantity': '1', 'unit': '(14 ounce) can', 'ingredient': 'artichoke hearts, drained'}, {'quantity': '1', 'unit': 'cup', 'ingredient': 'shredded Cheddar cheese'}, {'quantity': '1', 'unit': 'cup', 'ingredient': 'grated Parmesan cheese'}, {'quantity': '1', 'unit': 'cup', 'ingredient': 'cooked and peeled shrimp'}, {'quantity': '½', 'unit': 'cup', 'ingredient': 'mayonnaise'}, {'quantity': '½', 'unit': 'cup', 'ingredient': 'chopped green onions'}, {'quantity': '½', 'unit': 'teaspoon', 'ingredient': 'garlic salt'}, {'quantity': '1', 'unit': 'pinch', 'ingredient': 'paprika, for garnish'}]",35 mins,32
https://www.allrecipes.com/recipe/22305/artichoke-spread/,Artichoke Spread,"[{'quantity': '1', 'unit': '(14 ounce) can', 'ingredient': 'artichoke hearts, drained'}, {'quantity': '1', 'unit': '(8 ounce) package', 'ingredient': 'cream cheese'}, {'quantity': '1', 'unit': 'cup', 'ingredient': 'grated Parmesan cheese'}, {'quantity': '½', 'unit': 'cup', 'ingredient': 'mayonnaise'}, {'quantity': '1', 'unit': 'clove', 'ingredient': 'garlic, peeled'}, {'quantity': '¾', 'unit': 'teaspoon', 'ingredient': 'dried dill weed'}]",30 mins,24
https://www.allrecipes.com/recipe/266759/vegan-spinach-artichoke-dip/,Vegan Spinach Artichoke Dip,"[{'quantity': '1', 'unit': '(8 ounce) can', 'ingredient': 'artichoke hearts, drained and chopped'}, {'quantity': '1', 'unit': '(8 ounce) container', 'ingredient': 'cream cheese-style spread (such as Kite Hill™), room temperature'}, {'quantity': '½', 'unit': '(6 ounce) package', 'ingredient': 'fresh spinach, chopped'}, {'quantity': '2', 'unit': 'tablespoons', 'ingredient': 'all-purpose flour'}, {'quantity': '¾', 'unit': 'teaspoon', 'ingredient': 'garlic salt'}, {'quantity': '¼', 'unit': 'teaspoon', 'ingredient': 'thyme leaves'}, {'quantity': '¼', 'unit': 'teaspoon', 'ingredient': 'red pepper flakes'}, {'quantity': '', 'unit': '', 'ingredient': 'cooking spray'}, {'quantity': '1', 'unit': 'cup', 'ingredient': 'grated Parmesan-style vegan cheese (such as Follow Your Heart®)'}]",35 mins,10
https://www.allrecipes.com/recipe/24915/hot-spinach-and-artichoke-dip/,Hot Spinach and Artichoke Dip,"[{'quantity': '8', 'unit': 'slices', 'ingredient': 'bacon'}, {'quantity': '1', 'unit': '(14 ounce) can', 'ingredient': 'quartered marinated artichoke hearts, drained'}, {'quantity': '1', 'unit': '(10 ounce) package', 'ingredient': 'frozen chopped spinach, thawed and drained'}, {'quantity': '1', 'unit': 'cup', 'ingredient': 'grated Parmesan cheese'}, {'quantity': '1', 'unit': '(8 ounce) container', 'ingredient': 'sour cream'}, {'quantity': '1', 'unit': '(5 ounce) container', 'ingredient': 'garlic-herb flavored cheese spread'}, {'quantity': '½', 'unit': 'cup', 'ingredient': 'mayonnaise'}]",30 mins,48
https://www.allrecipes.com/recipe/43413/chicken-artichoke-dip/,Chicken Artichoke Dip,"[{'quantity': '1', 'unit': '(5 ounce) can', 'ingredient': 'chunk chicken, drained and flaked'}, {'quantity': '1', 'unit': '(14 ounce) can', 'ingredient': 'artichoke hearts, drained and chopped'}, {'quantity': '1', 'unit': '(.7 ounce) package', 'ingredient': 'dry Italian-style salad dressing mix'}, {'quantity': '1', 'unit': '(8 ounce) container', 'ingredient': 'sour cream'}, {'quantity': '¼', 'unit': 'cup', 'ingredient': 'mayonnaise'}, {'quantity': '1', 'unit': 'cup', 'ingredient': 'Havarti cheese'}, {'quantity': '¼', 'unit': 'cup', 'ingredient': 'finely shredded Parmesan cheese'}, {'quantity': '¼', 'unit': 'cup', 'ingredient': 'sliced almonds'}]",45 mins,36
https://www.allrecipes.com/recipe/239156/spinach-artichoke-dip-with-water-chestnuts/,Spinach Artichoke Dip with Water Chestnuts,"[{'quantity': '1', 'unit': '(14 ounce) can', 'ingredient': 'artichoke hearts, drained and chopped'}, {'quantity': '½', 'unit': '(10 ounce) package', 'ingredient': 'frozen chopped spinach, thawed'}, {'quantity': '½', 'unit': '(8 ounce) can', 'ingredient': 'sliced water chestnuts, drained and finely chopped'}, {'quantity': '½', 'unit': 'cup', 'ingredient': 'sour cream'}, {'quantity': '¼', 'unit': 'cup', 'ingredient': 'mayonnaise'}, {'quantity': '¼', 'unit': 'cup', 'ingredient': 'cream cheese'}, {'quantity': '¼', 'unit': 'cup', 'ingredient': 'grated Romano cheese'}, {'quantity': '¼', 'unit': 'teaspoon', 'ingredient': 'minced garlic'}]",35 mins,12
https://www.allrecipes.com/recipe/20859/artichoke-dip-i/,Warm Cheesy Artichoke Dip,"[{'quantity': '1', 'unit': 'cup', 'ingredient': 'mayonnaise'}, {'quantity': '1', 'unit': 'cup', 'ingredient': 'grated Parmesan cheese'}, {'quantity': '2', 'unit': '(6.5 ounce) jars', 'ingredient': 'marinated artichoke hearts, drained'}, {'quantity': '2', 'unit': 'cups', 'ingredient': 'shredded mozzarella cheese'}, {'quantity': '1 ½', 'unit': 'teaspoons', 'ingredient': 'garlic powder'}, {'quantity': '1', 'unit': 'teaspoon', 'ingredient': 'paprika'}]",40 mins,40
https://www.allrecipes.com/recipe/241634/fabulous-spinach-and-artichoke-dip/,Fabulous Spinach and Artichoke Dip,"[{'quantity': '1', 'unit': '(14 ounce) can', 'ingredient': 'artichoke hearts, drained and chopped'}, {'quantity': '1', 'unit': '(10 ounce) container', 'ingredient': 'Alfredo sauce'}, {'quantity': '1', 'unit': '(10 ounce) package', 'ingredient': 'frozen chopped spinach, thawed and drained'}, {'quantity': '1', 'unit': 'cup', 'ingredient': 'grated Parmesan-Romano cheese'}, {'quantity': '1', 'unit': '(4 ounce) package', 'ingredient': 'cream cheese, softened'}, {'quantity': '½', 'unit': 'cup', 'ingredient': 'shredded mozzarella cheese'}, {'quantity': '1', 'unit': 'teaspoon', 'ingredient': 'minced garlic'}, {'quantity': '', 'unit': '', 'ingredient': 'ground black pepper to taste'}]",35 mins,12
https://www.allrecipes.com/recipe/236189/buffalo-chicken-and-artichoke-dip/,Buffalo Chicken-and-Artichoke Dip,"[{'quantity': '2', 'unit': '(8 ounce) packages', 'ingredient': 'cream cheese'}, {'quantity': '1', 'unit': '(15 ounce) can', 'ingredient': 'quartered artichoke hearts, diced'}, {'quantity': '1 ½', 'unit': 'cups', 'ingredient': 'shredded Cheddar cheese'}, {'quantity': '1', 'unit': 'cup', 'ingredient': 'ranch dressing'}, {'quantity': '1', 'unit': 'cup', 'ingredient': 'sour cream'}, {'quantity': '⅓', 'unit': 'cup', 'ingredient': ""hot sauce (such as Frank's RedHot ®), or more to taste""}, {'quantity': '¼', 'unit': 'cup', 'ingredient': 'bacon bits'}, {'quantity': '2', 'unit': '(10 ounce) cans', 'ingredient': 'white meat chicken, drained and flaked'}]",20 mins,16
https://www.allrecipes.com/recipe/9549/artichoke-cheese-dip/,Artichoke Cheese Dip,"[{'quantity': '½', 'unit': 'cup', 'ingredient': 'mayonnaise'}, {'quantity': '½', 'unit': 'cup', 'ingredient': 'shredded Cheddar cheese'}, {'quantity': '½', 'unit': 'cup', 'ingredient': 'shredded Monterey Jack cheese'}, {'quantity': '⅛', 'unit': 'teaspoon', 'ingredient': 'onion salt'}, {'quantity': '1', 'unit': 'teaspoon', 'ingredient': 'dried dill weed'}, {'quantity': '⅛', 'unit': 'teaspoon', 'ingredient': 'lemon pepper'}, {'quantity': '½', 'unit': '(14 ounce) can', 'ingredient': 'artichoke hearts, drained'}]",,6
https://www.allrecipes.com/recipe/9541/artichoke-dip/,Artichoke Dip,"[{'quantity': '1', 'unit': '(14 ounce) can', 'ingredient': 'artichoke hearts, drained and chopped'}, {'quantity': '1', 'unit': 'cup', 'ingredient': 'mayonnaise'}, {'quantity': '1', 'unit': 'cup', 'ingredient': 'grated Parmesan cheese'}, {'quantity': '1', 'unit': '(4 ounce) can', 'ingredient': 'diced green chiles'}]",,15
https://www.allrecipes.com/recipe/58527/justines-artichoke-chicken-spinach-dip/,Justine's Artichoke Chicken Spinach Dip,"[{'quantity': '1', 'unit': '(10 ounce) box', 'ingredient': 'frozen chopped spinach, thawed and drained'}, {'quantity': '1', 'unit': '(13.75 ounce) can', 'ingredient': 'artichoke hearts, drained'}, {'quantity': '1', 'unit': '(12.5 fl oz) can', 'ingredient': 'chunk chicken, drained'}, {'quantity': '1', 'unit': 'cup', 'ingredient': 'mayonnaise'}, {'quantity': '2', 'unit': 'cups', 'ingredient': 'shredded mozzarella cheese'}, {'quantity': '2', 'unit': 'cloves', 'ingredient': 'garlic, crushed'}, {'quantity': '1', 'unit': 'teaspoon', 'ingredient': 'liquid smoke flavoring'}]",45 mins,8
https://www.allrecipes.com/recipe/220879/artichoke-and-egg-spread/,Artichoke and Egg Spread,"[{'quantity': '1', 'unit': '(14 ounce) can', 'ingredient': 'artichoke hearts, drained and chopped'}, {'quantity': '½', 'unit': 'cup', 'ingredient': 'mayonnaise'}, {'quantity': '½', 'unit': 'cup', 'ingredient': 'sour cream'}, {'quantity': '3', 'unit': '', 'ingredient': 'hard-boiled eggs, chopped'}, {'quantity': '½', 'unit': 'teaspoon', 'ingredient': 'curry powder, or to taste'}, {'quantity': '', 'unit': '', 'ingredient': 'salt and ground black pepper to taste'}]",10 mins,10
https://www.allrecipes.com/recipe/219896/hot-roasted-red-pepper-and-artichoke-dip/,Hot Roasted Red Pepper and Artichoke Dip,"[{'quantity': '2', 'unit': '(8 ounce) packages', 'ingredient': 'cream cheese, softened'}, {'quantity': '1 ½', 'unit': 'cups', 'ingredient': 'sour cream'}, {'quantity': '½', 'unit': 'cup', 'ingredient': 'mayonnaise'}, {'quantity': '2', 'unit': 'cups', 'ingredient': 'shredded mozzarella cheese, divided'}, {'quantity': '1', 'unit': '(12 ounce) jar', 'ingredient': 'roasted red peppers in oil with garlic, drained and chopped'}, {'quantity': '1', 'unit': '(6 ounce) jar', 'ingredient': 'artichoke hearts, drained and chopped'}, {'quantity': '1', 'unit': 'loaf', 'ingredient': 'Italian bread, sliced'}]",2 hrs 15 mins,20
https://www.allrecipes.com/recipe/282809/artichoke-dip-with-fresh-spinach/,Artichoke Dip with Fresh Spinach,"[{'quantity': '2', 'unit': 'small', 'ingredient': 'yellow onions, chopped'}, {'quantity': '2', 'unit': 'medium', 'ingredient': 'shallots, roughly chopped'}, {'quantity': '¼', 'unit': 'cup', 'ingredient': 'roughly chopped fresh Italian parsley'}, {'quantity': '¼', 'unit': 'cup', 'ingredient': 'chopped fresh chives'}, {'quantity': '¼', 'unit': 'cup', 'ingredient': 'chopped fresh sage'}, {'quantity': '2', 'unit': 'cloves', 'ingredient': 'garlic, chopped'}, {'quantity': '1', 'unit': '(1 inch) piece', 'ingredient': 'fresh ginger, peeled and chopped'}, {'quantity': '4', 'unit': 'sprigs', 'ingredient': 'fresh rosemary, leaves stripped'}, {'quantity': '2', 'unit': 'tablespoons', 'ingredient': 'olive oil'}, {'quantity': '1', 'unit': '(10 ounce) container', 'ingredient': 'Alfredo sauce'}, {'quantity': '½', 'unit': '(8 ounce) package', 'ingredient': 'cream cheese, softened and cut into pieces'}, {'quantity': '1 ½', 'unit': 'cups', 'ingredient': 'shredded Italian cheese blend'}, {'quantity': '1', 'unit': '(8 ounce) package', 'ingredient': 'fresh spinach, chopped'}, {'quantity': '1', 'unit': '(6.5 ounce) jar', 'ingredient': 'marinated artichoke hearts, drained and diced'}]",1 hr 15 mins,12
https://www.allrecipes.com/recipe/283641/hot-spinach-artichoke-and-swiss-cheese-dip/,"Hot Spinach, Artichoke, and Swiss Cheese Dip","[{'quantity': '2', 'unit': 'cups', 'ingredient': 'light mayonnaise'}, {'quantity': '2', 'unit': 'cups', 'ingredient': 'shredded Swiss cheese'}, {'quantity': '1', 'unit': '(10 ounce) box', 'ingredient': 'frozen chopped spinach, thawed and well drained'}, {'quantity': '1', 'unit': '(10 ounce) can', 'ingredient': 'water-packed artichoke hearts, drained and chopped'}, {'quantity': '2', 'unit': 'tablespoons', 'ingredient': 'finely chopped onion'}, {'quantity': '½', 'unit': 'cup', 'ingredient': 'grated Parmesan cheese'}]",55 mins,16
https://www.allrecipes.com/recipe/24739/artichoke-crab-dip/,Artichoke Crab Dip,"[{'quantity': '2', 'unit': '(8 ounce) packages', 'ingredient': 'cream cheese, softened'}, {'quantity': '1', 'unit': '(14 ounce) can', 'ingredient': 'artichoke hearts in water, drained'}, {'quantity': '½', 'unit': 'teaspoon', 'ingredient': 'Old Bay (tm) Seasoning'}, {'quantity': '½', 'unit': 'pound', 'ingredient': 'fresh crabmeat, picked over for cartilage and shell fragments'}]",45 mins,24
https://www.allrecipes.com/recipe/262412/absolutely-wonderful-cheesy-creamy-spinach-artichoke-dip/,"Absolutely Wonderful Cheesy, Creamy Spinach Artichoke Dip","[{'quantity': '½', 'unit': 'cup', 'ingredient': 'Shamrock Farms® Premium Sour Cream'}, {'quantity': '½', 'unit': 'cup', 'ingredient': 'Shamrock Farms® Heavy Whipping Cream'}, {'quantity': '1', 'unit': '(10 ounce) package', 'ingredient': 'frozen chopped spinach, thawed and well drained'}, {'quantity': '1', 'unit': '(6.5 ounce) jar', 'ingredient': 'marinated artichoke hearts, drained and coarsely chopped'}, {'quantity': '1', 'unit': 'cup', 'ingredient': 'shredded mozzarella cheese'}, {'quantity': '½', 'unit': 'cup', 'ingredient': 'grated Parmesan cheese'}, {'quantity': '1', 'unit': 'clove', 'ingredient': 'garlic, minced, or more to taste'}, {'quantity': '¼', 'unit': 'teaspoon', 'ingredient': 'salt'}, {'quantity': '1', 'unit': '(8 ounce) loaf', 'ingredient': 'French bread, sliced'}]",35 mins,8
https://www.allrecipes.com/recipe/60229/amazing-artichoke-and-spinach-dip/,Amazing Artichoke and Spinach Dip,"[{'quantity': '1', 'unit': '(6 ounce) jar', 'ingredient': 'marinated artichoke hearts, drained and chopped'}, {'quantity': '1', 'unit': 'small', 'ingredient': 'onion, finely chopped'}, {'quantity': '1', 'unit': 'cup', 'ingredient': 'creamy salad dressing, e.g. Miracle Whip ™'}, {'quantity': '1', 'unit': 'cup', 'ingredient': 'mayonnaise'}, {'quantity': '½', 'unit': 'cup', 'ingredient': 'sour cream'}, {'quantity': '½', 'unit': 'cup', 'ingredient': 'shredded Swiss cheese'}, {'quantity': '½', 'unit': 'cup', 'ingredient': 'shredded mozzarella cheese'}, {'quantity': '½', 'unit': 'cup', 'ingredient': 'grated Parmesan cheese'}, {'quantity': '¼', 'unit': 'cup', 'ingredient': 'grated Romano cheese'}, {'quantity': '1', 'unit': 'teaspoon', 'ingredient': 'garlic powder'}, {'quantity': '', 'unit': '', 'ingredient': 'salt and pepper to taste'}, {'quantity': '1', 'unit': '(10 ounce) box', 'ingredient': 'frozen chopped spinach, thawed and drained'}, {'quantity': '¼', 'unit': 'cup', 'ingredient': 'grated Parmesan cheese'}]",45 mins,10
https://www.allrecipes.com/recipe/51371/a-and-z-dip/,A and Z Dip,"[{'quantity': '1', 'unit': '', 'ingredient': 'zucchini, peeled and finely chopped'}, {'quantity': '1', 'unit': 'teaspoon', 'ingredient': 'salt'}, {'quantity': '1', 'unit': '(8 ounce) package', 'ingredient': 'cream cheese, softened'}, {'quantity': '¼', 'unit': 'cup', 'ingredient': 'sour cream'}, {'quantity': '1', 'unit': '(14 ounce) can', 'ingredient': 'artichoke hearts, drained and chopped'}, {'quantity': '2', 'unit': 'tablespoons', 'ingredient': 'chopped black olives'}, {'quantity': '1', 'unit': 'teaspoon', 'ingredient': 'hot sauce'}, {'quantity': '', 'unit': '', 'ingredient': 'salt and pepper to taste'}, {'quantity': '½', 'unit': 'teaspoon', 'ingredient': 'pico de gallo seasoning'}]",1 hr 10 mins,2
https://www.allrecipes.com/recipe/219457/healthier-hot-artichoke-and-spinach-dip-ii/,Healthier Hot Artichoke and Spinach Dip II,"[{'quantity': '1', 'unit': '(8 ounce) package', 'ingredient': 'Neufchatel cheese, softened'}, {'quantity': '¼', 'unit': 'cup', 'ingredient': 'light mayonnaise'}, {'quantity': '¼', 'unit': 'cup', 'ingredient': 'grated Parmesan cheese'}, {'quantity': '¼', 'unit': 'cup', 'ingredient': 'grated Romano cheese'}, {'quantity': '1', 'unit': 'clove', 'ingredient': 'garlic, peeled and minced'}, {'quantity': '½', 'unit': 'teaspoon', 'ingredient': 'dried basil'}, {'quantity': '', 'unit': '', 'ingredient': 'salt and ground black pepper to taste'}, {'quantity': '1', 'unit': '(14 ounce) can', 'ingredient': 'artichoke hearts, drained and chopped'}, {'quantity': '1', 'unit': 'cup', 'ingredient': 'frozen chopped spinach, thawed and drained'}, {'quantity': '¼', 'unit': 'cup', 'ingredient': 'shredded mozzarella cheese'}]",40 mins,12
https://www.allrecipes.com/recipe/23945/hot-artichoke-dip-with-green-chiles/,Hot Artichoke Dip with Green Chiles,"[{'quantity': '½', 'unit': '(16 ounce) jar', 'ingredient': 'creamy salad dressing'}, {'quantity': '1', 'unit': 'clove', 'ingredient': 'garlic, minced'}, {'quantity': '1', 'unit': 'cup', 'ingredient': 'grated Parmesan cheese'}, {'quantity': '1', 'unit': '(4 ounce) can', 'ingredient': 'chopped green chile peppers'}, {'quantity': '1', 'unit': '(14 ounce) can', 'ingredient': 'marinated artichoke hearts, drained and chopped'}, {'quantity': '3', 'unit': '', 'ingredient': 'green onions, chopped'}, {'quantity': '1', 'unit': '', 'ingredient': 'tomato, chopped'}]",35 mins,32
https://www.allrecipes.com/recipe/20856/uncle-howies-favorite-artichoke-dip/,Uncle Howie's Favorite Artichoke Dip,"[{'quantity': '1', 'unit': '(8 ounce) package', 'ingredient': 'cream cheese, softened'}, {'quantity': '2', 'unit': '(6.5 ounce) jars', 'ingredient': 'marinated artichoke hearts, drained and chopped'}, {'quantity': '½', 'unit': 'cup', 'ingredient': 'mayonnaise'}, {'quantity': '2', 'unit': 'cloves', 'ingredient': 'garlic, pressed'}, {'quantity': '1', 'unit': '', 'ingredient': 'red bell pepper, chopped'}, {'quantity': '½', 'unit': 'cup', 'ingredient': 'shredded Swiss cheese'}, {'quantity': '⅓', 'unit': 'cup', 'ingredient': 'green onions, sliced'}]",15 mins,40
https://www.allrecipes.com/recipe/282807/4-cheese-spinach-artichoke-dip/,4-Cheese Spinach-Artichoke Dip,"[{'quantity': '2', 'unit': 'tablespoons', 'ingredient': 'salted butter'}, {'quantity': '1', 'unit': '(16 ounce) bag', 'ingredient': 'fresh spinach, chopped'}, {'quantity': '½', 'unit': 'cup', 'ingredient': 'chopped marinated artichoke hearts'}, {'quantity': '2', 'unit': 'tablespoons', 'ingredient': 'diced onion'}, {'quantity': '1', 'unit': 'teaspoon', 'ingredient': 'bottled minced garlic'}, {'quantity': '1', 'unit': 'teaspoon', 'ingredient': 'ground black pepper'}, {'quantity': '½', 'unit': 'teaspoon', 'ingredient': 'salt'}, {'quantity': '½', 'unit': 'teaspoon', 'ingredient': 'red pepper flakes'}, {'quantity': '½', 'unit': '(8 ounce) package', 'ingredient': 'cream cheese, softened'}, {'quantity': '¼', 'unit': 'cup', 'ingredient': 'grated Parmesan cheese'}, {'quantity': '2', 'unit': 'ounces', 'ingredient': 'processed cheese food (such as Velveeta®), cubed'}, {'quantity': '2', 'unit': 'ounces', 'ingredient': 'horseradish Cheddar cheese'}]",25 mins,8
https://www.allrecipes.com/recipe/245255/skinny-spinach-and-artichoke-dip/,Skinny Spinach and Artichoke Dip,"[{'quantity': '2', 'unit': '(6.5 ounce) jars', 'ingredient': 'marinated artichoke hearts, drained and chopped'}, {'quantity': '1', 'unit': '(10 ounce) package', 'ingredient': 'frozen chopped spinach, thawed and drained'}, {'quantity': '1', 'unit': '(8 ounce) package', 'ingredient': 'cream cheese, softened'}, {'quantity': '1', 'unit': 'cup', 'ingredient': 'fat-free sour cream'}, {'quantity': '1', 'unit': 'cup', 'ingredient': 'shredded Romano cheese'}, {'quantity': '½', 'unit': 'cup', 'ingredient': 'shredded Parmesan cheese'}, {'quantity': '¼', 'unit': 'cup', 'ingredient': 'roasted red peppers, drained and chopped'}, {'quantity': '2', 'unit': 'cloves', 'ingredient': 'garlic, minced'}, {'quantity': '½', 'unit': 'teaspoon', 'ingredient': 'lemon juice'}, {'quantity': '½', 'unit': 'cup', 'ingredient': 'coarsely crushed garlic croutons'}]",45 mins,16
https://www.allrecipes.com/recipe/165837/super-easy-dip-for-artichokes-or-asparagus/,Super Easy Dip for Artichokes or Asparagus,"[{'quantity': '1', 'unit': 'cup', 'ingredient': 'mayonnaise'}, {'quantity': '1 ½', 'unit': 'teaspoons', 'ingredient': 'sesame oil'}, {'quantity': '2', 'unit': 'tablespoons', 'ingredient': 'soy sauce'}]",5 mins,8
https://www.allrecipes.com/recipe/18231/artichoke-and-crab-spread/,Artichoke and Crab Spread,"[{'quantity': '3', 'unit': '', 'ingredient': 'frozen cooked artichoke hearts, thawed and quartered'}, {'quantity': '2', 'unit': '(8 ounce) packages', 'ingredient': 'cream cheese, softened'}, {'quantity': '4', 'unit': 'ounces', 'ingredient': 'crabmeat'}, {'quantity': '3', 'unit': '', 'ingredient': 'green onions'}, {'quantity': '1', 'unit': 'clove', 'ingredient': 'garlic'}, {'quantity': '1', 'unit': 'teaspoon', 'ingredient': 'lemon juice'}]",1 hr 15 mins,12
https://www.allrecipes.com/recipe/24660/dijon-style-artichoke-dip/,Dijon-Style Artichoke Dip,"[{'quantity': '1', 'unit': '(6.5 ounce) jar', 'ingredient': 'marinated artichoke hearts, chopped, liquid reserved'}, {'quantity': '1', 'unit': '(8 ounce) package', 'ingredient': 'cream cheese, softened'}, {'quantity': '¼', 'unit': 'cup', 'ingredient': 'prepared Dijon-style mustard'}]",1 hr 5 mins,16
https://www.allrecipes.com/recipe/242445/spinach-artichoke-dip-from-reynolds-wrap/,Spinach Artichoke Dip from Reynolds Wrap®,"[{'quantity': '', 'unit': '', 'ingredient': 'Reynolds Wrap® Pan Lining Paper'}, {'quantity': '1', 'unit': '(8 ounce) package', 'ingredient': 'cream cheese, softened'}, {'quantity': '½', 'unit': 'cup', 'ingredient': 'mayonnaise'}, {'quantity': '2', 'unit': 'tablespoons', 'ingredient': 'milk'}, {'quantity': '2', 'unit': 'teaspoons', 'ingredient': 'garlic powder'}, {'quantity': '1', 'unit': '(12 ounce) jar', 'ingredient': 'artichoke hearts, drained and coarsely chopped'}, {'quantity': '1', 'unit': '(10 ounce) package', 'ingredient': 'frozen chopped spinach, thawed and drained'}, {'quantity': '1', 'unit': 'cup', 'ingredient': 'shredded pepperjack cheese'}, {'quantity': '1', 'unit': 'cup', 'ingredient': 'shredded Parmesan cheese'}, {'quantity': '¼', 'unit': 'cup', 'ingredient': 'chopped roasted red pepper'}, {'quantity': '', 'unit': '', 'ingredient': 'Assorted crackers or tortilla chips'}]",1 day 1 hr 15 mins,14
https://www.allrecipes.com/recipe/230495/tribeca-artichoke-dip/,TriBeCa Artichoke Dip,"[{'quantity': '1 ½', 'unit': 'cups', 'ingredient': 'quartered artichoke hearts in water, drained and chopped'}, {'quantity': '¾', 'unit': 'cup', 'ingredient': 'mayonnaise'}, {'quantity': '¾', 'unit': 'cup', 'ingredient': 'shredded mozzarella cheese'}, {'quantity': '½', 'unit': '', 'ingredient': 'white onion, chopped'}, {'quantity': '½', 'unit': 'cup', 'ingredient': 'grated Parmesan cheese'}, {'quantity': '¼', 'unit': 'cup', 'ingredient': 'chopped pickled jalapeno peppers'}, {'quantity': '1', 'unit': 'teaspoon', 'ingredient': 'salt, or to taste'}, {'quantity': '1', 'unit': 'teaspoon', 'ingredient': 'ground black pepper, or to taste'}, {'quantity': '2', 'unit': 'pinches', 'ingredient': 'paprika'}]",55 mins,6
https://www.allrecipes.com/recipe/268908/vegan-spinach-dip-with-artichokes/,Vegan Spinach Dip with Artichokes,"[{'quantity': '1', 'unit': '(8 ounce) tub', 'ingredient': 'almond cream cheese alternative spread'}, {'quantity': '¼', 'unit': 'cup', 'ingredient': 'coconut yogurt'}, {'quantity': '⅔', 'unit': 'cup', 'ingredient': 'frozen chopped spinach, thawed and drained'}, {'quantity': '½', 'unit': 'cup', 'ingredient': 'vegan shredded Parmesan-style cheese'}, {'quantity': '1 ½', 'unit': 'teaspoons', 'ingredient': 'garlic powder'}, {'quantity': '1', 'unit': 'teaspoon', 'ingredient': 'Italian seasoning'}, {'quantity': '1', 'unit': '(14 ounce) can', 'ingredient': 'artichoke hearts, drained and chopped'}, {'quantity': '', 'unit': '', 'ingredient': 'salt and ground black pepper to taste'}, {'quantity': '1', 'unit': 'teaspoon', 'ingredient': 'extra-virgin olive oil'}, {'quantity': '¼', 'unit': 'cup', 'ingredient': 'shredded vegan mozzarella-style cheese'}]",35 mins,12
https://www.allrecipes.com/recipe/256417/artichoke-jalapeno-hummus-dip/,Artichoke Jalapeno Hummus Dip,"[{'quantity': '1', 'unit': '(15 ounce) can', 'ingredient': 'chickpeas, drained'}, {'quantity': '2', 'unit': '(6 ounce) jars', 'ingredient': 'artichoke hearts, drained'}, {'quantity': '½', 'unit': 'cup', 'ingredient': 'Greek yogurt'}, {'quantity': '½', 'unit': 'cup', 'ingredient': 'fresh basil'}, {'quantity': '⅓', 'unit': 'cup', 'ingredient': 'pickled jalapeno pepper slices'}, {'quantity': '¼', 'unit': 'cup', 'ingredient': 'olive oil'}, {'quantity': '1', 'unit': '', 'ingredient': 'lemon, juiced'}, {'quantity': '2', 'unit': 'tablespoons', 'ingredient': 'hemp seeds'}, {'quantity': '2', 'unit': 'cloves', 'ingredient': 'garlic'}, {'quantity': '1', 'unit': 'teaspoon', 'ingredient': 'ground paprika'}, {'quantity': '1', 'unit': 'teaspoon', 'ingredient': 'ground cayenne pepper'}, {'quantity': '½', 'unit': 'teaspoon', 'ingredient': 'curry powder'}]",10 mins,8
https://www.allrecipes.com/recipe/221939/spinach-artichoke-dip/,Family-Favorite Spinach Artichoke Dip,"[{'quantity': '2', 'unit': 'tablespoons', 'ingredient': 'extra-virgin olive oil'}, {'quantity': '1', 'unit': 'tablespoon', 'ingredient': 'butter'}, {'quantity': '3', 'unit': 'cloves', 'ingredient': 'garlic, chopped'}, {'quantity': '1', 'unit': 'small', 'ingredient': 'onion, chopped'}, {'quantity': '1', 'unit': 'small', 'ingredient': 'red bell pepper, chopped'}, {'quantity': '1', 'unit': 'pinch', 'ingredient': 'Italian seasoning, or to taste'}, {'quantity': '2', 'unit': 'tablespoons', 'ingredient': 'all-purpose flour'}, {'quantity': '½', 'unit': 'cup', 'ingredient': 'dry white wine'}, {'quantity': '1', 'unit': 'cup', 'ingredient': 'canned chicken broth'}, {'quantity': '½', 'unit': 'cup', 'ingredient': 'half-and-half'}, {'quantity': '2', 'unit': '(10 ounce) packages', 'ingredient': 'frozen chopped spinach, thawed and drained'}, {'quantity': '1', 'unit': '(14 ounce) can', 'ingredient': 'artichoke hearts in water, drained and chopped'}, {'quantity': '3', 'unit': 'cups', 'ingredient': 'shredded mozzarella cheese'}]",35 mins,12
https://www.allrecipes.com/recipe/78596/cheesy-artichoke-dip-by-jean-carper/,Cheesy Artichoke Dip by Jean Carper,"[{'quantity': '2', 'unit': '(8 ounce) packages', 'ingredient': 'frozen artichoke hearts'}, {'quantity': '1 ½', 'unit': 'cups', 'ingredient': 'fat-free cottage cheese'}, {'quantity': '4', 'unit': 'ounces', 'ingredient': 'herbed goat cheese (chevre)'}, {'quantity': '4', 'unit': 'teaspoons', 'ingredient': 'Dijon mustard'}, {'quantity': '3', 'unit': 'tablespoons', 'ingredient': 'fresh lemon juice'}, {'quantity': '2', 'unit': '', 'ingredient': 'garlic cloves, crushed'}, {'quantity': '1', 'unit': 'tablespoon', 'ingredient': 'Worcestershire sauce'}, {'quantity': '⅓', 'unit': 'cup', 'ingredient': 'light mayonnaise'}, {'quantity': '⅓', 'unit': 'cup', 'ingredient': 'fat-free half-and-half'}, {'quantity': '1', 'unit': 'cup', 'ingredient': 'chopped chives'}, {'quantity': '', 'unit': '', 'ingredient': 'Salt and pepper, to taste'}, {'quantity': '¼', 'unit': 'cup', 'ingredient': 'grated Parmesan cheese'}]",,9
https://www.allrecipes.com/breakfast-bagel-ideas-8415826,25 Breakfast Bagel Ideas That Go Way Beyond Plain Cream Cheese,[],,
https://www.allrecipes.com/hot-honey-butter-cream-cheese-stuffed-bagel-recipe-8664575,Hot Honey Butter Cream Cheese Stuffed Bagel,"[{'quantity': '1', 'unit': None, 'ingredient': 'bagel'}, {'quantity': '1', 'unit': 'ounce', 'ingredient': 'cream cheese'}, {'quantity': '1', 'unit': 'tablespoon', 'ingredient': 'honey'}, {'quantity': '1', 'unit': 'tablespoon', 'ingredient': 'butter'}, {'quantity': None, 'unit': None, 'ingredient': 'flaky salt'}]",10 mins,1
https://www.allrecipes.com/california-blt-chopped-bagel-recipe-8604129,California BLT Chopped Bagel,"[{'quantity': '1', 'unit': None, 'ingredient': 'everything bagel'}, {'quantity': '2', 'unit': 'ounces', 'ingredient': 'chive and onion cream cheese, softened'}, {'quantity': '3', 'unit': 'slices', 'ingredient': 'bacon'}, {'quantity': '2', 'unit': 'leaves', 'ingredient': 'romaine lettuce'}, {'quantity': '1', 'unit': 'slice', 'ingredient': 'tomato'}, {'quantity': '1/4', 'unit': 'teaspoon', 'ingredient': 'kosher salt'}, {'quantity': '1/4', 'unit': 'teaspoon', 'ingredient': 'pepper'}, {'quantity': '1/4', 'unit': None, 'ingredient': 'avocado, diced'}]",10 mins,1
https://www.allrecipes.com/fruit-pizza-chopped-bagel-recipe-8605156,Fruit Pizza Chopped Bagel,"[{'quantity': '1', 'unit': None, 'ingredient': 'plain bagel, sliced in half horizontally'}, {'quantity': '2', 'unit': 'ounces', 'ingredient': 'cream cheese, softened'}, {'quantity': '1', 'unit': 'tablespoon', 'ingredient': ""confectioner's sugar""}, {'quantity': '1/2', 'unit': 'cup', 'ingredient': 'mixed fruit,'}]",10 mins,1
https://www.allrecipes.com/recipe/6849/boiled-bagels/,Boiled Bagels,"[{'quantity': '4 ¼', 'unit': 'cups', 'ingredient': 'all-purpose flour, divided, or as needed'}, {'quantity': '2', 'unit': '(.25 ounce) packages', 'ingredient': 'active dry yeast'}, {'quantity': '1 ½', 'unit': 'cups', 'ingredient': 'warm water (110 degrees F/45 degrees C)'}, {'quantity': '4', 'unit': 'tablespoons', 'ingredient': 'white sugar, divided'}, {'quantity': '1', 'unit': 'tablespoon', 'ingredient': 'salt'}]",1 hr 50 mins,12
https://www.allrecipes.com/recipe/7178/bread-machine-bagels/,Bread Machine Bagels,"[{'quantity': '1', 'unit': 'cup', 'ingredient': 'warm water (110 degrees F/45 degrees C)'}, {'quantity': '3', 'unit': 'cups', 'ingredient': 'bread flour'}, {'quantity': '2', 'unit': 'tablespoons', 'ingredient': 'white sugar'}, {'quantity': '1 ½', 'unit': 'teaspoons', 'ingredient': 'salt'}, {'quantity': '2 ¼', 'unit': 'teaspoons', 'ingredient': 'active dry yeast'}, {'quantity': '1', 'unit': 'tablespoon', 'ingredient': 'cornmeal'}, {'quantity': '3', 'unit': 'tablespoons', 'ingredient': 'white sugar'}, {'quantity': '1', 'unit': 'large', 'ingredient': 'egg white, beaten'}, {'quantity': '3', 'unit': 'tablespoons', 'ingredient': 'poppy seeds'}]",2 hrs 45 mins,9
https://www.allrecipes.com/article/bialys-vs-bagels/,Bialys vs. Bagels: What's the Difference?,[],,
https://www.allrecipes.com/everything-bagel-grilled-cheese-recipe-8753365,Everything Bagel Grilled Cheese,"[{'quantity': '1', 'unit': None, 'ingredient': 'everything bagel,'}, {'quantity': '1', 'unit': 'tablespoon', 'ingredient': 'mayonnaise'}, {'quantity': '1', 'unit': 'slice', 'ingredient': 'American cheese'}, {'quantity': '1', 'unit': 'slice', 'ingredient': 'rovolone cheese'}]",10 mins,1
https://www.allrecipes.com/recipe/220619/real-homemade-bagels/,Real Homemade Bagels,"[{'quantity': '1 ¼', 'unit': 'cups', 'ingredient': 'water'}, {'quantity': '4 ½', 'unit': 'cups', 'ingredient': 'bread flour'}, {'quantity': '3', 'unit': 'tablespoons', 'ingredient': 'white sugar'}, {'quantity': '1', 'unit': 'teaspoon', 'ingredient': 'salt'}, {'quantity': '2', 'unit': 'tablespoons', 'ingredient': 'vegetable oil'}, {'quantity': '1', 'unit': 'tablespoon', 'ingredient': 'instant yeast'}, {'quantity': '4', 'unit': 'quarts', 'ingredient': 'water'}, {'quantity': '1', 'unit': 'cup', 'ingredient': 'honey (Optional)'}, {'quantity': '2', 'unit': 'tablespoons', 'ingredient': 'poppy seeds (Optional)'}, {'quantity': '2', 'unit': 'tablespoons', 'ingredient': 'sesame seeds (Optional)'}, {'quantity': '2', 'unit': 'tablespoons', 'ingredient': 'dried onion flakes (Optional)'}, {'quantity': '1', 'unit': 'tablespoon', 'ingredient': 'coarse salt (Optional)'}]",3 hrs 20 mins,6
https://www.allrecipes.com/recipe/140020/moist-passover-bagel/,Moist Passover Bagel,"[{'quantity': '', 'unit': '', 'ingredient': 'cooking spray'}, {'quantity': '1 ⅓', 'unit': 'cups', 'ingredient': 'water'}, {'quantity': '⅔', 'unit': 'cup', 'ingredient': 'peanut oil'}, {'quantity': '1', 'unit': 'teaspoon', 'ingredient': 'salt'}, {'quantity': '1', 'unit': 'teaspoon', 'ingredient': 'white sugar'}, {'quantity': '2', 'unit': 'cups', 'ingredient': 'matzo meal'}, {'quantity': '6', 'unit': 'large', 'ingredient': 'eggs'}]",1 hr 15 mins,12
https://www.allrecipes.com/recipe/231089/multigrain-bagels/,Multigrain Bagels,"[{'quantity': '½', 'unit': 'cup', 'ingredient': 'warm water (105 degrees F/41 degrees C)'}, {'quantity': '2', 'unit': '(.25 ounce) packages', 'ingredient': 'active dry yeast'}, {'quantity': '½', 'unit': 'teaspoon', 'ingredient': 'white sugar'}, {'quantity': '4', 'unit': 'cups', 'ingredient': 'whole wheat flour'}, {'quantity': '2', 'unit': 'cups', 'ingredient': 'bread flour'}, {'quantity': '1', 'unit': 'cup', 'ingredient': 'rolled oats'}, {'quantity': '¼', 'unit': 'cup', 'ingredient': 'vital wheat gluten'}, {'quantity': '¼', 'unit': 'cup', 'ingredient': 'wheat germ'}, {'quantity': '¼', 'unit': 'cup', 'ingredient': 'organic flaxseed meal'}, {'quantity': '1', 'unit': 'tablespoon', 'ingredient': 'sea salt'}, {'quantity': '3', 'unit': 'cups', 'ingredient': 'buttermilk'}, {'quantity': '⅓', 'unit': 'cup', 'ingredient': 'orange blossom honey'}, {'quantity': None, 'unit': None, 'ingredient': 'cooking spray'}, {'quantity': '3', 'unit': 'quarts', 'ingredient': 'water'}, {'quantity': '1 ½', 'unit': 'tablespoons', 'ingredient': 'brown sugar'}, {'quantity': '1', 'unit': 'tablespoon', 'ingredient': 'cornmeal, or as needed'}, {'quantity': '1', 'unit': '', 'ingredient': 'egg white'}, {'quantity': '1', 'unit': 'teaspoon', 'ingredient': 'cool water'}]",3 hrs 45 mins,16
https://www.allrecipes.com/recipe/223557/pumpernickel-bagels/,Pumpernickel Bagels,"[{'quantity': '1 ¼', 'unit': 'cups', 'ingredient': 'warm water'}, {'quantity': '1', 'unit': 'cup', 'ingredient': 'whole-wheat flour'}, {'quantity': '4', 'unit': 'teaspoons', 'ingredient': 'active dry yeast'}, {'quantity': '1', 'unit': 'cup', 'ingredient': 'rye flour'}, {'quantity': '½', 'unit': 'cup', 'ingredient': 'molasses'}, {'quantity': '⅓', 'unit': 'cup', 'ingredient': 'unsweetened cocoa powder'}, {'quantity': '1', 'unit': 'tablespoon', 'ingredient': 'vegetable oil'}, {'quantity': '1', 'unit': 'tablespoon', 'ingredient': 'instant coffee granules'}, {'quantity': '1', 'unit': 'tablespoon', 'ingredient': 'caraway seeds'}, {'quantity': '1 ½', 'unit': 'teaspoons', 'ingredient': 'salt'}, {'quantity': '1 ¼', 'unit': 'cups', 'ingredient': 'all-purpose flour'}, {'quantity': '1', 'unit': 'gallon', 'ingredient': 'water'}]",2 hrs,13
https://www.allrecipes.com/article/we-tried-two-ingredient-dough-three-ways/,You Can Make Dozens of Baked Treats with This 2-Ingredient Dough,[],,
https://www.allrecipes.com/recipe/231090/whole-wheat-bagels/,Whole Wheat Bagels,"[{'quantity': '1', 'unit': 'cup', 'ingredient': 'water'}, {'quantity': '2', 'unit': 'tablespoons', 'ingredient': 'honey'}, {'quantity': '4', 'unit': 'teaspoons', 'ingredient': 'vital wheat gluten'}, {'quantity': '1', 'unit': 'teaspoon', 'ingredient': 'salt'}, {'quantity': '1 ¾', 'unit': 'teaspoons', 'ingredient': 'yeast'}, {'quantity': '3', 'unit': 'cups', 'ingredient': 'whole wheat flour'}, {'quantity': '1', 'unit': 'tablespoon', 'ingredient': 'cornmeal (Optional)'}, {'quantity': '2', 'unit': 'tablespoons', 'ingredient': 'white sugar'}, {'quantity': '1', 'unit': '', 'ingredient': 'egg white (Optional)'}]",2 hrs 46 mins,8
https://www.allrecipes.com/recipe/282887/air-fryer-everything-bagel-bites/,Air Fryer Everything Bagel Bites,"[{'quantity': '', 'unit': '', 'ingredient': 'cooking spray'}, {'quantity': '1', 'unit': 'cup', 'ingredient': 'all-purpose flour'}, {'quantity': '2', 'unit': 'teaspoons', 'ingredient': 'baking powder'}, {'quantity': '½', 'unit': 'teaspoon', 'ingredient': 'salt'}, {'quantity': '1', 'unit': 'cup', 'ingredient': 'fat-free Greek yogurt (such as Fage®)'}, {'quantity': '¼', 'unit': 'cup', 'ingredient': 'garlic and herb cheese spread (such as Boursin®)'}, {'quantity': '1', 'unit': 'large', 'ingredient': 'egg white, beaten'}, {'quantity': '2', 'unit': 'teaspoons', 'ingredient': 'everything bagel seasoning'}]",40 mins,8
https://www.allrecipes.com/recipe/8398174/two-ingredient-air-fryer-bagels/,Two-Ingredient Air Fryer Bagels,"[{'quantity': '1 ¼', 'unit': 'cups', 'ingredient': 'self-rising flour'}, {'quantity': '1', 'unit': 'cup', 'ingredient': 'full-fat plain Greek yogurt'}, {'quantity': '1', 'unit': 'large', 'ingredient': 'egg white, beaten'}, {'quantity': '3', 'unit': 'teaspoons', 'ingredient': 'everything bagel seasoning'}]",45 mins,4
https://www.allrecipes.com/recipe/244974/pumpkin-spice-bagel/,Pumpkin Spice Bagel,"[{'quantity': '1', 'unit': '(.25 ounce) envelope', 'ingredient': 'active dry yeast'}, {'quantity': '⅔', 'unit': 'cup', 'ingredient': 'warm water (110 degrees F/45 degrees C)'}, {'quantity': '¾', 'unit': 'cup', 'ingredient': 'canned pumpkin'}, {'quantity': '⅓', 'unit': 'cup', 'ingredient': 'packed brown sugar'}, {'quantity': '1 ½', 'unit': 'teaspoons', 'ingredient': 'ground cinnamon'}, {'quantity': '1', 'unit': 'teaspoon', 'ingredient': 'salt'}, {'quantity': '¾', 'unit': 'teaspoon', 'ingredient': 'ground nutmeg'}, {'quantity': '½', 'unit': 'teaspoon', 'ingredient': 'ground allspice'}, {'quantity': '½', 'unit': 'teaspoon', 'ingredient': 'ground cloves'}, {'quantity': '3', 'unit': 'cups', 'ingredient': 'all-purpose flour, or more as needed'}, {'quantity': '1', 'unit': 'tablespoon', 'ingredient': 'cornmeal'}, {'quantity': '6', 'unit': 'cups', 'ingredient': 'water, or more as needed'}, {'quantity': '1', 'unit': 'teaspoon', 'ingredient': 'white sugar'}, {'quantity': '', 'unit': '', 'ingredient': 'cooking spray'}]",2 hrs 10 mins,8
https://www.allrecipes.com/recipe/6928/bagels-ii/,Bagels II,"[{'quantity': '2', 'unit': 'cups', 'ingredient': 'warm water (110 degrees F/45 degrees C)'}, {'quantity': '½', 'unit': '(.25 ounce) package', 'ingredient': 'active dry yeast'}, {'quantity': '2', 'unit': 'tablespoons', 'ingredient': 'white sugar'}, {'quantity': '1', 'unit': 'tablespoon', 'ingredient': 'vegetable oil'}, {'quantity': '7', 'unit': 'cups', 'ingredient': 'bread flour'}, {'quantity': '1', 'unit': 'tablespoon', 'ingredient': 'salt'}, {'quantity': '1', 'unit': 'tablespoon', 'ingredient': 'white sugar'}, {'quantity': '3', 'unit': 'tablespoons', 'ingredient': 'poppy seeds (Optional)'}]",2 hrs 30 mins,12
https://www.allrecipes.com/article/two-ingredient-bagel-review/,I Made the Viral Two-Ingredient Bagels and Here's What I Thought,[],,
https://www.allrecipes.com/recipe/232539/grandma-sherrills-bagels/,Grandma Sherrill's Bagels,"[{'quantity': '9', 'unit': 'cups', 'ingredient': 'all-purpose flour'}, {'quantity': '3', 'unit': 'cups', 'ingredient': 'hot water'}, {'quantity': '¼', 'unit': 'cup', 'ingredient': 'white sugar'}, {'quantity': '1', 'unit': 'tablespoon', 'ingredient': 'dry yeast'}, {'quantity': '1', 'unit': 'tablespoon', 'ingredient': 'salt'}]",1 hr 40 mins,24
https://www.allrecipes.com/recipe/285341/cream-cheese-filled-bagel-balls/,Cream Cheese-Filled Bagel Balls,"[{'quantity': '1', 'unit': 'cup', 'ingredient': 'all-purpose flour, or as needed'}, {'quantity': '2', 'unit': 'teaspoons', 'ingredient': 'baking powder'}, {'quantity': '½', 'unit': 'teaspoon', 'ingredient': 'salt, or more to taste'}, {'quantity': '1', 'unit': 'cup', 'ingredient': 'Greek yogurt'}, {'quantity': '½', 'unit': 'cup', 'ingredient': 'cream cheese, or as needed'}, {'quantity': '1', 'unit': 'large', 'ingredient': 'egg'}, {'quantity': '2', 'unit': 'teaspoons', 'ingredient': 'half-and-half'}, {'quantity': '2', 'unit': 'teaspoons', 'ingredient': 'everything bagel seasoning, or to taste'}, {'quantity': '1', 'unit': 'tablespoon', 'ingredient': 'butter, melted, or as needed'}]",25 mins,4
https://www.allrecipes.com/recipe/8396921/2-ingredient-dough-bagels/,2-Ingredient Dough Bagels,"[{'quantity': '1 ½', 'unit': 'cups', 'ingredient': 'self-rising flour, plus more for kneading'}, {'quantity': '1', 'unit': 'cup', 'ingredient': 'plain Greek yogurt'}, {'quantity': '1', 'unit': 'large', 'ingredient': 'egg'}, {'quantity': '2', 'unit': 'teaspoons', 'ingredient': 'everything bagel seasoning, or to taste'}]",45 mins,4
https://www.allrecipes.com/recipe/284536/nova-lox-everything-breakfast-bagel/,Nova Lox Everything Breakfast Bagel,"[{'quantity': '8', 'unit': '', 'ingredient': 'everything bagel thins'}, {'quantity': '1', 'unit': '(8 ounce) container', 'ingredient': 'whipped cream cheese'}, {'quantity': '1', 'unit': 'medium', 'ingredient': 'tomato, sliced'}, {'quantity': '1', 'unit': '(4 ounce) jar', 'ingredient': 'capers'}]",7 mins,8
https://www.allrecipes.com/recipe/8400714/two-ingredient-bagels/,Two-Ingredient Bagels,"[{'quantity': '1 ¼', 'unit': 'cups', 'ingredient': 'self-rising flour, or more as needed'}, {'quantity': '1', 'unit': 'cup', 'ingredient': 'plain whole-milk Greek yogurt'}, {'quantity': '1', 'unit': 'tablespoon', 'ingredient': 'bagel seasoning blend (Optional)'}, {'quantity': '', 'unit': '', 'ingredient': 'avocado oil cooking spray (Optional)'}]",45 mins,4
https://www.allrecipes.com/article/amazing-mufgel-looks-like-muffin-tastes-like-fully-loaded-bagel/,Bagel + Muffin = The Ultimate Breakfast Sandwich,[],,
https://www.allrecipes.com/recipe/8416567/2-ingredient-dough-air-fryer-blueberry-bagels/,2-Ingredient Dough Air Fryer Blueberry Bagels,"[{'quantity': '⅔', 'unit': 'cup', 'ingredient': 'dried blueberries'}, {'quantity': '1 ¼', 'unit': 'cups', 'ingredient': 'self-rising flour'}, {'quantity': '1', 'unit': 'cup', 'ingredient': 'non-fat plain Greek yogurt (such as Fage® Total 0%)'}, {'quantity': '1', 'unit': 'large', 'ingredient': 'egg, beaten'}, {'quantity': '1', 'unit': 'teaspoon', 'ingredient': 'water'}, {'quantity': '½', 'unit': 'teaspoon', 'ingredient': 'cinnamon sugar'}]",50 mins,4
https://www.allrecipes.com/million-dollar-baked-beans-recipe-8749108,Million Dollar Baked Beans,"[{'quantity': None, 'unit': None, 'ingredient': 'cooking spray'}, {'quantity': '10', 'unit': 'ounces', 'ingredient': 'thick cut bacon, cut into 1-inch pieces'}, {'quantity': '8', 'unit': 'ounces', 'ingredient': 'ground pork'}, {'quantity': '1', 'unit': 'cup', 'ingredient': 'onion'}, {'quantity': '1', 'unit': 'cup', 'ingredient': 'bell pepper'}, {'quantity': '2', 'unit': '(28-ounce) cans', 'ingredient': 'baked beans'}, {'quantity': '1/4', 'unit': 'cup', 'ingredient': 'ketchup'}, {'quantity': '2', 'unit': 'tablespoons', 'ingredient': 'brown sugar'}, {'quantity': '2', 'unit': 'tablespoons', 'ingredient': 'ijon mustard'}, {'quantity': '1', 'unit': 'tablespoon', 'ingredient': 'molasses'}, {'quantity': '1', 'unit': 'tablespoon', 'ingredient': 'orcestershire sauce'}, {'quantity': '2', 'unit': 'teaspoons', 'ingredient': 'cider vinegar'}]",1 hr 20 mins,8
https://www.allrecipes.com/recipe/45410/party-beans/,Party Beans,"[{'quantity': '1', 'unit': 'pound', 'ingredient': 'sliced bacon'}, {'quantity': '1 ½', 'unit': 'pounds', 'ingredient': 'ground round'}, {'quantity': '1', 'unit': '(15 ounce) can', 'ingredient': 'baked beans with pork'}, {'quantity': '1', 'unit': '(15.5 ounce) can', 'ingredient': 'white beans, drained'}, {'quantity': '1', 'unit': '(15.5 ounce) can', 'ingredient': 'butter beans, drained'}, {'quantity': '1', 'unit': 'cup', 'ingredient': 'packed dark brown sugar'}, {'quantity': '1', 'unit': 'cup', 'ingredient': 'barbeque sauce'}, {'quantity': '1', 'unit': '(1 ounce) envelope', 'ingredient': 'dry onion soup mix'}]",1 hr 30 mins,12
https://www.allrecipes.com/baked-butter-beans-recipe-8782057,Baked Butter Beans,"[{'quantity': '13', 'unit': 'ounces', 'ingredient': 'smoked sausage,'}, {'quantity': '1', 'unit': None, 'ingredient': 'green bell pepper'}, {'quantity': '1/2', 'unit': 'small', 'ingredient': 'onion,'}, {'quantity': '1/2', 'unit': 'cup', 'ingredient': 'ketchup'}, {'quantity': '1/3', 'unit': 'cup', 'ingredient': 'steak sauce'}, {'quantity': '1', 'unit': 'teaspoon', 'ingredient': 'liquid smoke'}, {'quantity': '1', 'unit': 'teaspoon', 'ingredient': 'ground mustard'}, {'quantity': '1/2', 'unit': 'teaspoon', 'ingredient': 'celery seed'}, {'quantity': '4', 'unit': '(18-ounce) cans', 'ingredient': 'butter beans'}]",45 mins,8
https://www.allrecipes.com/recipe/276902/toris-air-fryer-pumpkin-bagels/,Tori's Air Fryer Pumpkin Bagels,"[{'quantity': '', 'unit': '', 'ingredient': 'cooking spray'}, {'quantity': '1', 'unit': 'cup', 'ingredient': 'all-purpose flour, or more as needed'}, {'quantity': '1', 'unit': 'tablespoon', 'ingredient': 'brown sugar'}, {'quantity': '2', 'unit': 'teaspoons', 'ingredient': 'baking powder'}, {'quantity': '½', 'unit': 'teaspoon', 'ingredient': 'salt'}, {'quantity': '½', 'unit': 'cup', 'ingredient': 'pumpkin puree'}, {'quantity': '½', 'unit': 'cup', 'ingredient': 'fat-free Greek yogurt (such as Fage®)'}, {'quantity': '¼', 'unit': 'cup', 'ingredient': 'quick oats'}, {'quantity': '1', 'unit': 'tablespoon', 'ingredient': 'quick oats'}, {'quantity': '1', 'unit': 'pinch', 'ingredient': 'ground cinnamon, or to taste'}, {'quantity': '1', 'unit': '', 'ingredient': 'egg white'}, {'quantity': '2', 'unit': 'teaspoons', 'ingredient': 'honey'}, {'quantity': '1', 'unit': 'teaspoon', 'ingredient': 'water'}, {'quantity': '¼', 'unit': 'cup', 'ingredient': 'mild shredded Cheddar cheese (Optional)'}]",35 mins,4
https://www.allrecipes.com/hot-honey-baked-beans-recipe-11704100,Hot Honey Baked Beans,"[{'quantity': '4', 'unit': 'slices', 'ingredient': 'bacon, chopped'}, {'quantity': '1/2', 'unit': 'cup', 'ingredient': 'onion'}, {'quantity': '2', 'unit': 'cloves', 'ingredient': 'garlic, minced'}, {'quantity': '3', 'unit': '(15-ounce)', 'ingredient': 'navy beans, rinsed and drained'}, {'quantity': '1/2', 'unit': 'cup', 'ingredient': 'honey'}, {'quantity': '1/2', 'unit': 'cup', 'ingredient': 'ketchup'}, {'quantity': '1', 'unit': 'tablespoon', 'ingredient': 'yellow mustard'}, {'quantity': '1', 'unit': 'tablespoon', 'ingredient': 'orcestershire sauce'}, {'quantity': '1', 'unit': 'tablespoon', 'ingredient': 'cayenne pepper sauce (such as Franks® RedHot)'}, {'quantity': '1/2', 'unit': 'teaspoon', 'ingredient': 'crushed red pepper'}, {'quantity': '1/2', 'unit': 'teaspoon', 'ingredient': 'ground black pepper'}]",1 hr 25 mins,8
https://www.allrecipes.com/bbq-beans-recipe-8653439,BBQ'D Beans,"[{'quantity': '1 1/2', 'unit': 'pounds', 'ingredient': 'ground beef'}, {'quantity': '3', 'unit': 'large', 'ingredient': 'green peppers'}, {'quantity': '2', 'unit': 'large', 'ingredient': 'onions'}, {'quantity': '1/4', 'unit': 'teaspoon', 'ingredient': 'garlic powder'}, {'quantity': None, 'unit': None, 'ingredient': 'salt and freshly ground black pepper'}, {'quantity': '2', 'unit': '(19.75 ounce) cans', 'ingredient': 'pork and beans,'}, {'quantity': '1', 'unit': 'cup', 'ingredient': 'ketchup'}, {'quantity': '1', 'unit': 'tablespoon', 'ingredient': 'yellow mustard'}, {'quantity': '1', 'unit': 'cup', 'ingredient': 'brown sugar'}, {'quantity': '1', 'unit': 'tablespoon', 'ingredient': 'Worcestershire sauce'}]",1 hr 30 mins,12
https://www.allrecipes.com/recipe/165249/baked-beans-from-scratch/,Baked Beans from Scratch,"[{'quantity': '1', 'unit': 'cup', 'ingredient': 'navy beans, soaked overnight and drained'}, {'quantity': '4', 'unit': 'cups', 'ingredient': 'water'}, {'quantity': '¼', 'unit': 'cup', 'ingredient': 'ketchup'}, {'quantity': '¼', 'unit': 'cup', 'ingredient': 'maple syrup'}, {'quantity': '2', 'unit': 'tablespoons', 'ingredient': 'brown sugar'}, {'quantity': '2', 'unit': 'tablespoons', 'ingredient': 'molasses'}, {'quantity': '1', 'unit': 'teaspoon', 'ingredient': 'Worcestershire sauce'}, {'quantity': '½', 'unit': 'teaspoon', 'ingredient': 'salt'}, {'quantity': '⅛', 'unit': 'teaspoon', 'ingredient': 'ground black pepper'}, {'quantity': '⅛', 'unit': 'teaspoon', 'ingredient': 'chili powder'}, {'quantity': '1', 'unit': 'small', 'ingredient': 'onion, chopped'}]",7 hrs 30 mins,10
https://www.allrecipes.com/southern-baked-beans-recipe-7554356,Southern Baked Beans,"[{'quantity': '8', 'unit': 'ounces', 'ingredient': 'lean ground beef'}, {'quantity': '3', 'unit': 'strips', 'ingredient': 'bacon, diced'}, {'quantity': '1/2', 'unit': 'cup', 'ingredient': 'diced yellow onion'}, {'quantity': '1/2', 'unit': 'cup', 'ingredient': 'green pepper'}, {'quantity': '1/2', 'unit': 'cup packed', 'ingredient': 'dark brown sugar'}, {'quantity': '1/4', 'unit': 'cup', 'ingredient': 'ketchup'}, {'quantity': '1', 'unit': 'tablespoon', 'ingredient': 'Worcestershire sauce'}, {'quantity': '2', 'unit': 'teaspoons', 'ingredient': 'yellow mustard'}, {'quantity': '2', 'unit': '(28-ounce) cans', 'ingredient': 'baked beans'}]",1 hr 8 mins,14
https://www.allrecipes.com/drunken-baked-beans-frijoles-borrachos-recipe-7511596,Frijoles Borrachos (Drunken Baked Beans),"[{'quantity': '1/2', 'unit': 'cup', 'ingredient': 'lightly packed light brown sugar'}, {'quantity': '1/3', 'unit': 'cup', 'ingredient': 'apple cider vinegar'}, {'quantity': '1', 'unit': 'cup', 'ingredient': 'prepared red salsa'}, {'quantity': '3', 'unit': 'cans', 'ingredient': 'pinto beans, drained, not rinsed'}, {'quantity': '1', 'unit': 'cup', 'ingredient': 'diced onion'}, {'quantity': '1/2', 'unit': 'cup', 'ingredient': 'chopped jalapeno peppers'}, {'quantity': '2', 'unit': 'tablespoons', 'ingredient': 'prepared mustard'}, {'quantity': '1', 'unit': 'tablespoon', 'ingredient': 'smoked paprika'}, {'quantity': '1', 'unit': 'teaspoon', 'ingredient': 'freshly ground black pepper'}, {'quantity': '2', 'unit': 'teaspoons', 'ingredient': 'kosher salt'}, {'quantity': '1', 'unit': 'teaspoon', 'ingredient': 'garlic powder'}, {'quantity': '1/2', 'unit': 'teaspoon', 'ingredient': 'Mexican oregano'}, {'quantity': '1/4', 'unit': 'teaspoon', 'ingredient': 'cayenne pepper'}, {'quantity': '1', 'unit': '12-ounce bottle', 'ingredient': 'Mexican lager-style beer (such as Modelo)'}, {'quantity': '3', 'unit': 'strips', 'ingredient': 'bacon (optional)'}]",1 hr 10 mins,8
https://www.allrecipes.com/recipe/18255/boston-baked-beans/,Boston Baked Beans,"[{'quantity': '2', 'unit': 'cups', 'ingredient': 'dry navy beans, soaked overnight'}, {'quantity': '½', 'unit': 'pound', 'ingredient': 'uncooked bacon strips'}, {'quantity': '1', 'unit': 'medium', 'ingredient': 'onion, diced'}, {'quantity': '½', 'unit': 'cup', 'ingredient': 'ketchup'}, {'quantity': '3', 'unit': 'tablespoons', 'ingredient': 'molasses'}, {'quantity': '¼', 'unit': 'cup', 'ingredient': 'brown sugar'}, {'quantity': '1', 'unit': 'tablespoon', 'ingredient': 'Worcestershire sauce'}, {'quantity': '2', 'unit': 'teaspoons', 'ingredient': 'salt'}, {'quantity': '¼', 'unit': 'teaspoon', 'ingredient': 'ground black pepper'}, {'quantity': '¼', 'unit': 'teaspoon', 'ingredient': 'dry mustard'}]",4 hrs 20 mins,6
https://www.allrecipes.com/recipe/236866/texas-style-baked-beans/,Texas-Style Baked Beans,"[{'quantity': '1', 'unit': 'tablespoon', 'ingredient': 'butter, or as needed'}, {'quantity': '2', 'unit': 'tablespoons', 'ingredient': 'vegetable oil'}, {'quantity': '1', 'unit': 'medium', 'ingredient': 'red onion, diced'}, {'quantity': '2', 'unit': 'cloves', 'ingredient': 'garlic, minced, or more to taste'}, {'quantity': '1', 'unit': 'pound', 'ingredient': 'bacon, diced'}, {'quantity': '1', 'unit': 'medium', 'ingredient': 'red bell pepper, diced'}, {'quantity': '3', 'unit': 'medium', 'ingredient': 'jalapeno peppers, minced, or to taste'}, {'quantity': '1', 'unit': 'cup', 'ingredient': 'beer, or more to taste'}, {'quantity': '1', 'unit': 'cup', 'ingredient': 'barbecue sauce'}, {'quantity': '1', 'unit': 'cup', 'ingredient': 'brown sugar'}, {'quantity': '¼', 'unit': 'cup', 'ingredient': 'molasses'}, {'quantity': '6', 'unit': 'cups', 'ingredient': 'cooked pinto beans'}, {'quantity': '1', 'unit': 'pinch', 'ingredient': 'garlic salt, or to taste'}, {'quantity': '', 'unit': '', 'ingredient': 'cracked black pepper to taste'}]",1 hr 25 mins,8
https://www.allrecipes.com/recipe/232677/homemade-baked-beans/,Homemade Baked Beans,"[{'quantity': '½', 'unit': 'pound', 'ingredient': 'bacon'}, {'quantity': '2', 'unit': '(14.5 ounce) cans', 'ingredient': 'Great Northern beans, rinsed and drained'}, {'quantity': '2', 'unit': 'small', 'ingredient': 'onions, chopped'}, {'quantity': '1', 'unit': 'cup', 'ingredient': 'water (Optional)'}, {'quantity': '¾', 'unit': 'cup', 'ingredient': 'packed brown sugar'}, {'quantity': '3', 'unit': 'tablespoons', 'ingredient': 'ketchup'}, {'quantity': '3', 'unit': 'tablespoons', 'ingredient': 'molasses'}, {'quantity': '1', 'unit': 'tablespoon', 'ingredient': 'vinegar'}, {'quantity': '1', 'unit': 'tablespoon', 'ingredient': 'mustard'}, {'quantity': '1', 'unit': 'teaspoon', 'ingredient': 'salt'}, {'quantity': '1', 'unit': 'teaspoon', 'ingredient': 'garlic powder'}]",1 hr 10 mins,8
https://www.allrecipes.com/recipe/58389/slow-cooker-homemade-beans/,Slow Cooker Homemade Beans,"[{'quantity': '3', 'unit': 'cups', 'ingredient': 'dry navy beans, soaked overnight or boiled for one hour'}, {'quantity': '6', 'unit': 'slices', 'ingredient': 'thick cut bacon, cut into 1 inch pieces'}, {'quantity': '1', 'unit': 'large', 'ingredient': 'onion, chopped'}, {'quantity': '1 ½', 'unit': 'cups', 'ingredient': 'ketchup'}, {'quantity': '1 ½', 'unit': 'cups', 'ingredient': 'water'}, {'quantity': '1', 'unit': 'cup', 'ingredient': 'brown sugar'}, {'quantity': '¼', 'unit': 'cup', 'ingredient': 'molasses'}, {'quantity': '1', 'unit': 'tablespoon', 'ingredient': 'dry mustard'}, {'quantity': '1', 'unit': 'tablespoon', 'ingredient': 'salt'}]",8 hrs 20 mins,12
https://www.allrecipes.com/recipe/272258/instant-pot-baked-beans/,Instant Pot Baked Beans,"[{'quantity': '8', 'unit': 'cups', 'ingredient': 'water'}, {'quantity': '1', 'unit': 'pound', 'ingredient': 'dry navy beans, rinsed and picked through'}, {'quantity': '1', 'unit': 'tablespoon', 'ingredient': 'olive oil'}, {'quantity': '6', 'unit': 'ounces', 'ingredient': 'salt pork, diced'}, {'quantity': '6', 'unit': 'ounces', 'ingredient': 'bacon, cut into small pieces'}, {'quantity': '1', 'unit': 'small', 'ingredient': 'onion, minced'}, {'quantity': '1 ½', 'unit': 'cups', 'ingredient': 'water, divided'}, {'quantity': '⅓', 'unit': 'cup', 'ingredient': 'molasses'}, {'quantity': '¼', 'unit': 'cup', 'ingredient': 'ketchup'}, {'quantity': '¼', 'unit': 'cup', 'ingredient': 'brown sugar'}, {'quantity': '1', 'unit': 'tablespoon', 'ingredient': 'yellow mustard'}]",2 hrs 5 mins,12
https://www.allrecipes.com/recipe/21655/simple-baked-beans/,Easy Baked Beans,"[{'quantity': '', 'unit': '', 'ingredient': 'cooking spray'}, {'quantity': '2', 'unit': '(16 ounce) cans', 'ingredient': 'baked beans with pork'}, {'quantity': '¼', 'unit': 'cup', 'ingredient': 'molasses'}, {'quantity': '¼', 'unit': 'cup', 'ingredient': 'chopped onions'}, {'quantity': '4', 'unit': 'tablespoons', 'ingredient': 'brown sugar'}, {'quantity': '2', 'unit': 'tablespoons', 'ingredient': 'ketchup'}, {'quantity': '1', 'unit': 'tablespoon', 'ingredient': 'prepared mustard'}, {'quantity': '2', 'unit': 'slices', 'ingredient': 'bacon, chopped'}]",3 hrs 15 mins,10
https://www.allrecipes.com/recipe/18244/baked-beans-i/,Super Easy Baked Beans,"[{'quantity': '1', 'unit': '(29 ounce) can', 'ingredient': 'baked beans with pork'}, {'quantity': '½', 'unit': 'cup', 'ingredient': 'packed brown sugar'}, {'quantity': '½', 'unit': 'cup', 'ingredient': 'ketchup'}, {'quantity': '1', 'unit': 'tablespoon', 'ingredient': 'Worcestershire sauce'}]",50 mins,6
https://www.allrecipes.com/recipe/16428/baked-beans-ii/,Baked Beans,"[{'quantity': '2', 'unit': '(15 ounce) cans', 'ingredient': 'baked beans with pork'}, {'quantity': '½', 'unit': 'cup', 'ingredient': 'packed brown sugar'}, {'quantity': '½', 'unit': 'medium', 'ingredient': 'onion, chopped'}, {'quantity': '½', 'unit': 'cup', 'ingredient': 'ketchup'}, {'quantity': '1', 'unit': 'tablespoon', 'ingredient': 'prepared mustard'}, {'quantity': '1', 'unit': 'teaspoon', 'ingredient': 'Worcestershire sauce'}, {'quantity': '1', 'unit': 'teaspoon', 'ingredient': 'red wine vinegar'}, {'quantity': '', 'unit': '', 'ingredient': 'salt and pepper to taste'}, {'quantity': '2', 'unit': 'slices', 'ingredient': 'bacon'}]",1 hr 10 mins,6
https://www.allrecipes.com/recipe/83724/bacon-baked-beans/,Bacon Baked Beans,"[{'quantity': '6', 'unit': 'slices', 'ingredient': 'bacon'}, {'quantity': '2', 'unit': '(16 ounce) cans', 'ingredient': 'baked beans'}, {'quantity': '1', 'unit': '', 'ingredient': 'onion, diced'}, {'quantity': '1', 'unit': '', 'ingredient': 'Granny Smith apple - peeled, cored and diced'}, {'quantity': '1', 'unit': 'cup', 'ingredient': 'packed brown sugar'}, {'quantity': '¾', 'unit': 'cup', 'ingredient': 'ketchup'}, {'quantity': '¼', 'unit': 'cup', 'ingredient': 'yellow mustard'}]",1 hr 5 mins,8
https://www.allrecipes.com/recipe/24224/calico-bean-casserole/,Calico Bean Casserole,"[{'quantity': '1', 'unit': 'pound', 'ingredient': 'lean ground beef'}, {'quantity': '4', 'unit': 'ounces', 'ingredient': 'bacon, chopped'}, {'quantity': '½', 'unit': 'cup', 'ingredient': 'chopped onion'}, {'quantity': '1', 'unit': '(16 ounce) can', 'ingredient': 'baked beans with pork'}, {'quantity': '1', 'unit': '(15 ounce) can', 'ingredient': 'kidney beans, undrained'}, {'quantity': '1', 'unit': '(15 ounce) can', 'ingredient': 'butter beans, undrained'}, {'quantity': '¾', 'unit': 'cup', 'ingredient': 'packed brown sugar'}, {'quantity': '½', 'unit': 'cup', 'ingredient': 'ketchup'}, {'quantity': '1', 'unit': 'tablespoon', 'ingredient': 'dry mustard'}, {'quantity': '2', 'unit': 'teaspoons', 'ingredient': 'white vinegar'}, {'quantity': None, 'unit': None, 'ingredient': 'salt and freshly ground black pepper to taste'}]",55 mins,6
https://www.allrecipes.com/recipe/22298/pats-baked-beans/,Pat's Baked Beans,"[{'quantity': '6', 'unit': 'slices', 'ingredient': 'bacon'}, {'quantity': '1', 'unit': 'cup', 'ingredient': 'chopped onion'}, {'quantity': '1', 'unit': 'clove', 'ingredient': 'garlic, minced'}, {'quantity': '1', 'unit': '(16 ounce) can', 'ingredient': 'pinto beans'}, {'quantity': '1', 'unit': '(16 ounce) can', 'ingredient': 'great Northern beans, drained'}, {'quantity': '1', 'unit': '(16 ounce) can', 'ingredient': 'baked beans'}, {'quantity': '1', 'unit': '(16 ounce) can', 'ingredient': 'red kidney beans, drained'}, {'quantity': '1', 'unit': '(15 ounce) can', 'ingredient': 'garbanzo beans, drained'}, {'quantity': '¾', 'unit': 'cup', 'ingredient': 'ketchup'}, {'quantity': '½', 'unit': 'cup', 'ingredient': 'molasses'}, {'quantity': '¼', 'unit': 'cup', 'ingredient': 'packed brown sugar'}, {'quantity': '2', 'unit': 'tablespoons', 'ingredient': 'Worcestershire sauce'}, {'quantity': '1', 'unit': 'tablespoon', 'ingredient': 'yellow mustard'}, {'quantity': '½', 'unit': 'teaspoon', 'ingredient': 'pepper'}]",1 hr 30 mins,10
https://www.allrecipes.com/recipe/222258/slow-cooker-baked-beans-using-canned-beans/,Slow Cooker Baked Beans Using Canned Beans,"[{'quantity': '½', 'unit': 'cup', 'ingredient': 'hickory-flavored barbecue sauce'}, {'quantity': '½', 'unit': 'cup', 'ingredient': 'ketchup'}, {'quantity': '½', 'unit': 'cup', 'ingredient': 'packed brown sugar'}, {'quantity': '1', 'unit': 'teaspoon', 'ingredient': 'dry mustard'}, {'quantity': '3', 'unit': '(14.5 ounce) cans', 'ingredient': 'great Northern beans, drained and rinsed'}, {'quantity': '1', 'unit': '', 'ingredient': 'green bell pepper, diced'}, {'quantity': '1', 'unit': 'large', 'ingredient': 'onion, diced'}, {'quantity': '4', 'unit': 'ounces', 'ingredient': 'cooked ham, diced'}]",8 hrs 10 mins,12
https://www.allrecipes.com/recipe/150637/better-baked-beans/,Better Baked Beans,"[{'quantity': '2', 'unit': '(28 ounce) cans', 'ingredient': 'baked beans'}, {'quantity': '1', 'unit': 'small', 'ingredient': 'onion, chopped'}, {'quantity': '3', 'unit': 'tablespoons', 'ingredient': 'pancake syrup'}, {'quantity': '2', 'unit': 'tablespoons', 'ingredient': 'brown sugar'}, {'quantity': '2', 'unit': 'tablespoons', 'ingredient': 'ketchup'}, {'quantity': '2', 'unit': 'teaspoons', 'ingredient': 'prepared yellow mustard'}, {'quantity': '4', 'unit': 'slices', 'ingredient': 'bacon'}]",45 mins,12
https://www.allrecipes.com/recipe/242080/slow-cooker-cowboy-beans/,Slow Cooker Cowboy Beans,"[{'quantity': '1', 'unit': 'pound', 'ingredient': 'ground beef'}, {'quantity': '½', 'unit': 'pound', 'ingredient': 'bacon, chopped'}, {'quantity': '1', 'unit': '(28 ounce) can', 'ingredient': 'baked beans with pork'}, {'quantity': '1', 'unit': '(15 ounce) can', 'ingredient': 'kidney beans, rinsed and drained'}, {'quantity': '1', 'unit': '(15 ounce) can', 'ingredient': 'lima beans, rinsed and drained'}, {'quantity': '2', 'unit': '', 'ingredient': 'onions, chopped'}, {'quantity': '1', 'unit': 'cup', 'ingredient': 'ketchup'}, {'quantity': '1', 'unit': 'cup', 'ingredient': 'brown sugar'}, {'quantity': '1', 'unit': 'teaspoon', 'ingredient': 'prepared mustard'}]",3 hrs 20 mins,8
https://www.allrecipes.com/recipe/214816/3bc-best-baked-bean-casserole/,3BC (Best Baked Bean Casserole),"[{'quantity': '1', 'unit': 'tablespoon', 'ingredient': 'unsalted butter'}, {'quantity': '1', 'unit': 'small', 'ingredient': 'onion, diced'}, {'quantity': '½', 'unit': 'pound', 'ingredient': 'bacon'}, {'quantity': '1', 'unit': '(28 ounce) can', 'ingredient': ""baked beans (such as Bush's Original®)""}, {'quantity': '1', 'unit': 'tablespoon', 'ingredient': 'ketchup'}, {'quantity': '2', 'unit': 'teaspoons', 'ingredient': 'Worcestershire sauce'}, {'quantity': '1', 'unit': 'teaspoon', 'ingredient': 'prepared yellow mustard'}, {'quantity': '1', 'unit': 'cup', 'ingredient': 'brown sugar'}]",1 hr 10 mins,6
https://www.allrecipes.com/recipe/239623/spicy-baked-beans/,Spicy Baked Beans,"[{'quantity': '4', 'unit': 'strips', 'ingredient': 'bacon, or more to taste, cut into bite-sized pieces'}, {'quantity': '1', 'unit': 'small', 'ingredient': 'onion, chopped'}, {'quantity': '2', 'unit': '(28 ounce) cans', 'ingredient': 'baked beans'}, {'quantity': '½', 'unit': 'cup', 'ingredient': 'ketchup'}, {'quantity': '½', 'unit': 'cup', 'ingredient': 'brown sugar'}, {'quantity': '2', 'unit': 'tablespoons', 'ingredient': 'Worcestershire sauce'}, {'quantity': '2', 'unit': 'tablespoons', 'ingredient': 'prepared yellow mustard'}, {'quantity': '2', 'unit': 'tablespoons', 'ingredient': 'minced jalapeño pepper'}, {'quantity': '1', 'unit': 'tablespoon', 'ingredient': 'chili powder'}, {'quantity': '1', 'unit': 'tablespoon', 'ingredient': 'mustard powder'}]",1 hr 10 mins,12
https://www.allrecipes.com/recipe/8398508/the-best-barbecue-baked-beans/,The Best Barbecue Baked Beans,"[{'quantity': '1', 'unit': 'pound', 'ingredient': 'dried red beans'}, {'quantity': '3', 'unit': 'quarts', 'ingredient': 'water'}, {'quantity': '1', 'unit': '', 'ingredient': 'bay leaf'}, {'quantity': '1 ½', 'unit': 'pounds', 'ingredient': 'boneless pork shoulder, cut into 2-inch cubes (Optional)'}, {'quantity': '1', 'unit': '', 'ingredient': 'yellow onion, chopped'}, {'quantity': '1', 'unit': 'cup', 'ingredient': 'barbecue sauce'}, {'quantity': '½', 'unit': 'cup', 'ingredient': 'ketchup'}, {'quantity': '⅓', 'unit': 'cup', 'ingredient': 'apple cider vinegar'}, {'quantity': '¼', 'unit': 'cup', 'ingredient': 'packed light brown sugar'}, {'quantity': '3', 'unit': 'tablespoons', 'ingredient': 'molasses'}, {'quantity': '2', 'unit': 'tablespoons', 'ingredient': 'yellow mustard'}, {'quantity': '1', 'unit': 'teaspoon', 'ingredient': 'Worcestershire sauce'}, {'quantity': '1', 'unit': 'tablespoon', 'ingredient': 'smoked paprika'}, {'quantity': '⅛', 'unit': 'teaspoon', 'ingredient': 'cayenne pepper'}, {'quantity': '1', 'unit': 'teaspoon', 'ingredient': 'freshly ground black pepper'}, {'quantity': '1', 'unit': 'tablespoon', 'ingredient': 'kosher salt'}, {'quantity': '1', 'unit': 'teaspoon', 'ingredient': 'garlic powder'}, {'quantity': '2 ½', 'unit': 'cups', 'ingredient': 'reserved bean cooking liquid'}, {'quantity': '6', 'unit': 'slices', 'ingredient': 'thick-cut bacon'}]",11 hrs 20 mins,12
https://www.allrecipes.com/recipe/222568/4-bean-baked-beans/,4-Bean Baked Beans,"[{'quantity': '1', 'unit': '(16 ounce) can', 'ingredient': 'pork and beans, drained'}, {'quantity': '1', 'unit': '(15 ounce) can', 'ingredient': 'kidney beans, drained'}, {'quantity': '1', 'unit': '(15 ounce) can', 'ingredient': 'butter beans, drained'}, {'quantity': '1', 'unit': '(15 ounce) can', 'ingredient': 'lima beans, drained'}, {'quantity': '8', 'unit': 'ounces', 'ingredient': 'bacon, cut into small pieces'}, {'quantity': '1', 'unit': 'large', 'ingredient': 'onion, chopped'}, {'quantity': '2', 'unit': 'cloves', 'ingredient': 'garlic, chopped'}, {'quantity': '¾', 'unit': 'cup', 'ingredient': 'brown sugar'}, {'quantity': '½', 'unit': 'cup', 'ingredient': 'ketchup'}, {'quantity': '½', 'unit': 'cup', 'ingredient': 'vinegar'}, {'quantity': '¼', 'unit': 'cup', 'ingredient': 'molasses'}, {'quantity': '1', 'unit': 'teaspoon', 'ingredient': 'dry mustard'}]",2 hrs,16
https://www.allrecipes.com/recipe/46763/texas-cowboy-baked-beans/,Texas Cowboy Baked Beans,"[{'quantity': '1', 'unit': 'pound', 'ingredient': 'ground beef'}, {'quantity': '4', 'unit': '(16 ounce) cans', 'ingredient': 'baked beans with pork'}, {'quantity': '1', 'unit': '(4 ounce) can', 'ingredient': 'canned chopped green chile peppers'}, {'quantity': '1', 'unit': 'small', 'ingredient': 'Vidalia onion, peeled and chopped'}, {'quantity': '1', 'unit': 'cup', 'ingredient': 'barbeque sauce'}, {'quantity': '½', 'unit': 'cup', 'ingredient': 'brown sugar'}, {'quantity': '1', 'unit': 'tablespoon', 'ingredient': 'garlic powder'}, {'quantity': '1', 'unit': 'tablespoon', 'ingredient': 'chili powder'}, {'quantity': '3', 'unit': 'tablespoons', 'ingredient': 'hot pepper sauce (e.g. Tabasco™), or to taste'}]",2 hrs 15 mins,12
https://www.allrecipes.com/recipe/235182/chef-johns-boston-baked-beans/,Chef John's Boston Baked Beans,"[{'quantity': '1', 'unit': 'pound', 'ingredient': 'dry navy beans'}, {'quantity': '6', 'unit': 'cups', 'ingredient': 'water'}, {'quantity': '1', 'unit': 'pinch', 'ingredient': 'baking soda'}, {'quantity': '1', 'unit': None, 'ingredient': 'bay leaf'}, {'quantity': '6', 'unit': 'strips', 'ingredient': 'bacon, cut into 1/2-inch pieces'}, {'quantity': '1', 'unit': None, 'ingredient': 'yellow onion, diced'}, {'quantity': '⅓', 'unit': 'cup', 'ingredient': 'molasses'}, {'quantity': '¼', 'unit': 'cup', 'ingredient': 'packed dark brown sugar'}, {'quantity': '1', 'unit': 'teaspoon', 'ingredient': 'dry mustard powder'}, {'quantity': '1 ½', 'unit': 'teaspoons', 'ingredient': 'salt'}, {'quantity': '½', 'unit': 'teaspoon', 'ingredient': 'freshly ground black pepper, or to taste'}]",10 hrs 45 mins,6
https://www.allrecipes.com/recipe/262324/bettys-3-bean-hot-dish-a-la-minnesota/,Betty's 3-Bean Hot Dish (a la Minnesota),"[{'quantity': '¼', 'unit': 'pound', 'ingredient': 'bacon'}, {'quantity': '1', 'unit': 'pound', 'ingredient': 'ground beef'}, {'quantity': '1', 'unit': '', 'ingredient': 'onion, diced'}, {'quantity': '1', 'unit': '(15 ounce) can', 'ingredient': 'pork and beans, drained'}, {'quantity': '1', 'unit': '(15 ounce) can', 'ingredient': 'kidney beans, drained'}, {'quantity': '1', 'unit': '(15 ounce) can', 'ingredient': 'butter beans, drained'}, {'quantity': '½', 'unit': 'cup', 'ingredient': 'ketchup'}, {'quantity': '½', 'unit': 'cup', 'ingredient': 'brown sugar'}, {'quantity': '2', 'unit': 'tablespoons', 'ingredient': 'white vinegar'}, {'quantity': '1', 'unit': 'tablespoon', 'ingredient': 'yellow mustard'}]",1 hr 30 mins,8
https://www.allrecipes.com/recipe/17043/slow-cooker-baked-beans-with-ham-hock/,Slow Cooker Baked Beans with Ham Hock,"[{'quantity': '24', 'unit': 'ounces', 'ingredient': 'dry white beans'}, {'quantity': '1', 'unit': 'pound', 'ingredient': 'ham hocks'}, {'quantity': '1', 'unit': '', 'ingredient': 'onion, chopped'}, {'quantity': '½', 'unit': 'cup', 'ingredient': 'packed brown sugar'}, {'quantity': '½', 'unit': 'cup', 'ingredient': 'maple syrup'}, {'quantity': '1', 'unit': 'teaspoon', 'ingredient': 'salt'}, {'quantity': '1', 'unit': 'cup', 'ingredient': 'water'}, {'quantity': '½', 'unit': 'cup', 'ingredient': 'ketchup'}, {'quantity': '2', 'unit': 'tablespoons', 'ingredient': 'prepared mustard'}]",6 hrs,12
https://www.allrecipes.com/recipe/90438/slow-cooker-baked-beans/,Slow Cooker Baked Beans,"[{'quantity': '1', 'unit': 'pound', 'ingredient': 'dry great Northern beans'}, {'quantity': '8', 'unit': 'cups', 'ingredient': 'water'}, {'quantity': '4', 'unit': 'ounces', 'ingredient': 'diced salt pork'}, {'quantity': '1', 'unit': 'cup', 'ingredient': 'chopped onion'}, {'quantity': '½', 'unit': 'cup', 'ingredient': 'molasses'}, {'quantity': '⅓', 'unit': 'cup', 'ingredient': 'packed brown sugar'}, {'quantity': '1', 'unit': 'teaspoon', 'ingredient': 'dry mustard'}, {'quantity': '⅛', 'unit': 'teaspoon', 'ingredient': 'ground black pepper'}]",14 hrs,8
https://www.allrecipes.com/recipe/233050/apple-baked-beans/,Apple Baked Beans,"[{'quantity': '4', 'unit': '(16 ounce) cans', 'ingredient': 'pork and beans'}, {'quantity': '8', 'unit': 'slices', 'ingredient': 'cooked bacon, crumbled'}, {'quantity': '2', 'unit': '', 'ingredient': 'Granny Smith apples - peeled, cored, and diced'}, {'quantity': '1 ⅓', 'unit': 'cups', 'ingredient': 'barbeque sauce'}, {'quantity': '1', 'unit': 'cup', 'ingredient': 'brown sugar'}, {'quantity': '¼', 'unit': 'cup', 'ingredient': 'raisins (Optional)'}]",1 hr 40 mins,12
https://www.allrecipes.com/recipe/24758/down-home-baked-beans/,Down Home Baked Beans,"[{'quantity': '1', 'unit': 'pound', 'ingredient': 'bacon'}, {'quantity': '2', 'unit': '(28 ounce) cans', 'ingredient': 'baked beans'}, {'quantity': '1', 'unit': '(12 ounce) bottle', 'ingredient': 'chili sauce'}, {'quantity': '1', 'unit': 'large', 'ingredient': 'sweet onion, chopped'}, {'quantity': '2', 'unit': 'cups', 'ingredient': 'packed brown sugar'}]",1 hr 25 mins,11
https://www.allrecipes.com/recipe/219059/perfect-bbq-baked-beans/,Perfect BBQ Baked Beans,"[{'quantity': '1', 'unit': 'pound', 'ingredient': 'ground beef'}, {'quantity': '1', 'unit': 'small', 'ingredient': 'onion, minced'}, {'quantity': '2', 'unit': 'tablespoons', 'ingredient': 'dry mesquite flavored seasoning mix'}, {'quantity': '2', 'unit': '(28 ounce) cans', 'ingredient': 'baked beans'}, {'quantity': '¼', 'unit': 'cup', 'ingredient': 'molasses'}, {'quantity': '¾', 'unit': 'cup', 'ingredient': 'brown sugar'}, {'quantity': '¾', 'unit': 'cup', 'ingredient': 'barbeque sauce'}, {'quantity': '2', 'unit': 'teaspoons', 'ingredient': 'dry mustard powder'}, {'quantity': '2', 'unit': 'pinches', 'ingredient': 'cayenne pepper, or to taste (Optional)'}]",40 mins,10
https://www.allrecipes.com/recipe/32033/bean-hole-beans/,Bean-Hole Beans,"[{'quantity': '10', 'unit': 'cups', 'ingredient': 'dried great Northern beans'}, {'quantity': '1', 'unit': 'pound', 'ingredient': 'salt pork'}, {'quantity': '2', 'unit': '', 'ingredient': 'onions'}, {'quantity': '2 ½', 'unit': 'cups', 'ingredient': 'molasses'}, {'quantity': '1', 'unit': 'teaspoon', 'ingredient': 'black pepper'}, {'quantity': '4', 'unit': 'teaspoons', 'ingredient': 'dry hot mustard'}, {'quantity': '½', 'unit': 'cup', 'ingredient': 'butter'}]",13 hrs 10 mins,30
https://www.allrecipes.com/recipe/255907/bourbon-and-dp-baked-beans/,Bourbon Baked Beans,"[{'quantity': '½', 'unit': 'cup', 'ingredient': 'brown sugar'}, {'quantity': '1', 'unit': 'tablespoon', 'ingredient': 'ground paprika'}, {'quantity': '1', 'unit': 'teaspoon', 'ingredient': 'dry mustard'}, {'quantity': '¼', 'unit': 'teaspoon', 'ingredient': 'cayenne pepper'}, {'quantity': '1', 'unit': '(12 fl oz) can', 'ingredient': 'caffeinated pepper-type soda (such as Dr Pepper)'}, {'quantity': '¾', 'unit': 'cup', 'ingredient': 'ketchup'}, {'quantity': '¼', 'unit': 'cup', 'ingredient': 'Worcestershire sauce'}, {'quantity': '8', 'unit': 'slices', 'ingredient': 'bacon'}, {'quantity': '1', 'unit': 'large', 'ingredient': 'onion, finely chopped'}, {'quantity': '1', 'unit': 'clove', 'ingredient': 'garlic, minced'}, {'quantity': '¼', 'unit': 'cup', 'ingredient': 'bourbon'}, {'quantity': '2', 'unit': '(16 ounce) cans', 'ingredient': 'baked beans with pork'}]",3 hrs 10 mins,8
https://www.allrecipes.com/gallery/best-baked-beans-recipes/,Best Baked Bean Recipes for Perfect Potlucks,[],,
https://www.allrecipes.com/recipe/270409/quick-instant-pot-baked-beans/,Quick Instant Pot® Baked Beans,"[{'quantity': '8', 'unit': 'slices', 'ingredient': 'bacon, chopped'}, {'quantity': '2', 'unit': '(15 ounce) cans', 'ingredient': 'baked beans with pork'}, {'quantity': '½', 'unit': 'cup', 'ingredient': 'ketchup'}, {'quantity': '6', 'unit': 'tablespoons', 'ingredient': 'brown sugar'}, {'quantity': '½', 'unit': 'teaspoon', 'ingredient': 'dry mustard powder'}]",30 mins,6
https://www.allrecipes.com/recipe/265374/baked-beans-with-beef/,Baked Beans with Beef,"[{'quantity': '1', 'unit': 'pound', 'ingredient': 'ground beef'}, {'quantity': '1', 'unit': 'large', 'ingredient': 'onion, finely chopped'}, {'quantity': '1', 'unit': 'pound', 'ingredient': 'peppered bacon'}, {'quantity': '7', 'unit': '(28 ounce) cans', 'ingredient': ""baked beans (such as Bush's Original)""}, {'quantity': '1', 'unit': '(15 ounce) can', 'ingredient': 'black beans, drained'}, {'quantity': '1', 'unit': '(15 ounce) can', 'ingredient': 'light red kidney beans, drained'}, {'quantity': '1', 'unit': '(15 ounce) can', 'ingredient': 'dark red kidney beans, drained'}, {'quantity': '1', 'unit': '(15 ounce) can', 'ingredient': 'great northern beans, drained'}, {'quantity': '½', 'unit': 'cup', 'ingredient': 'brown sugar'}, {'quantity': '¼', 'unit': 'cup', 'ingredient': 'prepared yellow mustard'}, {'quantity': '¼', 'unit': 'cup', 'ingredient': 'soy sauce'}]",4 hrs 30 mins,20
https://www.allrecipes.com/recipe/21519/simple-baked-beans-ii/,Simple Baked Beans,"[{'quantity': '½', 'unit': 'pound', 'ingredient': 'bacon, chopped'}, {'quantity': '1', 'unit': '', 'ingredient': 'onion, finely chopped'}, {'quantity': '2', 'unit': '(15 ounce) cans', 'ingredient': 'baked beans'}, {'quantity': '¼', 'unit': 'cup', 'ingredient': 'brown sugar'}, {'quantity': '¼', 'unit': 'cup', 'ingredient': 'ketchup'}, {'quantity': '¼', 'unit': 'cup', 'ingredient': 'prepared mustard, or to taste'}]",30 mins,4
https://www.allrecipes.com/recipe/238563/easy-baked-beans/,Easy BBQ Baked Beans,"[{'quantity': '', 'unit': '', 'ingredient': 'cooking spray'}, {'quantity': '2', 'unit': '(16 ounce) cans', 'ingredient': 'pork and beans'}, {'quantity': '¾', 'unit': 'cup', 'ingredient': 'brown sugar'}, {'quantity': '¼', 'unit': 'cup', 'ingredient': 'ketchup'}, {'quantity': '¼', 'unit': 'cup', 'ingredient': 'barbecue sauce'}, {'quantity': '4', 'unit': 'slices', 'ingredient': 'bacon, cut into 1/2-inch pieces'}, {'quantity': '1', 'unit': 'teaspoon', 'ingredient': 'dry mustard'}]",2 hrs 25 mins,6
https://www.allrecipes.com/recipe/237759/skillet-baked-beans/,Skillet Baked Beans,"[{'quantity': '6', 'unit': 'strips', 'ingredient': 'bacon, cut into 1-inch pieces'}, {'quantity': '4', 'unit': '(16 ounce) cans', 'ingredient': 'pork and beans'}, {'quantity': '1', 'unit': 'cup', 'ingredient': 'chopped onion'}, {'quantity': '½', 'unit': 'cup', 'ingredient': 'packed brown sugar'}, {'quantity': '6', 'unit': 'tablespoons', 'ingredient': 'molasses'}, {'quantity': '2', 'unit': 'teaspoons', 'ingredient': 'yellow mustard'}]",35 mins,8
https://www.allrecipes.com/recipe/281055/simple-slow-cooker-pinto-beans-and-ham/,Simple Slow Cooker Pinto Beans and Ham,"[{'quantity': '14', 'unit': 'cups', 'ingredient': 'water, divided and more if needed'}, {'quantity': '2', 'unit': 'cups', 'ingredient': 'dried pinto beans'}, {'quantity': '1', 'unit': '', 'ingredient': 'ham bone with meat'}, {'quantity': '1', 'unit': 'large', 'ingredient': 'red onion, chopped'}, {'quantity': '2', 'unit': 'teaspoons', 'ingredient': 'garlic, minced'}, {'quantity': '1', 'unit': 'teaspoon', 'ingredient': 'ham base (such as Better than Bouillon)'}, {'quantity': '1', 'unit': 'dash', 'ingredient': 'hot pepper sauce (such as Tabasco), or to taste'}, {'quantity': None, 'unit': None, 'ingredient': 'salt and ground black pepper to taste'}]",9 hrs 15 mins,8
https://www.allrecipes.com/recipe/152938/gigantes-greek-lima-beans/,Gigantes (Greek Lima Beans),"[{'quantity': '1', 'unit': '(16 ounce) package', 'ingredient': 'dried lima beans'}, {'quantity': '2', 'unit': '(16 ounce) cans', 'ingredient': 'chopped tomatoes with juice'}, {'quantity': '1', 'unit': 'cup', 'ingredient': 'olive oil'}, {'quantity': '3', 'unit': 'cloves', 'ingredient': 'garlic, chopped'}, {'quantity': '1', 'unit': 'teaspoon', 'ingredient': 'chopped fresh dill'}, {'quantity': '', 'unit': '', 'ingredient': 'sea salt to taste'}, {'quantity': '1', 'unit': 'cup', 'ingredient': 'water, or as needed (Optional)'}]",10 hrs,8
https://www.allrecipes.com/recipe/222257/rancho-baked-beans/,Rancho Baked Beans,"[{'quantity': None, 'unit': None, 'ingredient': 'cooking spray'}, {'quantity': '1', 'unit': 'pound', 'ingredient': 'ground beef'}, {'quantity': '2', 'unit': 'cups', 'ingredient': 'chopped onion'}, {'quantity': '2', 'unit': '(16 ounce) cans', 'ingredient': 'pork and beans'}, {'quantity': '1', 'unit': '(16 ounce) can', 'ingredient': 'kidney beans, drained'}, {'quantity': '1', 'unit': 'cup', 'ingredient': 'ketchup'}, {'quantity': '¾', 'unit': 'cup', 'ingredient': 'brown sugar'}, {'quantity': '2', 'unit': 'tablespoons', 'ingredient': 'mustard'}, {'quantity': '1', 'unit': 'tablespoon', 'ingredient': 'white vinegar'}, {'quantity': '1', 'unit': 'teaspoon', 'ingredient': 'salt'}]",1 hr 10 mins,10
https://www.allrecipes.com/recipe/232728/old-fashioned-baked-beans/,Old-Fashioned Baked Beans,"[{'quantity': '10', 'unit': 'cups', 'ingredient': 'water'}, {'quantity': '2', 'unit': 'cups', 'ingredient': 'dried navy beans'}, {'quantity': '8', 'unit': 'slices', 'ingredient': 'crisply cooked bacon, crumbled'}, {'quantity': '½', 'unit': 'cup', 'ingredient': 'chopped onion'}, {'quantity': '½', 'unit': 'cup', 'ingredient': 'packed brown sugar'}, {'quantity': '¼', 'unit': 'cup', 'ingredient': 'molasses'}, {'quantity': '1', 'unit': 'teaspoon', 'ingredient': 'salt'}, {'quantity': '3', 'unit': 'cups', 'ingredient': 'water'}]",6 hrs 35 mins,10
https://www.allrecipes.com/recipe/47931/baked-beans-texas-ranger/,"Baked Beans, Texas Ranger","[{'quantity': '1', 'unit': '(28 ounce) can', 'ingredient': 'baked beans with pork'}, {'quantity': '1', 'unit': '', 'ingredient': 'medium onion, diced'}, {'quantity': '1', 'unit': 'medium', 'ingredient': 'bell pepper, diced'}, {'quantity': '4', 'unit': 'links', 'ingredient': 'spicy pork sausage, cut into chunks'}, {'quantity': '2', 'unit': 'tablespoons', 'ingredient': 'chili powder'}, {'quantity': '3', 'unit': 'tablespoons', 'ingredient': 'Worcestershire sauce'}, {'quantity': '4', 'unit': 'tablespoons', 'ingredient': 'vinegar'}, {'quantity': '½', 'unit': 'cup', 'ingredient': 'packed brown sugar'}, {'quantity': '½', 'unit': 'cup', 'ingredient': 'ketchup'}, {'quantity': '1', 'unit': 'teaspoon', 'ingredient': 'garlic powder'}, {'quantity': '', 'unit': '', 'ingredient': 'salt to taste'}, {'quantity': '1', 'unit': 'dash', 'ingredient': 'cayenne pepper (Optional)'}]",1 hr 15 mins,6
https://www.allrecipes.com/recipe/270955/my-big-fat-greek-baked-beans/,My Big Fat Greek Baked Beans,"[{'quantity': '1', 'unit': 'pound', 'ingredient': 'dried Corona beans'}, {'quantity': '3', 'unit': 'quarts', 'ingredient': 'cold water'}, {'quantity': '2', 'unit': '', 'ingredient': 'bay leaves'}, {'quantity': '1', 'unit': 'large', 'ingredient': 'red onion, diced'}, {'quantity': '3', 'unit': 'cloves', 'ingredient': 'garlic, sliced'}, {'quantity': '2', 'unit': 'cups', 'ingredient': 'tomato sauce'}, {'quantity': '2', 'unit': 'tablespoons', 'ingredient': 'tomato paste'}, {'quantity': '3', 'unit': 'tablespoons', 'ingredient': 'honey'}, {'quantity': '½', 'unit': 'cup', 'ingredient': 'chopped fresh dill'}, {'quantity': '½', 'unit': 'cup', 'ingredient': 'extra-virgin olive oil'}, {'quantity': '1', 'unit': 'tablespoon', 'ingredient': 'kosher salt'}, {'quantity': '1', 'unit': 'teaspoon', 'ingredient': 'freshly ground black pepper'}, {'quantity': '1', 'unit': 'pinch', 'ingredient': 'cayenne pepper, or to taste'}, {'quantity': '¼', 'unit': 'cup', 'ingredient': 'red wine vinegar'}, {'quantity': '2', 'unit': 'cups', 'ingredient': 'water, or more as needed'}, {'quantity': '4', 'unit': 'ounces', 'ingredient': 'feta cheese'}, {'quantity': '1', 'unit': 'tablespoon', 'ingredient': 'chopped fresh dill'}]",10 hrs,10
https://www.allrecipes.com/recipe/237985/the-best-slow-cooker-baked-beans-dads-recipe/,The Best Slow Cooker Baked Beans (Dad's Recipe),"[{'quantity': '1', 'unit': '(16 ounce) package', 'ingredient': 'dried navy beans'}, {'quantity': '4', 'unit': 'cups', 'ingredient': 'water, or more as needed'}, {'quantity': '½', 'unit': 'cup', 'ingredient': 'molasses'}, {'quantity': '2', 'unit': 'tablespoons', 'ingredient': 'brown sugar'}, {'quantity': '1', 'unit': 'teaspoon', 'ingredient': 'salt'}, {'quantity': '¾', 'unit': 'teaspoon', 'ingredient': 'dry mustard'}, {'quantity': '⅛', 'unit': 'teaspoon', 'ingredient': 'ground black pepper'}, {'quantity': '¼', 'unit': 'pound', 'ingredient': 'salt pork, thinly sliced'}, {'quantity': '1', 'unit': '', 'ingredient': 'onion, sliced'}]",17 hrs 10 mins,8
https://www.allrecipes.com/recipe/280599/loaded-baked-beans/,Loaded Baked Beans,"[{'quantity': '8', 'unit': 'strips', 'ingredient': 'bacon, coarsely chopped'}, {'quantity': '1', 'unit': 'small', 'ingredient': 'onion, chopped'}, {'quantity': '1', 'unit': '', 'ingredient': 'green bell pepper, chopped'}, {'quantity': '1', 'unit': '(16 ounce) can', 'ingredient': 'B&M Original Baked Beans'}, {'quantity': '1', 'unit': '(15.5 ounce) can', 'ingredient': 'Joan of Arc Dark Red Kidney Beans'}, {'quantity': '1', 'unit': '(15 ounce) can', 'ingredient': 'Joan of Arc Spicy Chili Beans'}, {'quantity': '½', 'unit': 'cup', 'ingredient': 'barbecue sauce'}, {'quantity': '½', 'unit': 'cup', 'ingredient': 'shredded Cheddar cheese'}, {'quantity': '2', 'unit': '', 'ingredient': 'green onions, chopped'}]",55 mins,8
https://www.allrecipes.com/recipe/106068/sweet-barbeque-beans/,Sweet Barbeque Beans,"[{'quantity': '6', 'unit': 'strips', 'ingredient': 'bacon, chopped'}, {'quantity': '1', 'unit': 'pound', 'ingredient': 'ground beef'}, {'quantity': '2', 'unit': '(16 ounce) cans', 'ingredient': 'baked beans with pork'}, {'quantity': '1', 'unit': '(15.5 ounce) can', 'ingredient': 'navy beans, rinsed and drained'}, {'quantity': '1', 'unit': '(15 ounce) can', 'ingredient': 'kidney beans, rinsed and drained'}, {'quantity': '¾', 'unit': 'cup', 'ingredient': 'ketchup'}, {'quantity': '¾', 'unit': 'cup', 'ingredient': 'packed brown sugar'}, {'quantity': '3', 'unit': 'tablespoons', 'ingredient': 'distilled white vinegar'}, {'quantity': '2', 'unit': 'tablespoons', 'ingredient': 'honey garlic sauce'}, {'quantity': '2', 'unit': 'tablespoons', 'ingredient': 'sweet and sour sauce'}, {'quantity': '1', 'unit': 'teaspoon', 'ingredient': 'onion powder'}, {'quantity': '1', 'unit': 'teaspoon', 'ingredient': 'garlic salt'}, {'quantity': '1', 'unit': 'teaspoon', 'ingredient': 'ground mustard'}, {'quantity': '1', 'unit': 'teaspoon', 'ingredient': 'Worcestershire sauce'}]",1 hr 50 mins,10
https://www.allrecipes.com/recipe/73362/cola-beans/,Cola Beans,"[{'quantity': '4', 'unit': '(28 ounce) cans', 'ingredient': 'baked beans, drained'}, {'quantity': '½', 'unit': 'pound', 'ingredient': 'bacon'}, {'quantity': '1', 'unit': 'cup', 'ingredient': 'brown sugar'}, {'quantity': '1', 'unit': '(12 fluid ounce) can', 'ingredient': 'cola soft drink (such as Coke®)'}]",10 hrs 15 mins,24
https://www.allrecipes.com/recipe/238300/picnic-baked-bean-casserole/,Picnic Baked Bean Casserole,"[{'quantity': None, 'unit': None, 'ingredient': 'nonstick spray'}, {'quantity': '2', 'unit': '(15 ounce) cans', 'ingredient': 'pork and beans'}, {'quantity': '1', 'unit': '(16 ounce) can', 'ingredient': 'kidney beans, rinsed and drained'}, {'quantity': '1', 'unit': '(15 ounce) can', 'ingredient': 'lima beans, rinsed and drained'}, {'quantity': '1', 'unit': '', 'ingredient': 'onion, chopped'}, {'quantity': '½', 'unit': 'cup', 'ingredient': 'packed brown sugar'}, {'quantity': '½', 'unit': 'cup', 'ingredient': 'ketchup'}, {'quantity': '½', 'unit': 'teaspoon', 'ingredient': 'dry mustard'}, {'quantity': '4', 'unit': 'strips', 'ingredient': 'cooked bacon, crumbled'}]",1 hr 10 mins,10
https://www.allrecipes.com/recipe/233163/erikas-baked-beans/,Erika's Baked Beans,"[{'quantity': '4', 'unit': 'slices', 'ingredient': 'bacon'}, {'quantity': '1', 'unit': '(16 ounce) can', 'ingredient': 'pork and beans'}, {'quantity': '½', 'unit': 'cup', 'ingredient': 'chopped onion'}, {'quantity': '2', 'unit': 'tablespoons', 'ingredient': 'brown sugar, or more to taste'}, {'quantity': '1', 'unit': 'tablespoon', 'ingredient': 'Worcestershire sauce'}, {'quantity': '1', 'unit': 'teaspoon', 'ingredient': 'prepared mustard'}]",1 hr 45 mins,8
https://www.allrecipes.com/recipe/237925/vegetarian-baked-beans/,Vegetarian Baked Beans,"[{'quantity': '1', 'unit': '(16 ounce) package', 'ingredient': 'dried navy beans'}, {'quantity': '', 'unit': '', 'ingredient': 'water as needed'}, {'quantity': '2', 'unit': 'cups', 'ingredient': 'chopped sweet onion'}, {'quantity': '¼', 'unit': 'cup', 'ingredient': 'firmly packed brown sugar'}, {'quantity': '¼', 'unit': 'cup', 'ingredient': 'molasses'}, {'quantity': '2', 'unit': 'tablespoons', 'ingredient': 'cider vinegar'}, {'quantity': '2', 'unit': 'teaspoons', 'ingredient': 'dry mustard'}, {'quantity': '1', 'unit': 'clove', 'ingredient': 'garlic, minced'}, {'quantity': '¼', 'unit': 'teaspoon', 'ingredient': 'ground nutmeg'}, {'quantity': '¼', 'unit': 'teaspoon', 'ingredient': 'ground cinnamon'}, {'quantity': '¼', 'unit': 'teaspoon', 'ingredient': 'ground black pepper'}]",15 hrs 10 mins,10
https://www.allrecipes.com/recipe/274864/vegetarian-baked-beans-with-canned-beans/,Vegetarian Baked Beans with Canned Beans,"[{'quantity': '2', 'unit': 'teaspoons', 'ingredient': 'vegetable oil'}, {'quantity': '1', 'unit': 'medium', 'ingredient': 'onion, chopped'}, {'quantity': '1', 'unit': '', 'ingredient': 'jalapeno pepper, seeded and diced'}, {'quantity': '1', 'unit': 'tablespoon', 'ingredient': 'minced garlic'}, {'quantity': '¼', 'unit': 'cup', 'ingredient': 'bourbon'}, {'quantity': '⅓', 'unit': 'cup', 'ingredient': 'tomato paste'}, {'quantity': '¼', 'unit': 'cup', 'ingredient': 'maple syrup'}, {'quantity': '2', 'unit': 'tablespoons', 'ingredient': 'molasses'}, {'quantity': '2', 'unit': 'tablespoons', 'ingredient': 'apple cider vinegar'}, {'quantity': '2', 'unit': 'tablespoons', 'ingredient': 'soy sauce'}, {'quantity': '2', 'unit': 'tablespoons', 'ingredient': 'yellow mustard'}, {'quantity': '1', 'unit': 'teaspoon', 'ingredient': 'smoked paprika'}, {'quantity': '2', 'unit': '(15 ounce) cans', 'ingredient': 'navy beans, rinsed and drained'}]",1 hr 15 mins,4
https://www.allrecipes.com/recipe/218516/kansas-baked-beans/,Kansas Baked Beans,"[{'quantity': '8', 'unit': 'ounces', 'ingredient': 'bacon, diced'}, {'quantity': '8', 'unit': 'ounces', 'ingredient': 'ground beef'}, {'quantity': '1', 'unit': '', 'ingredient': 'onion, diced'}, {'quantity': '½', 'unit': 'cup', 'ingredient': 'white sugar'}, {'quantity': '½', 'unit': 'cup', 'ingredient': 'brown sugar'}, {'quantity': '¼', 'unit': 'cup', 'ingredient': 'ketchup'}, {'quantity': '¼', 'unit': 'cup', 'ingredient': 'barbecue sauce'}, {'quantity': '2', 'unit': 'tablespoons', 'ingredient': 'prepared yellow mustard'}, {'quantity': '2', 'unit': 'tablespoons', 'ingredient': 'molasses'}, {'quantity': '2', 'unit': 'teaspoons', 'ingredient': 'chili powder'}, {'quantity': '½', 'unit': 'teaspoon', 'ingredient': 'ground black pepper'}, {'quantity': '2', 'unit': '(16 ounce) cans', 'ingredient': 'pork and beans'}, {'quantity': '1', 'unit': '(16 ounce) can', 'ingredient': 'kidney beans, rinsed and drained'}, {'quantity': '1', 'unit': '(16 ounce) can', 'ingredient': 'butter beans, rinsed and drained'}]",1 hr 30 mins,8
https://www.allrecipes.com/recipe/109876/western-style-baked-beans/,Western-Style Baked Beans,"[{'quantity': '1', 'unit': 'pound', 'ingredient': 'ground beef'}, {'quantity': '2', 'unit': '(28 ounce) cans', 'ingredient': 'baked beans with pork'}, {'quantity': '1', 'unit': 'pound', 'ingredient': 'bacon, cooked and crumbled'}, {'quantity': '½', 'unit': 'pound', 'ingredient': 'cooked ham, chopped'}, {'quantity': '¼', 'unit': 'cup', 'ingredient': 'ketchup'}, {'quantity': '¼', 'unit': 'cup', 'ingredient': 'packed brown sugar'}, {'quantity': '2', 'unit': 'tablespoons', 'ingredient': 'minced onion'}, {'quantity': '1', 'unit': 'tablespoon', 'ingredient': 'chili powder'}, {'quantity': '1', 'unit': 'tablespoon', 'ingredient': 'molasses'}, {'quantity': '¼', 'unit': 'cup', 'ingredient': 'water (Optional)'}]",3 hrs 20 mins,32
https://www.allrecipes.com/recipe/73580/baked-meaty-beans/,Baked Meaty Beans,"[{'quantity': '1', 'unit': 'pound', 'ingredient': 'thick cut bacon'}, {'quantity': '1', 'unit': 'pound', 'ingredient': 'lean ground beef'}, {'quantity': '½', 'unit': 'pound', 'ingredient': 'sage pork sausage'}, {'quantity': '1', 'unit': 'clove', 'ingredient': 'garlic, crushed'}, {'quantity': '1', 'unit': 'large', 'ingredient': 'onion, cut into 1/2-inch pieces'}, {'quantity': '1', 'unit': 'cup', 'ingredient': 'dark brown sugar'}, {'quantity': '1', 'unit': 'cup', 'ingredient': 'real maple syrup'}, {'quantity': '1', 'unit': 'cup', 'ingredient': 'ketchup'}, {'quantity': '¼', 'unit': 'cup', 'ingredient': 'prepared yellow mustard'}, {'quantity': '½', 'unit': 'cup', 'ingredient': 'chipotle sauce'}, {'quantity': '1', 'unit': '(16 ounce) can', 'ingredient': 'baked beans'}, {'quantity': '1', 'unit': '(16 ounce) can', 'ingredient': 'kidney beans'}, {'quantity': '1', 'unit': '(16 ounce) can', 'ingredient': 'black beans'}, {'quantity': '1', 'unit': '(16 ounce) can', 'ingredient': 'pinto beans'}, {'quantity': '1', 'unit': '(16 ounce) can', 'ingredient': 'great Northern beans'}, {'quantity': '1', 'unit': '(16 ounce) can', 'ingredient': 'cannellini beans'}, {'quantity': '1', 'unit': 'tablespoon', 'ingredient': 'chili powder'}, {'quantity': '', 'unit': '', 'ingredient': 'salt to taste'}]",1 hr 50 mins,20
https://www.allrecipes.com/recipe/231711/chuckwagon-beans/,Chuckwagon Beans,"[{'quantity': '½', 'unit': 'pound', 'ingredient': 'bacon, cut into small pieces'}, {'quantity': '1', 'unit': '', 'ingredient': 'onion, cut into small pieces'}, {'quantity': '2', 'unit': '(15 ounce) cans', 'ingredient': 'kidney beans, rinsed and drained'}, {'quantity': '½', 'unit': 'cup', 'ingredient': 'ketchup'}, {'quantity': '½', 'unit': 'teaspoon', 'ingredient': 'dry mustard'}, {'quantity': '2', 'unit': 'tablespoons', 'ingredient': 'brown sugar'}, {'quantity': '1', 'unit': 'tablespoon', 'ingredient': 'Worcestershire sauce'}, {'quantity': '1', 'unit': 'dash', 'ingredient': 'hot pepper sauce (such as Tabasco®)'}, {'quantity': '1', 'unit': 'pinch', 'ingredient': 'salt'}, {'quantity': '1', 'unit': 'pinch', 'ingredient': 'ground black pepper'}]",40 mins,6
https://www.allrecipes.com/recipe/86816/slow-cooker-bbq-baked-beans/,Slow Cooker BBQ Baked Beans,"[{'quantity': '1', 'unit': 'pound', 'ingredient': 'mild pork sausage'}, {'quantity': '1', 'unit': '(15 ounce) can', 'ingredient': 'wax beans, drained'}, {'quantity': '1', 'unit': '(15 ounce) can', 'ingredient': 'cut green beans, drained'}, {'quantity': '1', 'unit': '(15 ounce) can', 'ingredient': 'lima beans, drained'}, {'quantity': '1', 'unit': '(15 ounce) can', 'ingredient': 'black beans, drained'}, {'quantity': '½', 'unit': '(28 ounce) can', 'ingredient': 'barbeque baked beans, with liquid'}, {'quantity': '1', 'unit': '(15 ounce) can', 'ingredient': 'chili beans, with liquid'}, {'quantity': '1', 'unit': '(6 ounce) can', 'ingredient': 'tomato paste'}, {'quantity': '1', 'unit': 'cup', 'ingredient': 'packed light brown sugar'}, {'quantity': '¼', 'unit': 'cup', 'ingredient': 'barbeque sauce'}, {'quantity': '1', 'unit': 'small', 'ingredient': 'green bell pepper, diced'}, {'quantity': '1', 'unit': 'small', 'ingredient': 'yellow onion, diced'}, {'quantity': '1', 'unit': 'teaspoon', 'ingredient': 'fennel seed'}]",5 hrs 15 mins,24
https://www.allrecipes.com/gallery/baked-beans-from-scratch/,8 From-Scratch Baked Beans Recipes That'll Make You the Star of the BBQ,[],,
https://www.allrecipes.com/recipe/265375/cowboy-baked-beans/,Cowboy Baked Beans,"[{'quantity': '4', 'unit': '(28 ounce) cans', 'ingredient': 'pork and beans'}, {'quantity': '1', 'unit': 'pound', 'ingredient': 'bacon, chopped into small pieces'}, {'quantity': '1', 'unit': 'large', 'ingredient': 'onion, chopped'}, {'quantity': '1', 'unit': 'large', 'ingredient': 'green bell pepper, chopped'}, {'quantity': '1', 'unit': 'cup', 'ingredient': 'ketchup'}, {'quantity': '1', 'unit': 'cup', 'ingredient': 'brown sugar, packed'}]",3 hrs 15 mins,16
https://www.allrecipes.com/recipe/222569/slow-cooked-baked-beans/,Slow-Cooked Baked Beans,"[{'quantity': '3', 'unit': 'cups', 'ingredient': 'dried navy beans'}, {'quantity': '', 'unit': '', 'ingredient': 'water, to cover'}, {'quantity': '1 ½', 'unit': 'cups', 'ingredient': 'ketchup'}, {'quantity': '½', 'unit': 'pound', 'ingredient': 'fully cooked ham'}, {'quantity': '1 ½', 'unit': 'cups', 'ingredient': 'water'}, {'quantity': '½', 'unit': 'cup', 'ingredient': 'brown sugar'}, {'quantity': '¼', 'unit': 'cup', 'ingredient': 'molasses'}, {'quantity': '1 ½', 'unit': 'tablespoons', 'ingredient': 'onion powder'}, {'quantity': '1', 'unit': 'tablespoon', 'ingredient': 'dry mustard'}, {'quantity': '1', 'unit': 'tablespoon', 'ingredient': 'salt'}, {'quantity': '1', 'unit': 'tablespoon', 'ingredient': 'Worcestershire sauce'}, {'quantity': '¼', 'unit': 'teaspoon', 'ingredient': 'ground black pepper'}]",16 hrs 10 mins,12
https://www.allrecipes.com/recipe/31544/bar-b-q-baked-beans/,Bar-B-Q Baked Beans,"[{'quantity': '1', 'unit': '(15 ounce) can', 'ingredient': 'kidney beans, drained (Optional)'}, {'quantity': '1', 'unit': '(15 ounce) can', 'ingredient': 'pinto beans, drained'}, {'quantity': '1', 'unit': '(15 ounce) can', 'ingredient': 'lima beans, drained'}, {'quantity': '1', 'unit': '(16 ounce) can', 'ingredient': 'great Northern beans, drained'}, {'quantity': '1', 'unit': '(12 ounce) bottle', 'ingredient': 'chili sauce'}, {'quantity': '2', 'unit': 'tablespoons', 'ingredient': 'brown sugar'}, {'quantity': '1', 'unit': 'tablespoon', 'ingredient': 'Dijon mustard'}, {'quantity': '1', 'unit': 'tablespoon', 'ingredient': 'Worcestershire sauce'}, {'quantity': '2', 'unit': 'tablespoons', 'ingredient': 'molasses'}, {'quantity': '3', 'unit': 'slices', 'ingredient': 'bacon, cut in half'}]",1 hr 10 mins,14
https://www.allrecipes.com/recipe/241694/ranch-beans-with-beef/,Ranch Beans with Beef,"[{'quantity': '1', 'unit': 'pound', 'ingredient': 'ground beef'}, {'quantity': '3', 'unit': '(14.5 ounce) cans', 'ingredient': 'pork and beans, drained'}, {'quantity': '1', 'unit': 'cup', 'ingredient': 'ketchup'}, {'quantity': '1', 'unit': 'cup', 'ingredient': 'brown sugar'}, {'quantity': '½', 'unit': 'cup', 'ingredient': 'cold water'}, {'quantity': '¼', 'unit': 'cup', 'ingredient': 'distilled white vinegar'}, {'quantity': '2', 'unit': 'tablespoons', 'ingredient': 'mustard'}]",1 hr 20 mins,8
https://www.allrecipes.com/recipe/273450/home-style-vegetarian-baked-beans/,Home-Style Vegetarian Baked Beans,"[{'quantity': '1', 'unit': 'drizzle', 'ingredient': 'olive oil'}, {'quantity': '½', 'unit': 'cup', 'ingredient': 'green bell peppers, chopped'}, {'quantity': '½', 'unit': 'cup', 'ingredient': 'green onions, chopped'}, {'quantity': '2', 'unit': '(16 ounce) cans', 'ingredient': ""vegetarian baked beans in tomato sauce (such as Bush's® Best Vegetarian Baked Beans), undrained""}, {'quantity': '2', 'unit': '(15 ounce) cans', 'ingredient': 'kidney beans, rinsed and drained'}, {'quantity': '½', 'unit': 'cup', 'ingredient': 'ketchup'}, {'quantity': '2', 'unit': 'tablespoons', 'ingredient': 'red wine vinegar'}, {'quantity': '2', 'unit': 'tablespoons', 'ingredient': 'brown sugar'}, {'quantity': '2', 'unit': 'tablespoons', 'ingredient': 'chili powder'}, {'quantity': '1', 'unit': 'teaspoon', 'ingredient': 'garlic powder'}, {'quantity': '½', 'unit': 'teaspoon', 'ingredient': 'liquid smoke flavoring'}]",35 mins,8
https://www.allrecipes.com/4-ingredient-banana-bread-recipe-8707031,4-Ingredient Banana Bread,"[{'quantity': '5', 'unit': 'small ripe spotted', 'ingredient': 'bananas, divided (about 4 1/2 ounces each)'}, {'quantity': '2', 'unit': 'large', 'ingredient': 'eggs, at room temperature'}, {'quantity': '1/2 cup plus 1', 'unit': None, 'ingredient': 'dark brown sugar, divided'}, {'quantity': '2', 'unit': 'cups', 'ingredient': 'self rising flour'}]",1 hr 15 mins,12
https://www.allrecipes.com/banana-bread-brownies-recipe-8583080,Banana Bread Brownies,"[{'quantity': '1 3/4', 'unit': 'cups', 'ingredient': 'all-purpose flour'}, {'quantity': '1', 'unit': 'teaspoon', 'ingredient': 'baking powder'}, {'quantity': '1', 'unit': 'teaspoon', 'ingredient': 'baking soda'}, {'quantity': '1', 'unit': 'teaspoon', 'ingredient': 'kosher salt'}, {'quantity': '2', 'unit': 'ounces', 'ingredient': 'dark chocolate, broken into pieces'}, {'quantity': '1', 'unit': 'cup', 'ingredient': 'white sugar'}, {'quantity': '1/2', 'unit': 'cup', 'ingredient': 'unsalted butter, at room temperature'}, {'quantity': '1', 'unit': 'large', 'ingredient': 'egg'}, {'quantity': '2', 'unit': None, 'ingredient': 'bananas, mashed (about 1 cup)'}, {'quantity': '1/4', 'unit': 'teaspoon', 'ingredient': 'vanilla extract'}, {'quantity': '1/2', 'unit': 'cup', 'ingredient': 'chopped walnuts'}, {'quantity': '1/2', 'unit': 'cup', 'ingredient': 'semisweet chocolate chips'}, {'quantity': '12', 'unit': 'slices', 'ingredient': 'banana (optional)'}, {'quantity': '2', 'unit': 'tablespoons', 'ingredient': 'white sugar'}]",1 hr 45 mins,12
https://www.allrecipes.com/recipe/241707/joys-easy-banana-bread/,Joy's Easy Banana Bread,"[{'quantity': '3', 'unit': '', 'ingredient': 'ripe bananas, mashed'}, {'quantity': '1', 'unit': 'cup', 'ingredient': 'white sugar'}, {'quantity': '1', 'unit': '', 'ingredient': 'egg'}, {'quantity': '¼', 'unit': 'cup', 'ingredient': 'melted butter'}, {'quantity': '1 ½', 'unit': 'cups', 'ingredient': 'all-purpose flour'}, {'quantity': '1', 'unit': 'teaspoon', 'ingredient': 'baking soda'}, {'quantity': '1', 'unit': 'teaspoon', 'ingredient': 'salt'}]",1 hr 15 mins,10
https://www.allrecipes.com/recipe/17066/janets-rich-banana-bread/,Janet's Rich Banana Bread,"[{'quantity': '1', 'unit': 'cup', 'ingredient': 'white sugar'}, {'quantity': '½', 'unit': 'cup', 'ingredient': 'butter, melted'}, {'quantity': '2', 'unit': '', 'ingredient': 'eggs'}, {'quantity': '1', 'unit': 'teaspoon', 'ingredient': 'vanilla extract'}, {'quantity': '1 ½', 'unit': 'cups', 'ingredient': 'all-purpose flour'}, {'quantity': '1', 'unit': 'teaspoon', 'ingredient': 'baking soda'}, {'quantity': '½', 'unit': 'teaspoon', 'ingredient': 'salt'}, {'quantity': '½', 'unit': 'cup', 'ingredient': 'sour cream'}, {'quantity': '½', 'unit': 'cup', 'ingredient': 'chopped walnuts'}, {'quantity': '2', 'unit': '', 'ingredient': 'medium bananas, sliced'}]",1 hr 20 mins,10
https://www.allrecipes.com/recipe/230482/banana-chocolate-chip-bread/,Banana Chocolate Chip Bread,"[{'quantity': '2', 'unit': 'cups', 'ingredient': 'all-purpose flour'}, {'quantity': '1', 'unit': 'teaspoon', 'ingredient': 'baking powder'}, {'quantity': '1', 'unit': 'teaspoon', 'ingredient': 'baking soda'}, {'quantity': '1', 'unit': 'teaspoon', 'ingredient': 'salt'}, {'quantity': '3', 'unit': '', 'ingredient': 'ripe bananas, mashed'}, {'quantity': '1', 'unit': 'tablespoon', 'ingredient': 'milk'}, {'quantity': '1', 'unit': 'teaspoon', 'ingredient': 'ground cinnamon, or to taste'}, {'quantity': '1', 'unit': 'cup', 'ingredient': 'white sugar'}, {'quantity': '½', 'unit': 'cup', 'ingredient': 'butter, softened'}, {'quantity': '2', 'unit': 'large', 'ingredient': 'eggs'}, {'quantity': '1', 'unit': 'cup', 'ingredient': 'semisweet chocolate chips'}]",1 hr 35 mins,10
https://www.allrecipes.com/overripe-banana-recipes-8699052,75 Delicious Ways To Use Overripe Bananas,[],,
https://www.allrecipes.com/recipe/20144/banana-banana-bread/,Banana Banana Bread,"[{'quantity': '2', 'unit': 'cups', 'ingredient': 'all-purpose flour'}, {'quantity': '1', 'unit': 'teaspoon', 'ingredient': 'baking soda'}, {'quantity': '¼', 'unit': 'teaspoon', 'ingredient': 'salt'}, {'quantity': '¾', 'unit': 'cup', 'ingredient': 'brown sugar'}, {'quantity': '½', 'unit': 'cup', 'ingredient': 'butter'}, {'quantity': '2', 'unit': 'large', 'ingredient': 'eggs, beaten'}, {'quantity': '2 ⅓', 'unit': 'cups', 'ingredient': 'mashed overripe bananas'}]",1 hr 15 mins,12
https://www.allrecipes.com/article/banana-bread-mistakes/,6 Little Mistakes That Could Ruin Your Banana Bread,[],,
https://www.allrecipes.com/recipe/67937/extreme-banana-nut-bread-ebnb/,Extreme Banana Nut Bread 'EBNB',"[{'quantity': '2', 'unit': 'cups', 'ingredient': 'all-purpose flour'}, {'quantity': '2', 'unit': 'teaspoons', 'ingredient': 'baking soda'}, {'quantity': '1', 'unit': 'teaspoon', 'ingredient': 'salt'}, {'quantity': '2', 'unit': 'cups', 'ingredient': 'white sugar'}, {'quantity': '1', 'unit': 'cup', 'ingredient': 'butter, softened'}, {'quantity': '2', 'unit': 'cups', 'ingredient': 'mashed overripe bananas'}, {'quantity': '4', 'unit': 'large', 'ingredient': 'eggs, beaten'}, {'quantity': '1', 'unit': 'cup', 'ingredient': 'chopped walnuts'}]",1 hr 50 mins,24
https://www.allrecipes.com/article/how-to-ripen-bananas-faster/,How to Quickly Ripen Bananas 3 Ways,[],,
https://www.allrecipes.com/recipe/6984/banana-sour-cream-bread/,Banana Sour Cream Bread,"[{'quantity': '3 ¼', 'unit': 'cups', 'ingredient': 'white sugar, divided'}, {'quantity': '3', 'unit': 'teaspoons', 'ingredient': 'ground cinnamon, divided'}, {'quantity': '¾', 'unit': 'cup', 'ingredient': 'butter'}, {'quantity': '6', 'unit': '', 'ingredient': 'very ripe bananas, mashed'}, {'quantity': '1', 'unit': '(16 ounce) container', 'ingredient': 'sour cream'}, {'quantity': '3', 'unit': '', 'ingredient': 'eggs'}, {'quantity': '2', 'unit': 'teaspoons', 'ingredient': 'vanilla extract'}, {'quantity': '4 ½', 'unit': 'cups', 'ingredient': 'all-purpose flour'}, {'quantity': '3', 'unit': 'teaspoons', 'ingredient': 'baking soda'}, {'quantity': '½', 'unit': 'teaspoon', 'ingredient': 'salt'}, {'quantity': '1', 'unit': 'cup', 'ingredient': 'chopped walnuts (Optional)'}]",1 hr 10 mins,32
https://www.allrecipes.com/recipe/16952/the-best-banana-bread/,The Best Banana Bread,"[{'quantity': '1', 'unit': 'cup', 'ingredient': 'white sugar'}, {'quantity': '½', 'unit': 'cup', 'ingredient': 'margarine, softened'}, {'quantity': '2', 'unit': '', 'ingredient': 'eggs'}, {'quantity': '1 ½', 'unit': 'cups', 'ingredient': 'mashed banana'}, {'quantity': '2', 'unit': 'cups', 'ingredient': 'all-purpose flour'}, {'quantity': '1', 'unit': 'teaspoon', 'ingredient': 'baking soda'}]",1 hr 15 mins,15
https://www.allrecipes.com/recipe/16706/banana-pumpkin-bread/,Banana Pumpkin Bread,"[{'quantity': '2', 'unit': '', 'ingredient': 'ripe bananas, mashed'}, {'quantity': '1 ⅓', 'unit': 'cups', 'ingredient': 'canned pumpkin puree'}, {'quantity': '½', 'unit': 'cup', 'ingredient': 'honey'}, {'quantity': '½', 'unit': 'cup', 'ingredient': 'white sugar'}, {'quantity': '⅓', 'unit': 'cup', 'ingredient': 'vegetable oil'}, {'quantity': '2', 'unit': 'large', 'ingredient': 'eggs'}, {'quantity': '2 ½', 'unit': 'cups', 'ingredient': 'all-purpose flour'}, {'quantity': '2', 'unit': 'teaspoons', 'ingredient': 'pumpkin pie spice'}, {'quantity': '1', 'unit': 'teaspoon', 'ingredient': 'baking powder'}, {'quantity': '1', 'unit': 'teaspoon', 'ingredient': 'baking soda'}, {'quantity': '1', 'unit': 'teaspoon', 'ingredient': 'ground cinnamon'}, {'quantity': '½', 'unit': 'teaspoon', 'ingredient': 'salt'}, {'quantity': '¾', 'unit': 'cup', 'ingredient': 'raisins (Optional)'}, {'quantity': '½', 'unit': 'cup', 'ingredient': 'walnut pieces (Optional)'}]",1 hr 5 mins,12
https://www.allrecipes.com/recipe/6990/sarahs-banana-bread-muffins/,Sarah's Banana Bread Muffins,"[{'quantity': '1', 'unit': 'cup', 'ingredient': 'white sugar'}, {'quantity': '½', 'unit': 'cup', 'ingredient': 'vegetable oil'}, {'quantity': '1', 'unit': 'large', 'ingredient': 'egg'}, {'quantity': '3', 'unit': '', 'ingredient': 'ripe bananas, mashed'}, {'quantity': '¼', 'unit': 'cup', 'ingredient': 'chopped walnuts'}, {'quantity': '2', 'unit': 'cups', 'ingredient': 'all-purpose flour'}, {'quantity': '1', 'unit': 'teaspoon', 'ingredient': 'baking soda'}, {'quantity': '½', 'unit': 'teaspoon', 'ingredient': 'salt'}]",45 mins,12
https://www.allrecipes.com/recipe/214581/brown-sugar-banana-bread/,Brown Sugar Banana Bread,"[{'quantity': '4', 'unit': '', 'ingredient': 'ripe bananas, cut into chunks'}, {'quantity': '1 ¼', 'unit': 'cups', 'ingredient': 'light brown sugar'}, {'quantity': '½', 'unit': 'cup', 'ingredient': 'butter, softened'}, {'quantity': '1', 'unit': 'jumbo', 'ingredient': 'egg'}, {'quantity': '¼', 'unit': 'cup', 'ingredient': 'whole milk'}, {'quantity': '1', 'unit': 'teaspoon', 'ingredient': 'cinnamon'}, {'quantity': '1', 'unit': 'teaspoon', 'ingredient': 'vanilla extract'}, {'quantity': '2', 'unit': 'cups', 'ingredient': 'all-purpose flour'}, {'quantity': '1', 'unit': 'teaspoon', 'ingredient': 'baking powder'}, {'quantity': '½', 'unit': 'teaspoon', 'ingredient': 'baking soda'}, {'quantity': '½', 'unit': 'teaspoon', 'ingredient': 'kosher salt'}]",55 mins,8
https://www.allrecipes.com/recipe/23426/almost-no-fat-banana-bread/,Almost No Fat Banana Bread,"[{'quantity': '', 'unit': '', 'ingredient': 'cooking spray'}, {'quantity': '1 ½', 'unit': 'cups', 'ingredient': 'all-purpose flour'}, {'quantity': '¾', 'unit': 'cup', 'ingredient': 'white sugar'}, {'quantity': '1 ¼', 'unit': 'teaspoons', 'ingredient': 'baking powder'}, {'quantity': '½', 'unit': 'teaspoon', 'ingredient': 'baking soda'}, {'quantity': '½', 'unit': 'teaspoon', 'ingredient': 'ground cinnamon'}, {'quantity': '1', 'unit': 'cup', 'ingredient': 'banana, mashed'}, {'quantity': '¼', 'unit': 'cup', 'ingredient': 'applesauce'}, {'quantity': '2', 'unit': '', 'ingredient': 'egg whites'}]",1 hr 5 mins,12
https://www.allrecipes.com/recipe/229021/blueberry-banana-bread/,Blueberry Banana Bread,"[{'quantity': '2', 'unit': 'cups', 'ingredient': 'all-purpose flour'}, {'quantity': '1', 'unit': 'teaspoon', 'ingredient': 'baking soda'}, {'quantity': '½', 'unit': 'teaspoon', 'ingredient': 'salt'}, {'quantity': '1', 'unit': 'cup', 'ingredient': 'white sugar'}, {'quantity': '½', 'unit': 'cup', 'ingredient': 'butter, softened'}, {'quantity': '2', 'unit': 'large', 'ingredient': 'eggs'}, {'quantity': '2', 'unit': 'teaspoons', 'ingredient': 'vanilla extract'}, {'quantity': '2', 'unit': '', 'ingredient': 'ripe bananas, mashed'}, {'quantity': '1', 'unit': 'cup', 'ingredient': 'fresh blueberries'}]",55 mins,15
https://www.allrecipes.com/recipe/16666/banana-bran-muffins/,Banana Bran Muffins,"[{'quantity': '½', 'unit': 'cup', 'ingredient': 'butter, softened'}, {'quantity': '½', 'unit': 'cup', 'ingredient': 'brown sugar'}, {'quantity': '3', 'unit': '', 'ingredient': 'bananas, mashed'}, {'quantity': '2', 'unit': 'large', 'ingredient': 'eggs'}, {'quantity': '¼', 'unit': 'cup', 'ingredient': 'milk'}, {'quantity': '1', 'unit': 'teaspoon', 'ingredient': 'vanilla extract'}, {'quantity': '1 ½', 'unit': 'cups', 'ingredient': 'all-purpose flour'}, {'quantity': '½', 'unit': 'cup', 'ingredient': 'wheat bran'}, {'quantity': '1', 'unit': 'teaspoon', 'ingredient': 'baking powder'}, {'quantity': '1', 'unit': 'teaspoon', 'ingredient': 'baking soda'}, {'quantity': '¼', 'unit': 'teaspoon', 'ingredient': 'salt'}, {'quantity': '½', 'unit': 'cup', 'ingredient': 'chopped walnuts'}]",35 mins,12
https://www.allrecipes.com/recipe/256401/cream-cheese-banana-bread/,Cream Cheese Banana Bread,"[{'quantity': '', 'unit': '', 'ingredient': 'cooking spray'}, {'quantity': '½', 'unit': 'cup', 'ingredient': 'unsalted butter, melted'}, {'quantity': '½', 'unit': 'cup', 'ingredient': 'light brown sugar'}, {'quantity': '1', 'unit': 'large', 'ingredient': 'egg'}, {'quantity': '¼', 'unit': 'cup', 'ingredient': 'sour cream'}, {'quantity': '¼', 'unit': 'cup', 'ingredient': 'white sugar'}, {'quantity': '1', 'unit': 'teaspoon', 'ingredient': 'vanilla extract'}, {'quantity': '2', 'unit': '', 'ingredient': 'ripe bananas'}, {'quantity': '1', 'unit': 'cup', 'ingredient': 'all-purpose flour'}, {'quantity': '½', 'unit': 'teaspoon', 'ingredient': 'baking soda'}, {'quantity': '½', 'unit': 'teaspoon', 'ingredient': 'baking powder'}, {'quantity': '½', 'unit': 'teaspoon', 'ingredient': 'salt'}, {'quantity': '1', 'unit': '(4 ounce) package', 'ingredient': 'cream cheese, softened'}, {'quantity': '1', 'unit': 'large', 'ingredient': 'egg'}, {'quantity': '¼', 'unit': 'cup', 'ingredient': 'white sugar'}, {'quantity': '3', 'unit': 'tablespoons', 'ingredient': 'all-purpose flour'}]",1 hr 15 mins,8
https://www.allrecipes.com/recipe/20739/banana-loaf/,Banana Loaf,"[{'quantity': '1', 'unit': 'cup', 'ingredient': 'white sugar'}, {'quantity': '½', 'unit': 'cup', 'ingredient': 'butter'}, {'quantity': '2', 'unit': 'large', 'ingredient': 'eggs'}, {'quantity': '3', 'unit': '', 'ingredient': 'ripe bananas, mashed'}, {'quantity': '2', 'unit': 'cups', 'ingredient': 'all-purpose flour'}, {'quantity': '1', 'unit': 'teaspoon', 'ingredient': 'baking soda'}, {'quantity': '1', 'unit': 'teaspoon', 'ingredient': 'baking powder'}, {'quantity': '½', 'unit': 'teaspoon', 'ingredient': 'salt'}, {'quantity': '½', 'unit': 'cup', 'ingredient': 'chopped walnuts'}]",1 hr 10 mins,12
https://www.allrecipes.com/recipe/6757/simple-banana-bread/,Simple Banana Bread,"[{'quantity': '', 'unit': '', 'ingredient': 'cooking spray'}, {'quantity': '2', 'unit': 'cups', 'ingredient': 'all-purpose flour'}, {'quantity': '1', 'unit': 'teaspoon', 'ingredient': 'baking powder'}, {'quantity': '½', 'unit': 'teaspoon', 'ingredient': 'salt'}, {'quantity': '4', 'unit': '', 'ingredient': 'ripe bananas, mashed'}, {'quantity': '2', 'unit': 'large', 'ingredient': 'eggs'}, {'quantity': '⅔', 'unit': 'cup', 'ingredient': 'white sugar'}, {'quantity': '½', 'unit': 'cup', 'ingredient': 'chopped walnuts'}]",1 hr 20 mins,10
https://www.allrecipes.com/recipe/16999/grandmas-homemade-banana-bread/,Grandma's Homemade Banana Bread,"[{'quantity': '1 ½', 'unit': 'cups', 'ingredient': 'white sugar'}, {'quantity': '½', 'unit': 'cup', 'ingredient': 'butter, softened'}, {'quantity': '3', 'unit': '', 'ingredient': 'bananas, mashed'}, {'quantity': '2', 'unit': 'large', 'ingredient': 'eggs'}, {'quantity': '2', 'unit': 'cups', 'ingredient': 'all-purpose flour'}, {'quantity': '⅓', 'unit': 'cup', 'ingredient': 'sour milk'}, {'quantity': '1', 'unit': 'teaspoon', 'ingredient': 'vanilla extract'}, {'quantity': '½', 'unit': 'teaspoon', 'ingredient': 'baking soda'}, {'quantity': '¼', 'unit': 'teaspoon', 'ingredient': 'salt'}]",1 hr 10 mins,15
https://www.allrecipes.com/recipe/7154/creamy-banana-bread/,Creamy Banana Bread,"[{'quantity': '½', 'unit': 'cup', 'ingredient': 'margarine, softened'}, {'quantity': '1', 'unit': '(8 ounce) package', 'ingredient': 'cream cheese, softened'}, {'quantity': '1 ¼', 'unit': 'cups', 'ingredient': 'white sugar'}, {'quantity': '2', 'unit': '', 'ingredient': 'eggs'}, {'quantity': '1', 'unit': 'cup', 'ingredient': 'mashed bananas'}, {'quantity': '1', 'unit': 'teaspoon', 'ingredient': 'vanilla extract'}, {'quantity': '2 ¼', 'unit': 'cups', 'ingredient': 'all-purpose flour'}, {'quantity': '1 ½', 'unit': 'teaspoons', 'ingredient': 'baking powder'}, {'quantity': '½', 'unit': 'teaspoon', 'ingredient': 'baking soda'}, {'quantity': '¾', 'unit': 'cup', 'ingredient': 'chopped pecans'}, {'quantity': '2', 'unit': 'tablespoons', 'ingredient': 'brown sugar'}, {'quantity': '2', 'unit': 'teaspoons', 'ingredient': 'ground cinnamon'}]",1 hr 15 mins,16
https://www.allrecipes.com/recipe/164205/spiced-banana-bread/,Spiced Banana Bread,"[{'quantity': '2', 'unit': 'cups', 'ingredient': 'flour'}, {'quantity': '1 ½', 'unit': 'teaspoons', 'ingredient': 'baking powder'}, {'quantity': '1', 'unit': 'teaspoon', 'ingredient': 'baking soda'}, {'quantity': '4', 'unit': '', 'ingredient': 'very ripe bananas'}, {'quantity': '1', 'unit': 'cup', 'ingredient': 'sugar'}, {'quantity': '2', 'unit': 'large', 'ingredient': 'eggs'}, {'quantity': '1', 'unit': 'teaspoon', 'ingredient': 'cinnamon'}, {'quantity': '½', 'unit': 'teaspoon', 'ingredient': 'salt'}, {'quantity': '½', 'unit': 'teaspoon', 'ingredient': 'nutmeg'}, {'quantity': '¼', 'unit': 'teaspoon', 'ingredient': 'ground cloves'}, {'quantity': '½', 'unit': 'cup', 'ingredient': 'melted butter'}, {'quantity': '1', 'unit': 'teaspoon', 'ingredient': 'vanilla extract'}]",1 hr 10 mins,16
https://www.allrecipes.com/recipe/17050/hawaiian-banana-nut-bread/,Hawaiian Banana Nut Bread,"[{'quantity': '3', 'unit': 'cups', 'ingredient': 'all-purpose flour'}, {'quantity': '¾', 'unit': 'teaspoon', 'ingredient': 'salt'}, {'quantity': '1', 'unit': 'teaspoon', 'ingredient': 'baking soda'}, {'quantity': '2', 'unit': 'cups', 'ingredient': 'white sugar'}, {'quantity': '1', 'unit': 'teaspoon', 'ingredient': 'ground cinnamon'}, {'quantity': '1', 'unit': 'cup', 'ingredient': 'chopped walnuts'}, {'quantity': '3', 'unit': '', 'ingredient': 'eggs, beaten'}, {'quantity': '1', 'unit': 'cup', 'ingredient': 'vegetable oil'}, {'quantity': '2', 'unit': 'cups', 'ingredient': 'mashed very ripe banana'}, {'quantity': '1', 'unit': '(8 ounce) can', 'ingredient': 'crushed pineapple, drained'}, {'quantity': '2', 'unit': 'teaspoons', 'ingredient': 'vanilla extract'}, {'quantity': '1', 'unit': 'cup', 'ingredient': 'flaked coconut'}, {'quantity': '1', 'unit': 'cup', 'ingredient': 'maraschino cherries, diced'}]",1 hr 20 mins,30
https://www.allrecipes.com/recipe/7155/whole-wheat-banana-nut-bread/,Whole Wheat Banana Nut Bread,"[{'quantity': '⅓', 'unit': 'cup', 'ingredient': 'vegetable oil'}, {'quantity': '½', 'unit': 'cup', 'ingredient': 'honey'}, {'quantity': '1', 'unit': 'teaspoon', 'ingredient': 'vanilla extract'}, {'quantity': '2', 'unit': '', 'ingredient': 'eggs'}, {'quantity': '1', 'unit': 'cup', 'ingredient': 'mashed bananas'}, {'quantity': '1 ¾', 'unit': 'cups', 'ingredient': 'whole wheat flour'}, {'quantity': '½', 'unit': 'teaspoon', 'ingredient': 'salt'}, {'quantity': '1', 'unit': 'teaspoon', 'ingredient': 'baking soda'}, {'quantity': '¼', 'unit': 'cup', 'ingredient': 'hot water'}, {'quantity': '½', 'unit': 'cup', 'ingredient': 'chopped walnuts'}]",1 hr 10 mins,12
https://www.allrecipes.com/recipe/219967/chef-johns-banana-bread/,Chef John's Banana Bread,"[{'quantity': '', 'unit': '', 'ingredient': 'cooking spray'}, {'quantity': '2', 'unit': 'cups', 'ingredient': 'all-purpose flour'}, {'quantity': '1', 'unit': 'teaspoon', 'ingredient': 'baking powder'}, {'quantity': '1', 'unit': 'teaspoon', 'ingredient': 'baking soda'}, {'quantity': '1', 'unit': 'teaspoon', 'ingredient': 'salt'}, {'quantity': '1', 'unit': 'cup', 'ingredient': 'white sugar'}, {'quantity': '½', 'unit': 'cup', 'ingredient': 'butter, softened'}, {'quantity': '3', 'unit': '', 'ingredient': 'ripe bananas, mashed'}, {'quantity': '2', 'unit': 'large', 'ingredient': 'eggs'}, {'quantity': '1', 'unit': 'tablespoon', 'ingredient': 'milk'}, {'quantity': '¼', 'unit': 'teaspoon', 'ingredient': 'vanilla extract'}, {'quantity': '1', 'unit': 'cup', 'ingredient': 'chopped walnuts'}, {'quantity': '⅓', 'unit': 'cup', 'ingredient': 'semisweet chocolate chips'}]",1 hr 40 mins,12
https://www.allrecipes.com/recipe/141933/banana-zucchini-bread/,Banana Zucchini Bread,"[{'quantity': '3', 'unit': 'large', 'ingredient': 'eggs'}, {'quantity': '1', 'unit': 'cup', 'ingredient': 'white sugar'}, {'quantity': '1', 'unit': 'cup', 'ingredient': 'grated zucchini'}, {'quantity': '¾', 'unit': 'cup', 'ingredient': 'vegetable oil'}, {'quantity': '2', 'unit': None, 'ingredient': 'ripe bananas, mashed'}, {'quantity': '⅔', 'unit': 'cup', 'ingredient': 'packed brown sugar'}, {'quantity': '2', 'unit': 'teaspoons', 'ingredient': 'vanilla extract'}, {'quantity': '3 ½', 'unit': 'cups', 'ingredient': 'all-purpose flour'}, {'quantity': '1', 'unit': 'tablespoon', 'ingredient': 'ground cinnamon'}, {'quantity': '1 ½', 'unit': 'teaspoons', 'ingredient': 'baking powder'}, {'quantity': '1', 'unit': 'teaspoon', 'ingredient': 'baking soda'}, {'quantity': '1', 'unit': 'teaspoon', 'ingredient': 'salt'}, {'quantity': '½', 'unit': 'cup', 'ingredient': 'dried cranberries'}, {'quantity': '½', 'unit': 'cup', 'ingredient': 'chopped walnuts'}]",1 hr,20
https://www.allrecipes.com/recipe/242314/browned-butter-banana-bread/,Browned Butter Banana Bread,"[{'quantity': '½', 'unit': 'cup', 'ingredient': 'butter'}, {'quantity': '3', 'unit': '', 'ingredient': 'very ripe bananas'}, {'quantity': '¼', 'unit': 'cup', 'ingredient': 'brown sugar'}, {'quantity': '¼', 'unit': 'cup', 'ingredient': 'white sugar'}, {'quantity': '1', 'unit': '', 'ingredient': 'egg'}, {'quantity': '1', 'unit': 'tablespoon', 'ingredient': 'vanilla extract'}, {'quantity': '1 ½', 'unit': 'cups', 'ingredient': 'all-purpose flour'}, {'quantity': '1 ½', 'unit': 'teaspoons', 'ingredient': 'baking soda'}, {'quantity': '1', 'unit': 'teaspoon', 'ingredient': 'ground cinnamon (Optional)'}, {'quantity': '½', 'unit': 'teaspoon', 'ingredient': 'ground nutmeg (Optional)'}]",1 hr 20 mins,6
https://www.allrecipes.com/gallery/best-banana-bread-recipes/,26 Best Banana Breads to Make the Most of Ripe Bananas,[],,
https://www.allrecipes.com/recipe/17013/banana-peanut-butter-bread/,Banana Peanut Butter Bread,"[{'quantity': '½', 'unit': 'cup', 'ingredient': 'butter, softened'}, {'quantity': '1', 'unit': 'cup', 'ingredient': 'white sugar'}, {'quantity': '2', 'unit': '', 'ingredient': 'eggs'}, {'quantity': '½', 'unit': 'cup', 'ingredient': 'peanut butter'}, {'quantity': '2', 'unit': '', 'ingredient': 'bananas, mashed'}, {'quantity': '2', 'unit': 'cups', 'ingredient': 'all-purpose flour'}, {'quantity': '1', 'unit': 'teaspoon', 'ingredient': 'baking soda'}, {'quantity': '½', 'unit': 'cup', 'ingredient': 'chopped walnuts'}]",1 hr 25 mins,15
https://www.allrecipes.com/recipe/36772/maple-banana-bread/,Maple Banana Bread,"[{'quantity': '½', 'unit': 'cup', 'ingredient': 'butter, melted'}, {'quantity': '½', 'unit': 'cup', 'ingredient': 'maple syrup'}, {'quantity': '1', 'unit': '', 'ingredient': 'egg'}, {'quantity': '2', 'unit': '', 'ingredient': 'ripe bananas'}, {'quantity': '½', 'unit': 'teaspoon', 'ingredient': 'maple extract'}, {'quantity': '3', 'unit': 'tablespoons', 'ingredient': 'milk'}, {'quantity': '2', 'unit': 'cups', 'ingredient': 'all-purpose flour'}, {'quantity': '1', 'unit': 'teaspoon', 'ingredient': 'baking soda'}, {'quantity': '½', 'unit': 'teaspoon', 'ingredient': 'baking powder'}, {'quantity': '¼', 'unit': 'cup', 'ingredient': 'chopped walnuts'}, {'quantity': '3', 'unit': 'tablespoons', 'ingredient': 'white sugar'}]",1 hr 20 mins,12
https://www.allrecipes.com/recipe/23810/grandmas-banana-bread/,Grandma's Banana Bread,"[{'quantity': '3', 'unit': 'cups', 'ingredient': 'sugar'}, {'quantity': '1', 'unit': 'cup', 'ingredient': 'margarine, softened'}, {'quantity': '1', 'unit': 'teaspoon', 'ingredient': 'vanilla extract'}, {'quantity': '4', 'unit': '', 'ingredient': 'eggs'}, {'quantity': '3 ½', 'unit': 'cups', 'ingredient': 'all-purpose flour'}, {'quantity': '2', 'unit': 'teaspoons', 'ingredient': 'baking soda'}, {'quantity': '¼', 'unit': 'teaspoon', 'ingredient': 'salt'}, {'quantity': '1', 'unit': 'cup', 'ingredient': 'buttermilk'}, {'quantity': '6', 'unit': '', 'ingredient': 'very ripe bananas, mashed'}]",1 hr 15 mins,12
https://www.allrecipes.com/recipe/17252/chocolate-banana-bread/,Chocolate Banana Bread,"[{'quantity': '1', 'unit': 'cup', 'ingredient': 'margarine, softened'}, {'quantity': '2', 'unit': 'cups', 'ingredient': 'white sugar'}, {'quantity': '4', 'unit': '', 'ingredient': 'eggs'}, {'quantity': '6', 'unit': '', 'ingredient': 'bananas, mashed'}, {'quantity': '2', 'unit': 'teaspoons', 'ingredient': 'vanilla extract'}, {'quantity': '3', 'unit': 'cups', 'ingredient': 'all-purpose flour'}, {'quantity': '2', 'unit': 'teaspoons', 'ingredient': 'baking soda'}, {'quantity': '¼', 'unit': 'cup', 'ingredient': 'unsweetened cocoa powder'}, {'quantity': '1', 'unit': 'cup', 'ingredient': 'lite sour cream'}, {'quantity': '1', 'unit': 'cup', 'ingredient': 'semisweet chocolate chips'}]",1 hr 10 mins,24
https://www.allrecipes.com/recipe/240750/moms-carrot-banana-bread/,Mom's Carrot Banana Bread,"[{'quantity': '2', 'unit': 'cups', 'ingredient': 'all-purpose flour'}, {'quantity': '1', 'unit': 'teaspoon', 'ingredient': 'baking soda'}, {'quantity': '½', 'unit': 'teaspoon', 'ingredient': 'baking powder'}, {'quantity': '½', 'unit': 'teaspoon', 'ingredient': 'ground cinnamon'}, {'quantity': '¼', 'unit': 'teaspoon', 'ingredient': 'salt'}, {'quantity': '1', 'unit': 'cup', 'ingredient': 'brown sugar'}, {'quantity': '½', 'unit': 'cup', 'ingredient': 'butter, softened'}, {'quantity': '3', 'unit': '', 'ingredient': 'bananas, mashed'}, {'quantity': '1', 'unit': 'cup', 'ingredient': 'grated carrots'}, {'quantity': '1', 'unit': 'cup', 'ingredient': 'walnuts'}]",1 hr 5 mins,12
https://www.allrecipes.com/recipe/6993/cathys-banana-bread/,Cathy's Banana Bread,"[{'quantity': '1', 'unit': 'cup', 'ingredient': 'mashed bananas'}, {'quantity': '1', 'unit': 'cup', 'ingredient': 'sour cream'}, {'quantity': '¼', 'unit': 'cup', 'ingredient': 'margarine'}, {'quantity': '1 ⅓', 'unit': 'cups', 'ingredient': 'white sugar'}, {'quantity': '2', 'unit': '', 'ingredient': 'eggs'}, {'quantity': '1', 'unit': 'teaspoon', 'ingredient': 'vanilla extract'}, {'quantity': '2', 'unit': 'cups', 'ingredient': 'all-purpose flour'}, {'quantity': '1', 'unit': 'teaspoon', 'ingredient': 'baking soda'}, {'quantity': '1', 'unit': 'teaspoon', 'ingredient': 'baking powder'}, {'quantity': '¼', 'unit': 'teaspoon', 'ingredient': 'salt'}]",1 hr,16
https://www.allrecipes.com/recipe/22722/brown-sugar-banana-nut-bread-i/,Brown Sugar Banana Nut Bread I,"[{'quantity': '½', 'unit': 'cup', 'ingredient': 'butter, softened'}, {'quantity': '1', 'unit': 'cup', 'ingredient': 'brown sugar'}, {'quantity': '2', 'unit': '', 'ingredient': 'eggs'}, {'quantity': '1', 'unit': 'tablespoon', 'ingredient': 'vanilla extract'}, {'quantity': '4', 'unit': '', 'ingredient': 'very ripe bananas, mashed'}, {'quantity': '2', 'unit': 'cups', 'ingredient': 'all-purpose flour'}, {'quantity': '3', 'unit': 'teaspoons', 'ingredient': 'baking powder'}, {'quantity': '½', 'unit': 'teaspoon', 'ingredient': 'salt'}, {'quantity': '½', 'unit': 'cup', 'ingredient': 'chopped walnuts'}]",1 hr 15 mins,12
https://www.allrecipes.com/recipe/6713/easy-banana-bread/,Easy Banana Bread,"[{'quantity': '5', 'unit': '', 'ingredient': 'very ripe bananas'}, {'quantity': '4', 'unit': '', 'ingredient': 'eggs'}, {'quantity': '1', 'unit': 'cup', 'ingredient': 'shortening'}, {'quantity': '2 ½', 'unit': 'cups', 'ingredient': 'white sugar'}, {'quantity': '1', 'unit': 'tablespoon', 'ingredient': 'vanilla extract'}, {'quantity': '3 ½', 'unit': 'cups', 'ingredient': 'all-purpose flour'}, {'quantity': '2', 'unit': 'teaspoons', 'ingredient': 'baking soda'}, {'quantity': '1', 'unit': 'teaspoon', 'ingredient': 'salt'}]",1 hr 30 mins,24
https://www.allrecipes.com/recipe/6765/4h-banana-bread/,4H Banana Bread,"[{'quantity': '2', 'unit': 'cups', 'ingredient': 'all-purpose flour'}, {'quantity': '½', 'unit': 'teaspoon', 'ingredient': 'baking soda'}, {'quantity': '1', 'unit': 'cup', 'ingredient': 'white sugar'}, {'quantity': '1', 'unit': '', 'ingredient': 'egg'}, {'quantity': '5', 'unit': 'tablespoons', 'ingredient': 'milk'}, {'quantity': '1', 'unit': 'teaspoon', 'ingredient': 'baking powder'}, {'quantity': '½', 'unit': 'teaspoon', 'ingredient': 'salt'}, {'quantity': '½', 'unit': 'cup', 'ingredient': 'margarine'}, {'quantity': '1', 'unit': 'cup', 'ingredient': 'mashed bananas'}, {'quantity': '½', 'unit': 'cup', 'ingredient': 'chopped walnuts (Optional)'}]",1 hr 10 mins,12
https://www.allrecipes.com/recipe/285040/banana-bread-mug-cake-in-a-minute/,Banana Bread Mug Cake in a Minute,"[{'quantity': '1', 'unit': 'medium', 'ingredient': 'very ripe banana'}, {'quantity': '2', 'unit': 'tablespoons', 'ingredient': 'packed brown sugar'}, {'quantity': '1', 'unit': 'tablespoon', 'ingredient': 'white sugar'}, {'quantity': '¼', 'unit': 'teaspoon', 'ingredient': 'salt'}, {'quantity': '¼', 'unit': 'teaspoon', 'ingredient': 'baking powder'}, {'quantity': '⅛', 'unit': 'teaspoon', 'ingredient': 'baking soda'}, {'quantity': '3', 'unit': 'tablespoons', 'ingredient': 'melted unsalted butter'}, {'quantity': '1', 'unit': 'tablespoon', 'ingredient': 'milk'}, {'quantity': '⅛', 'unit': 'teaspoon', 'ingredient': 'vanilla extract'}, {'quantity': '½', 'unit': 'cup', 'ingredient': 'all-purpose flour'}, {'quantity': '¼', 'unit': 'cup', 'ingredient': 'chopped walnuts (Optional)'}, {'quantity': '2', 'unit': 'tablespoons', 'ingredient': 'dark chocolate chips (Optional)'}, {'quantity': '6', 'unit': 'slices', 'ingredient': 'banana'}, {'quantity': '1', 'unit': 'tablespoon', 'ingredient': 'white sugar, or to taste'}]",12 mins,2
https://www.allrecipes.com/recipe/7024/banana-nut-bread-baked-in-a-jar/,Banana Nut Bread Baked in a Jar,"[{'quantity': '⅔', 'unit': 'cup', 'ingredient': 'shortening'}, {'quantity': '2 ⅔', 'unit': 'cups', 'ingredient': 'white sugar'}, {'quantity': '4', 'unit': '', 'ingredient': 'eggs'}, {'quantity': '2', 'unit': 'cups', 'ingredient': 'mashed bananas'}, {'quantity': '⅔', 'unit': 'cup', 'ingredient': 'water'}, {'quantity': '3 ⅓', 'unit': 'cups', 'ingredient': 'all-purpose flour'}, {'quantity': '½', 'unit': 'teaspoon', 'ingredient': 'baking powder'}, {'quantity': '2', 'unit': 'teaspoons', 'ingredient': 'baking soda'}, {'quantity': '1 ½', 'unit': 'teaspoons', 'ingredient': 'salt'}, {'quantity': '1', 'unit': 'teaspoon', 'ingredient': 'ground cinnamon'}, {'quantity': '1', 'unit': 'teaspoon', 'ingredient': 'ground cloves'}, {'quantity': '⅔', 'unit': 'cup', 'ingredient': 'chopped pecans'}]",1 hr 5 mins,24
https://www.allrecipes.com/recipe/229003/banana-peach-bread/,Banana Peach Bread,"[{'quantity': '¾', 'unit': 'cup', 'ingredient': 'white sugar'}, {'quantity': '½', 'unit': 'cup', 'ingredient': 'butter, softened'}, {'quantity': '1', 'unit': 'tablespoon', 'ingredient': 'brown sugar'}, {'quantity': '1', 'unit': 'tablespoon', 'ingredient': 'instant hot chocolate mix'}, {'quantity': '3', 'unit': '', 'ingredient': 'bananas, peeled'}, {'quantity': '1', 'unit': 'large', 'ingredient': 'fresh peach - peeled, pitted, and diced'}, {'quantity': '2', 'unit': 'large', 'ingredient': 'eggs'}, {'quantity': '¼', 'unit': 'cup', 'ingredient': 'milk'}, {'quantity': '1', 'unit': 'tablespoon', 'ingredient': 'vanilla extract'}, {'quantity': '2', 'unit': 'cups', 'ingredient': 'all-purpose flour'}, {'quantity': '½', 'unit': 'cup', 'ingredient': 'chopped walnuts (Optional)'}, {'quantity': '1', 'unit': 'teaspoon', 'ingredient': 'baking soda'}, {'quantity': '1', 'unit': 'teaspoon', 'ingredient': 'salt'}]",1 hr 15 mins,16
https://www.allrecipes.com/recipe/222082/healthier-banana-banana-bread/,Healthier Banana Banana Bread,"[{'quantity': '2', 'unit': 'cups', 'ingredient': 'all-purpose flour'}, {'quantity': '1', 'unit': 'teaspoon', 'ingredient': 'baking soda'}, {'quantity': '¼', 'unit': 'teaspoon', 'ingredient': 'salt'}, {'quantity': '¾', 'unit': 'cup', 'ingredient': 'brown sugar'}, {'quantity': '¼', 'unit': 'cup unsalted', 'ingredient': 'butter'}, {'quantity': '⅛', 'unit': 'cup', 'ingredient': 'nonfat plain yogurt'}, {'quantity': '2', 'unit': None, 'ingredient': 'eggs, room temperature and beaten'}, {'quantity': '2 ⅓', 'unit': 'cups', 'ingredient': 'mashed overripe bananas'}]",1 hr 20 mins,12
https://www.allrecipes.com/article/healthy-snacks-banana-bread/,How to Make the Best Banana Bread,[],,
https://www.allrecipes.com/recipe/17754/janines-best-banana-bread/,Janine's Best Banana Bread,"[{'quantity': '¼', 'unit': 'cup', 'ingredient': 'butter, softened'}, {'quantity': '1', 'unit': 'cup', 'ingredient': 'white sugar'}, {'quantity': '1', 'unit': '', 'ingredient': 'egg'}, {'quantity': '3', 'unit': '', 'ingredient': 'ripe bananas, mashed'}, {'quantity': '2', 'unit': 'cups', 'ingredient': 'all-purpose flour'}, {'quantity': '1', 'unit': 'teaspoon', 'ingredient': 'baking soda'}, {'quantity': '½', 'unit': 'teaspoon', 'ingredient': 'salt'}]",1 hr 15 mins,10
https://www.allrecipes.com/recipe/231961/double-banana-nut-bread/,Double Banana Nut Bread,"[{'quantity': '1 ⅓', 'unit': 'cups', 'ingredient': 'vegetable oil'}, {'quantity': '2', 'unit': 'cups', 'ingredient': 'white sugar'}, {'quantity': '4', 'unit': '', 'ingredient': 'eggs, whisked'}, {'quantity': '5', 'unit': 'cups', 'ingredient': 'mashed bananas'}, {'quantity': '1', 'unit': 'tablespoon', 'ingredient': 'lemon juice'}, {'quantity': '4', 'unit': 'cups', 'ingredient': 'all-purpose flour'}, {'quantity': '2', 'unit': 'tablespoons', 'ingredient': 'baking powder'}, {'quantity': '1', 'unit': 'teaspoon', 'ingredient': 'salt'}, {'quantity': '2', 'unit': 'cups', 'ingredient': 'chopped walnuts'}]",1 hr 35 mins,24
https://www.allrecipes.com/recipe/274529/high-protein-banana-bread/,High-Protein Banana Bread,"[{'quantity': '1', 'unit': 'serving', 'ingredient': 'nonstick cooking spray'}, {'quantity': '1 ¼', 'unit': 'cups', 'ingredient': 'oat flour'}, {'quantity': '½', 'unit': 'cup', 'ingredient': 'white sugar'}, {'quantity': '½', 'unit': 'cup', 'ingredient': 'chopped walnuts'}, {'quantity': '2', 'unit': 'scoops', 'ingredient': 'chocolate protein powder (such as Premier Protein®)'}, {'quantity': '3', 'unit': 'teaspoons', 'ingredient': 'ground cinnamon'}, {'quantity': '1 ½', 'unit': 'teaspoons', 'ingredient': 'baking powder'}, {'quantity': '½', 'unit': 'teaspoon', 'ingredient': 'baking soda'}, {'quantity': '3', 'unit': '', 'ingredient': 'overripe bananas, mashed'}, {'quantity': '½', 'unit': 'cup', 'ingredient': 'unsweetened applesauce'}, {'quantity': '¼', 'unit': 'cup', 'ingredient': 'milk'}, {'quantity': '2', 'unit': '', 'ingredient': 'large egg whites'}, {'quantity': '3', 'unit': 'teaspoons', 'ingredient': 'pure vanilla extract'}]",1 hr,10
https://www.allrecipes.com/recipe/237470/ginger-banana-bread/,Ginger Banana Bread Recipe,"[{'quantity': '2', 'unit': 'cups', 'ingredient': 'all-purpose flour'}, {'quantity': '1', 'unit': 'teaspoon', 'ingredient': 'baking soda'}, {'quantity': '1', 'unit': 'teaspoon', 'ingredient': 'ground cinnamon'}, {'quantity': '¼', 'unit': 'teaspoon', 'ingredient': 'ground nutmeg'}, {'quantity': '¼', 'unit': 'teaspoon', 'ingredient': 'ground ginger'}, {'quantity': '¼', 'unit': 'teaspoon', 'ingredient': 'salt'}, {'quantity': '½', 'unit': 'cup', 'ingredient': 'butter, softened'}, {'quantity': '½', 'unit': 'cup', 'ingredient': 'white sugar'}, {'quantity': '½', 'unit': 'cup', 'ingredient': 'brown sugar'}, {'quantity': '2 ⅓', 'unit': 'cups', 'ingredient': 'mashed overripe bananas'}, {'quantity': '2', 'unit': '', 'ingredient': 'eggs, beaten'}, {'quantity': '1', 'unit': 'tablespoon', 'ingredient': 'lemon juice'}, {'quantity': '1', 'unit': 'teaspoon', 'ingredient': 'vanilla extract'}]",1 hr 25 mins,12
https://www.allrecipes.com/recipe/229353/sour-cream-banana-bread/,Sour Cream Banana Bread,"[{'quantity': '4', 'unit': '', 'ingredient': 'very ripe bananas, divided'}, {'quantity': '1', 'unit': 'cup', 'ingredient': 'white sugar'}, {'quantity': '¾', 'unit': 'cup', 'ingredient': 'butter, melted and cooled'}, {'quantity': '2', 'unit': '', 'ingredient': 'large eggs'}, {'quantity': '⅓', 'unit': 'cup', 'ingredient': 'sour cream'}, {'quantity': '1', 'unit': 'teaspoon', 'ingredient': 'vanilla extract'}, {'quantity': '2', 'unit': 'cups', 'ingredient': 'all-purpose flour'}, {'quantity': '1 ½', 'unit': 'teaspoons', 'ingredient': 'baking powder'}, {'quantity': '½', 'unit': 'teaspoon', 'ingredient': 'salt'}, {'quantity': '½', 'unit': 'cup', 'ingredient': 'chopped walnuts (Optional)'}, {'quantity': '2', 'unit': 'teaspoons', 'ingredient': 'white sugar'}, {'quantity': '½', 'unit': 'teaspoon', 'ingredient': 'ground cinnamon'}]",2 hrs,12
https://www.allrecipes.com/recipe/18015/lighter-banana-muffins/,Lighter Banana Muffins,"[{'quantity': '2', 'unit': '', 'ingredient': 'eggs, beaten'}, {'quantity': '3', 'unit': '', 'ingredient': 'very ripe bananas, mashed'}, {'quantity': '2', 'unit': 'cups', 'ingredient': 'all-purpose flour'}, {'quantity': '1', 'unit': 'teaspoon', 'ingredient': 'salt'}, {'quantity': '¾', 'unit': 'cup', 'ingredient': 'white sugar'}, {'quantity': '1', 'unit': 'teaspoon', 'ingredient': 'baking soda'}]",40 mins,10
https://www.allrecipes.com/recipe/239246/banana-walnut-bread/,Banana Walnut Bread,"[{'quantity': '', 'unit': '', 'ingredient': 'Mazola Pure® No-Stick Canola or Butter Flavored Cooking Spray'}, {'quantity': '1 ¼', 'unit': 'cups', 'ingredient': 'all-purpose flour'}, {'quantity': '½', 'unit': 'cup', 'ingredient': 'sugar'}, {'quantity': '2', 'unit': 'teaspoons', 'ingredient': 'Argo® Baking Powder'}, {'quantity': '¼', 'unit': 'teaspoon', 'ingredient': 'salt'}, {'quantity': '1', 'unit': 'large', 'ingredient': 'egg'}, {'quantity': '¾', 'unit': 'cup', 'ingredient': 'mashed bananas'}, {'quantity': '½', 'unit': 'cup', 'ingredient': 'Mazola® Corn Oil'}, {'quantity': '½', 'unit': 'teaspoon', 'ingredient': 'Spice Islands® Pure Vanilla Extract'}, {'quantity': '½', 'unit': 'cup', 'ingredient': 'chopped walnuts'}]",55 mins,12
https://www.allrecipes.com/recipe/6894/banana-coconut-loaf/,Banana Coconut Loaf,"[{'quantity': '2', 'unit': '', 'ingredient': 'eggs'}, {'quantity': '1', 'unit': 'cup', 'ingredient': 'white sugar'}, {'quantity': '½', 'unit': 'cup', 'ingredient': 'butter, melted'}, {'quantity': '1', 'unit': 'cup', 'ingredient': 'mashed bananas'}, {'quantity': '½', 'unit': 'teaspoon', 'ingredient': 'almond extract'}, {'quantity': '1 ½', 'unit': 'cups', 'ingredient': 'all-purpose flour'}, {'quantity': '½', 'unit': 'cup', 'ingredient': 'flaked coconut'}, {'quantity': '1 ½', 'unit': 'teaspoons', 'ingredient': 'baking powder'}, {'quantity': '½', 'unit': 'teaspoon', 'ingredient': 'baking soda'}, {'quantity': '½', 'unit': 'teaspoon', 'ingredient': 'salt'}, {'quantity': '½', 'unit': 'cup', 'ingredient': 'chopped walnuts'}, {'quantity': '½', 'unit': 'cup', 'ingredient': 'maraschino cherries, chopped'}]",1 hr 25 mins,12
https://www.allrecipes.com/recipe/217065/gluten-free-banana-bread/,Gluten Free Banana Bread,"[{'quantity': '2', 'unit': 'cups', 'ingredient': 'gluten-free all purpose baking flour'}, {'quantity': '1', 'unit': 'teaspoon', 'ingredient': 'baking powder'}, {'quantity': '½', 'unit': 'teaspoon', 'ingredient': 'salt'}, {'quantity': '½', 'unit': 'cup', 'ingredient': 'butter'}, {'quantity': '½', 'unit': 'cup', 'ingredient': 'turbinado sugar'}, {'quantity': '2', 'unit': '', 'ingredient': 'eggs, lightly beaten'}, {'quantity': '3', 'unit': 'tablespoons', 'ingredient': 'maple syrup'}, {'quantity': '6', 'unit': '', 'ingredient': 'ripe bananas, mashed'}]",45 mins,16
https://www.allrecipes.com/recipe/231183/quick-banana-nut-bread/,Quick Banana Nut Bread,"[{'quantity': '1', 'unit': 'serving', 'ingredient': 'cooking spray'}, {'quantity': '1', 'unit': '(18.25 ounce) package', 'ingredient': 'yellow cake mix'}, {'quantity': '1', 'unit': 'cup', 'ingredient': 'chopped pecans'}, {'quantity': '2', 'unit': '', 'ingredient': 'ripe bananas, mashed'}, {'quantity': '½', 'unit': 'cup', 'ingredient': 'water'}, {'quantity': '½', 'unit': 'cup', 'ingredient': 'vegetable oil'}, {'quantity': '1', 'unit': '(3.5 ounce) package', 'ingredient': 'instant vanilla pudding mix'}, {'quantity': '4', 'unit': '', 'ingredient': 'eggs'}]",1 hr,16
https://www.allrecipes.com/recipe/279573/banana-pineapple-bread/,Banana Pineapple Bread,"[{'quantity': '3', 'unit': 'cups', 'ingredient': 'all-purpose flour'}, {'quantity': '2', 'unit': 'cups', 'ingredient': 'white sugar'}, {'quantity': '2', 'unit': 'cups', 'ingredient': 'mashed bananas'}, {'quantity': '1', 'unit': 'cup', 'ingredient': 'vegetable oil'}, {'quantity': '½', 'unit': 'cup', 'ingredient': 'unsweetened applesauce'}, {'quantity': '1', 'unit': '(8 ounce) can', 'ingredient': 'crushed pineapple'}, {'quantity': '3', 'unit': 'large', 'ingredient': 'eggs'}, {'quantity': '1', 'unit': 'teaspoon', 'ingredient': 'ground cinnamon'}, {'quantity': '1', 'unit': 'teaspoon', 'ingredient': 'baking soda'}, {'quantity': '1', 'unit': 'teaspoon', 'ingredient': 'salt'}]",1 hr,24
https://www.allrecipes.com/recipe/228442/raspberry-banana-bread/,Raspberry Banana Bread,"[{'quantity': '¾', 'unit': 'cup', 'ingredient': 'frozen unsweetened raspberries, thawed'}, {'quantity': '1', 'unit': '', 'ingredient': 'ripe banana'}, {'quantity': '1 ½', 'unit': 'cups', 'ingredient': 'all-purpose flour'}, {'quantity': '¾', 'unit': 'teaspoon', 'ingredient': 'ground cinnamon'}, {'quantity': '½', 'unit': 'teaspoon', 'ingredient': 'baking soda'}, {'quantity': '¼', 'unit': 'teaspoon', 'ingredient': 'salt'}, {'quantity': '⅛', 'unit': 'teaspoon', 'ingredient': 'ground nutmeg'}, {'quantity': '1', 'unit': 'cup', 'ingredient': 'white sugar'}, {'quantity': '2', 'unit': '', 'ingredient': 'eggs'}, {'quantity': '½', 'unit': 'cup', 'ingredient': 'vegetable oil'}, {'quantity': '½', 'unit': 'teaspoon', 'ingredient': 'lemon extract'}]",1 hr 55 mins,10
https://www.allrecipes.com/recipe/272400/einkorn-banana-bread/,Einkorn Banana Bread,"[{'quantity': '1', 'unit': 'cup', 'ingredient': 'white sugar'}, {'quantity': '½', 'unit': 'cup', 'ingredient': 'unsalted butter, melted'}, {'quantity': '2', 'unit': 'large', 'ingredient': 'eggs'}, {'quantity': '1', 'unit': 'tablespoon', 'ingredient': 'milk'}, {'quantity': '1', 'unit': 'teaspoon', 'ingredient': 'vanilla extract'}, {'quantity': '1 ½', 'unit': 'cups', 'ingredient': 'all-purpose einkorn flour, sifted'}, {'quantity': '1', 'unit': 'teaspoon', 'ingredient': 'ground cinnamon'}, {'quantity': '1', 'unit': 'teaspoon', 'ingredient': 'baking soda'}, {'quantity': '1', 'unit': 'teaspoon', 'ingredient': 'baking powder'}, {'quantity': '¼', 'unit': 'teaspoon', 'ingredient': 'salt'}, {'quantity': '3', 'unit': 'medium', 'ingredient': 'ripe bananas, mashed'}, {'quantity': '½', 'unit': 'cup', 'ingredient': 'chopped walnuts'}]",1 hr 25 mins,10
https://www.allrecipes.com/recipe/17281/molasses-banana-bread/,Molasses Banana Bread,"[{'quantity': '½', 'unit': 'cup', 'ingredient': 'butter, softened'}, {'quantity': '2', 'unit': 'cups', 'ingredient': 'mashed banana'}, {'quantity': '1', 'unit': 'cup', 'ingredient': 'molasses'}, {'quantity': '1', 'unit': 'large', 'ingredient': 'egg'}, {'quantity': '1', 'unit': 'cup', 'ingredient': 'whole wheat flour'}, {'quantity': '¾', 'unit': 'cup', 'ingredient': 'all-purpose flour'}, {'quantity': '½', 'unit': 'teaspoon', 'ingredient': 'baking soda'}, {'quantity': '½', 'unit': 'teaspoon', 'ingredient': 'salt'}, {'quantity': '½', 'unit': 'teaspoon', 'ingredient': 'ground nutmeg'}, {'quantity': '½', 'unit': 'cup', 'ingredient': 'chopped walnuts (Optional)'}]",1 hr 10 mins,10
https://www.allrecipes.com/recipe/6921/quick-banana-bread/,Quick Banana Bread,"[{'quantity': '⅓', 'unit': 'cup', 'ingredient': 'vegetable oil'}, {'quantity': '1 ½', 'unit': 'cups', 'ingredient': 'mashed bananas'}, {'quantity': '½', 'unit': 'teaspoon', 'ingredient': 'vanilla extract'}, {'quantity': '3', 'unit': '', 'ingredient': 'eggs'}, {'quantity': '2 ⅓', 'unit': 'cups', 'ingredient': 'baking mix'}, {'quantity': '1', 'unit': 'cup', 'ingredient': 'white sugar'}, {'quantity': '½', 'unit': 'cup', 'ingredient': 'chopped walnuts'}]",1 hr 20 mins,12
https://www.allrecipes.com/recipe/104999/we-be-jammin-jamaican-banana-bread/,We Be Jammin' Jamaican Banana Bread,"[{'quantity': '2', 'unit': 'tablespoons', 'ingredient': 'unsalted butter, softened'}, {'quantity': '2', 'unit': 'tablespoons', 'ingredient': 'cream cheese'}, {'quantity': '1', 'unit': 'cup', 'ingredient': 'white sugar'}, {'quantity': '1', 'unit': '', 'ingredient': 'egg'}, {'quantity': '2', 'unit': 'cups', 'ingredient': 'all-purpose flour'}, {'quantity': '2', 'unit': 'teaspoons', 'ingredient': 'baking powder'}, {'quantity': '½', 'unit': 'teaspoon', 'ingredient': 'baking soda'}, {'quantity': '⅛', 'unit': 'teaspoon', 'ingredient': 'salt'}, {'quantity': '1', 'unit': 'cup', 'ingredient': 'mashed overripe bananas'}, {'quantity': '½', 'unit': 'cup', 'ingredient': 'milk'}, {'quantity': '2', 'unit': 'tablespoons', 'ingredient': 'dark rum, or rum flavoring'}, {'quantity': '½', 'unit': 'teaspoon', 'ingredient': 'lime zest'}, {'quantity': '2', 'unit': 'teaspoons', 'ingredient': 'lime juice'}, {'quantity': '1', 'unit': 'teaspoon', 'ingredient': 'vanilla extract'}, {'quantity': '¼', 'unit': 'cup', 'ingredient': 'chopped toasted pecans'}, {'quantity': '¼', 'unit': 'cup', 'ingredient': 'flaked coconut'}, {'quantity': '¼', 'unit': 'cup', 'ingredient': 'brown sugar'}, {'quantity': '2', 'unit': 'teaspoons', 'ingredient': 'unsalted butter'}, {'quantity': '2', 'unit': 'teaspoons', 'ingredient': 'lime juice'}, {'quantity': '2', 'unit': 'teaspoons', 'ingredient': 'dark rum, or rum flavoring'}, {'quantity': '2', 'unit': 'tablespoons', 'ingredient': 'chopped toasted pecans'}, {'quantity': '2', 'unit': 'tablespoons', 'ingredient': 'flaked coconut'}]",2 hrs 45 mins,24
https://www.allrecipes.com/recipe/20153/chocolate-chip-banana-bread-ii/,Chocolate Chip Banana Bread,"[{'quantity': '1', 'unit': 'cup', 'ingredient': 'shortening'}, {'quantity': '2', 'unit': 'cups', 'ingredient': 'white sugar'}, {'quantity': '2', 'unit': '', 'ingredient': 'eggs'}, {'quantity': '2', 'unit': 'tablespoons', 'ingredient': 'mayonnaise'}, {'quantity': '6', 'unit': '', 'ingredient': 'very ripe bananas, mashed'}, {'quantity': '3', 'unit': 'cups', 'ingredient': 'all-purpose flour'}, {'quantity': '½', 'unit': 'teaspoon', 'ingredient': 'salt'}, {'quantity': '1', 'unit': 'teaspoon', 'ingredient': 'baking powder'}, {'quantity': '2', 'unit': 'teaspoons', 'ingredient': 'baking soda'}, {'quantity': '1', 'unit': 'cup', 'ingredient': 'semi-sweet chocolate chips'}, {'quantity': '½', 'unit': 'cup', 'ingredient': 'chopped walnuts'}]",1 hr 30 mins,20
https://www.allrecipes.com/recipe/282274/best-ever-classic-banana-bread/,Best Ever Classic Banana Bread,"[{'quantity': '1', 'unit': 'teaspoon', 'ingredient': 'dairy-free spread (such as Country Crock)'}, {'quantity': '3', 'unit': 'large', 'ingredient': 'ripe bananas, mashed (about 1 1/2 cups)'}, {'quantity': '1', 'unit': 'cup', 'ingredient': 'dairy-free spread (such as Country Crock)'}, {'quantity': '¾', 'unit': 'cup', 'ingredient': 'firmly packed light brown sugar'}, {'quantity': '2', 'unit': 'large', 'ingredient': 'eggs'}, {'quantity': '1', 'unit': 'teaspoon', 'ingredient': 'vanilla extract'}, {'quantity': '2', 'unit': 'cups', 'ingredient': 'all-purpose flour'}, {'quantity': '1', 'unit': 'teaspoon', 'ingredient': 'baking soda'}, {'quantity': '1', 'unit': 'teaspoon', 'ingredient': 'ground cinnamon'}, {'quantity': '¼', 'unit': 'teaspoon', 'ingredient': 'salt'}]",1 hr 35 mins,10
https://www.allrecipes.com/recipe/6687/banana-bread/,Banana Bread,"[{'quantity': '1 ½', 'unit': 'cups', 'ingredient': 'all-purpose flour'}, {'quantity': '1', 'unit': 'cup', 'ingredient': 'white sugar'}, {'quantity': '1', 'unit': 'teaspoon', 'ingredient': 'baking soda'}, {'quantity': '½', 'unit': 'teaspoon', 'ingredient': 'salt'}, {'quantity': '¼', 'unit': 'cup', 'ingredient': 'butter, melted'}, {'quantity': '2', 'unit': '', 'ingredient': 'eggs, beaten'}, {'quantity': '3', 'unit': '', 'ingredient': 'bananas, mashed'}]",1 hr 15 mins,16
https://www.allrecipes.com/easy-strawberry-brownies-recipe-11696682,Easy Strawberry Brownies,"[{'quantity': '1', 'unit': '(15.5 ounce) box', 'ingredient': 'strawberry cake mix'}, {'quantity': '1/2', 'unit': 'cup', 'ingredient': 'unsalted butter'}, {'quantity': '2', 'unit': 'large', 'ingredient': 'eggs'}, {'quantity': '2', 'unit': 'easpoons', 'ingredient': 'vanilla extract'}, {'quantity': '3', 'unit': 'strawberries,', 'ingredient': 'strawberries,'}, {'quantity': '1 1/2', 'unit': 'cups', 'ingredient': ""confectioner's sugar""}, {'quantity': '1/4', 'unit': 'teaspoon', 'ingredient': 'kosher salt'}]",50 mins,12
https://www.allrecipes.com/recipe/218978/banana-apple-bread/,Banana Apple Bread,"[{'quantity': '2 ¾', 'unit': 'cups', 'ingredient': 'all-purpose flour'}, {'quantity': '2', 'unit': 'teaspoons', 'ingredient': 'ground cinnamon'}, {'quantity': '1', 'unit': 'teaspoon', 'ingredient': 'baking soda'}, {'quantity': '½', 'unit': 'teaspoon', 'ingredient': 'salt'}, {'quantity': '2', 'unit': 'cups', 'ingredient': 'white sugar'}, {'quantity': '1', 'unit': 'cup', 'ingredient': 'unsalted butter, melted'}, {'quantity': '4', 'unit': 'large', 'ingredient': 'eggs'}, {'quantity': '1', 'unit': 'cup', 'ingredient': 'plain Greek yogurt'}, {'quantity': '1 ½', 'unit': 'teaspoons', 'ingredient': 'vanilla extract'}, {'quantity': '3', 'unit': 'large', 'ingredient': 'very ripe bananas, mashed'}, {'quantity': '2', 'unit': 'medium', 'ingredient': 'apples, cubed'}, {'quantity': '¾', 'unit': 'cup', 'ingredient': 'chopped walnuts (Optional)'}, {'quantity': '½', 'unit': 'cup', 'ingredient': 'packed brown sugar'}, {'quantity': '½', 'unit': 'cup', 'ingredient': 'white sugar'}, {'quantity': '¼', 'unit': 'cup', 'ingredient': 'all-purpose flour'}, {'quantity': '3', 'unit': 'tablespoons', 'ingredient': 'unsalted butter, softened'}, {'quantity': '1', 'unit': 'tablespoon', 'ingredient': 'ground cinnamon'}, {'quantity': '1', 'unit': 'medium', 'ingredient': 'banana, sliced'}, {'quantity': '1', 'unit': 'medium', 'ingredient': 'apple, sliced'}]",1 hr 25 mins,16
https://www.allrecipes.com/recipe/6754/lower-fat-banana-bread-i/,Lower Fat Banana Bread I,"[{'quantity': '⅔', 'unit': 'cup', 'ingredient': 'white sugar'}, {'quantity': '¼', 'unit': 'cup', 'ingredient': 'margarine, softened'}, {'quantity': '2', 'unit': '', 'ingredient': 'eggs'}, {'quantity': '1', 'unit': 'cup', 'ingredient': 'mashed bananas'}, {'quantity': '¼', 'unit': 'cup', 'ingredient': 'water'}, {'quantity': '1 ⅔', 'unit': 'cups', 'ingredient': 'all-purpose flour'}, {'quantity': '1', 'unit': 'teaspoon', 'ingredient': 'baking soda'}, {'quantity': '½', 'unit': 'teaspoon', 'ingredient': 'salt'}, {'quantity': '¼', 'unit': 'teaspoon', 'ingredient': 'baking powder'}]",1 hr 15 mins,12
https://www.allrecipes.com/lemon-crumb-bars-recipe-8781116,Lemon Crumb Bars,"[{'quantity': '3/4', 'unit': 'cup', 'ingredient': 'unsalted butter'}, {'quantity': '1/2', 'unit': 'cup', 'ingredient': 'white sugar'}, {'quantity': '1/2', 'unit': 'cup', 'ingredient': 'light brown sugar'}, {'quantity': '3/4', 'unit': 'teaspoon', 'ingredient': 'salt'}, {'quantity': '2', 'unit': 'teaspoons', 'ingredient': 'vanilla extract'}, {'quantity': '2', 'unit': 'cups', 'ingredient': 'all-purpose flour'}, {'quantity': '1/4', 'unit': 'teaspoon', 'ingredient': 'baking powder'}, {'quantity': '3', 'unit': 'large', 'ingredient': 'eggs'}, {'quantity': '1 cup plus 2', 'unit': 'tablespoons', 'ingredient': 'white sugar'}, {'quantity': '2', 'unit': 'tablespoons', 'ingredient': 'cornstarch'}, {'quantity': '2', 'unit': 'tablespoons', 'ingredient': 'lemon zest'}, {'quantity': '1', 'unit': 'pinch', 'ingredient': 'salt'}, {'quantity': '3', 'unit': 'tablespoons', 'ingredient': 'unsalted butter,'}, {'quantity': '1/2', 'unit': 'cup', 'ingredient': 'lemon juice'}]",1 hr 40 mins,16
https://www.allrecipes.com/recipe/24575/oatmeal-banana-nut-bread/,Oatmeal Banana Nut Bread,"[{'quantity': '½', 'unit': 'cup', 'ingredient': 'shortening'}, {'quantity': '¾', 'unit': 'cup', 'ingredient': 'white sugar'}, {'quantity': '2', 'unit': 'large', 'ingredient': 'eggs'}, {'quantity': '1', 'unit': 'cup', 'ingredient': 'mashed bananas'}, {'quantity': '1', 'unit': 'teaspoon', 'ingredient': 'vanilla extract'}, {'quantity': '1 ½', 'unit': 'cups', 'ingredient': 'all-purpose flour'}, {'quantity': '½', 'unit': 'teaspoon', 'ingredient': 'baking soda'}, {'quantity': '½', 'unit': 'teaspoon', 'ingredient': 'salt'}, {'quantity': '½', 'unit': 'cup', 'ingredient': 'quick cooking oats'}, {'quantity': '½', 'unit': 'cup', 'ingredient': 'chopped walnuts'}]",1 hr 10 mins,12
https://www.allrecipes.com/recipe/272797/the-best-vegan-banana-bread/,Vegan Banana Bread,"[{'quantity': '', 'unit': '', 'ingredient': 'cooking spray'}, {'quantity': '½', 'unit': 'cup', 'ingredient': 'vegan butter, melted'}, {'quantity': '½', 'unit': 'cup', 'ingredient': 'coconut sugar'}, {'quantity': '¼', 'unit': 'cup', 'ingredient': 'brown sugar'}, {'quantity': '2', 'unit': 'cups', 'ingredient': 'mashed bananas'}, {'quantity': '½', 'unit': 'cup', 'ingredient': 'plain applesauce'}, {'quantity': '2', 'unit': 'cups', 'ingredient': 'all-purpose flour'}, {'quantity': '1', 'unit': 'teaspoon', 'ingredient': 'baking soda'}, {'quantity': '½', 'unit': 'teaspoon', 'ingredient': 'baking powder'}, {'quantity': '¼', 'unit': 'teaspoon', 'ingredient': 'salt'}, {'quantity': '½', 'unit': 'cup', 'ingredient': 'chopped walnuts (Optional)'}]",1 hr 20 mins,10
https://www.allrecipes.com/cookies-and-cream-rice-krispie-treats-recipe-8782998,Cookies and Cream Rice Krispie Treats,"[{'quantity': '30', 'unit': None, 'ingredient': 'chocolate creme sandwich cookies'}, {'quantity': '1/2', 'unit': 'cup', 'ingredient': 'salted butter'}, {'quantity': '1', 'unit': '(16-ounce) bag', 'ingredient': 'mini marshmallows'}, {'quantity': '1', 'unit': '(13-ounce) jar', 'ingredient': 'marshmallow cream'}, {'quantity': '1/2', 'unit': 'teaspoon', 'ingredient': 'vanilla extract'}, {'quantity': '6', 'unit': 'cups', 'ingredient': 'crisp rice cereal'}]",55 mins,12
https://www.allrecipes.com/christmas-cookie-bars-recipe-8753567,Christmas Cookie Bars,"[{'quantity': '1/2', 'unit': 'cup', 'ingredient': 'unsalted butter, melted'}, {'quantity': '3/4', 'unit': 'cup', 'ingredient': 'dark brown sugar'}, {'quantity': '2', 'unit': 'tablespoons', 'ingredient': 'white sugar'}, {'quantity': '1/2', 'unit': 'teaspoon', 'ingredient': 'salt'}, {'quantity': '1/8', 'unit': 'teaspoon', 'ingredient': 'ground nutmeg'}, {'quantity': '1', 'unit': None, 'ingredient': 'extra large egg,'}, {'quantity': '2', 'unit': 'teaspoons', 'ingredient': 'vanilla extract'}, {'quantity': '1 1/2', 'unit': 'cups', 'ingredient': 'all-purpose flour'}, {'quantity': '1/2', 'unit': 'teaspoon', 'ingredient': 'baking soda'}, {'quantity': '1/2', 'unit': 'cup', 'ingredient': 'dark chocolate chips'}, {'quantity': '1/2', 'unit': 'cup', 'ingredient': 'M&Ms'}, {'quantity': '2', 'unit': 'tablespoons', 'ingredient': 'sprinkles'}]",40 mins,16
https://www.allrecipes.com/nutella-swirl-cheesecake-bars-recipe-8779386,Nutella Swirl Cheesecake Bars,"[{'quantity': '1 1/2', 'unit': 'cups', 'ingredient': 'OREO'}, {'quantity': '1/3', 'unit': 'cup', 'ingredient': 'roasted hazelnuts'}, {'quantity': '2', 'unit': 'tablespoons', 'ingredient': 'light brown sugar'}, {'quantity': '1', 'unit': 'pinch', 'ingredient': 'salt'}, {'quantity': '4', 'unit': 'tablespoons', 'ingredient': 'unsalted butter, melted'}, {'quantity': '16', 'unit': 'ounces', 'ingredient': 'cream cheese,'}, {'quantity': '1/2', 'unit': 'cup', 'ingredient': 'white sugar'}, {'quantity': '2', 'unit': 'teaspoons', 'ingredient': 'vanilla extract'}, {'quantity': '1/4', 'unit': 'teaspoon', 'ingredient': 'salt'}, {'quantity': '1', 'unit': 'pinch', 'ingredient': 'ground nutmeg'}, {'quantity': '3/4', 'unit': 'cup', 'ingredient': 'heavy cream'}, {'quantity': '1 1/2', 'unit': 'teaspoons', 'ingredient': 'lemon juice'}, {'quantity': '1', 'unit': None, 'ingredient': 'extra large egg'}, {'quantity': '1/2', 'unit': 'cup', 'ingredient': 'Nutella®)'}]",5 hrs 25 mins,16
https://www.allrecipes.com/christmas-cheesecake-bars-recipe-8762231,Christmas Cheesecake Bars,"[{'quantity': '3/4', 'unit': 'cup', 'ingredient': 'unsalted butter'}, {'quantity': '1/2', 'unit': 'cup', 'ingredient': 'light brown sugar'}, {'quantity': '1/2', 'unit': 'cup', 'ingredient': 'white sugar'}, {'quantity': '3/4', 'unit': 'teaspoon', 'ingredient': 'salt'}, {'quantity': '1/4', 'unit': 'teaspoon', 'ingredient': 'ground nutmeg'}, {'quantity': '2', 'unit': 'teaspoons', 'ingredient': 'vanilla extract'}, {'quantity': '1/2', 'unit': 'teaspoon', 'ingredient': 'almond extract'}, {'quantity': '2', 'unit': 'cups', 'ingredient': 'all-purpose flour'}, {'quantity': '1/3', 'unit': 'cup', 'ingredient': 'sprinkles'}, {'quantity': '2', 'unit': '(8-ounce) packages', 'ingredient': 'cream cheese, softened'}, {'quantity': '1/2', 'unit': 'cup', 'ingredient': 'white sugar'}, {'quantity': '1', 'unit': 'tablespoon', 'ingredient': 'all-purpose flour'}, {'quantity': '1', 'unit': 'teaspoon', 'ingredient': 'vanilla extract'}, {'quantity': '1/4', 'unit': 'teaspoon', 'ingredient': 'salt'}, {'quantity': '1', 'unit': 'pinch', 'ingredient': 'ground nutmeg'}, {'quantity': '2/3', 'unit': 'cup', 'ingredient': 'heavy cream,'}, {'quantity': '1', 'unit': 'tablespoon', 'ingredient': 'lemon juice'}, {'quantity': '2', 'unit': 'large', 'ingredient': 'eggs,'}]",5 hrs 15 mins,16
https://www.allrecipes.com/puppy-chow-crispy-treats-recipe-8732234,Puppy Chow Crispy Treats,"[{'quantity': '6', 'unit': 'ounces', 'ingredient': '72% dark chocolate chips (such as Ghirardelli)'}, {'quantity': '3/4', 'unit': 'cup', 'ingredient': 'creamy peanut butter (such as Skippy)'}, {'quantity': '8', 'unit': 'tablespoons', 'ingredient': 'butter, cut into 1 tablespoon pieces, divided'}, {'quantity': '1/2', 'unit': 'teaspoon', 'ingredient': 'kosher salt'}, {'quantity': '1', 'unit': '(12-ounce) box', 'ingredient': 'rice cereal squares (such as Rice Chex)'}, {'quantity': '1', 'unit': 'cup plus 1 tablespoon', 'ingredient': 'powdered sugar, divided'}, {'quantity': '8', 'unit': 'cups', 'ingredient': 'miniature marshmallows (from 2 [10 ounce] packages)'}, {'quantity': None, 'unit': None, 'ingredient': 'cooking spray'}, {'quantity': '2', 'unit': 'tablespoons', 'ingredient': 'creamy peanut butter (such as Skippy)'}]",1 hr 30 mins,12
https://www.allrecipes.com/deviled-blondies-recipe-8719173,Deviled Blondies,"[{'quantity': '1', 'unit': 'tablespoon', 'ingredient': 'butter'}, {'quantity': '2', 'unit': 'tablespoons', 'ingredient': 'light brown sugar'}, {'quantity': '1', 'unit': 'rounded tablespoon', 'ingredient': 'Gochujang chili paste,'}, {'quantity': '1 3/4', 'unit': 'cups', 'ingredient': 'all-purpose flour'}, {'quantity': '1', 'unit': 'teaspoon', 'ingredient': 'baking powder'}, {'quantity': '1', 'unit': 'teaspoon', 'ingredient': 'kosher salt'}, {'quantity': '3/4', 'unit': 'cup', 'ingredient': 'white sugar'}, {'quantity': '1/2', 'unit': 'cup packed', 'ingredient': 'light brown sugar'}, {'quantity': '2', 'unit': 'large', 'ingredient': 'eggs'}, {'quantity': '2', 'unit': 'teaspoons', 'ingredient': 'vanilla extract'}, {'quantity': '2', 'unit': 'sticks', 'ingredient': 'salted butter, melted and cooled slightly'}, {'quantity': '1/2', 'unit': 'cup', 'ingredient': 'macadamia nuts'}]",1 hr,9
https://www.allrecipes.com/berries-and-cream-bars-recipe-8691436,Berries-and-Cream Bars,"[{'quantity': '2', 'unit': 'cups', 'ingredient': 'all-purpose flour'}, {'quantity': '1 1/2', 'unit': 'teaspoons', 'ingredient': 'baking powder'}, {'quantity': '3/4', 'unit': 'teaspoon', 'ingredient': 'sea salt'}, {'quantity': '10', 'unit': 'tablespoons', 'ingredient': 'unsalted butter, at room temperature'}, {'quantity': '3', 'unit': 'tablespoons', 'ingredient': 'vegetable oil'}, {'quantity': '1', 'unit': 'cup', 'ingredient': 'sugar'}, {'quantity': '3', 'unit': 'large', 'ingredient': 'egg whites'}, {'quantity': '2', 'unit': 'teaspoons', 'ingredient': 'vanilla extract, divided'}, {'quantity': '1/4', 'unit': 'teaspoon', 'ingredient': 'almond extract'}, {'quantity': '2/3', 'unit': 'cup', 'ingredient': 'whole milk, at room temperature'}, {'quantity': '1/2 cup plus 2/3', 'unit': 'cup', 'ingredient': 'mixed berry jam or preserves, divided'}, {'quantity': '1', 'unit': 'cup', 'ingredient': 'whipping cream'}, {'quantity': '1/4', 'unit': 'cup', 'ingredient': 'marshmallow creme'}, {'quantity': '1/2', 'unit': 'cup', 'ingredient': 'freeze-dried strawberries or raspberries'}]",1 hr,12
https://www.allrecipes.com/apple-butter-cheesecake-bars-recipe-8707173,Apple Butter Cheesecake Bars,"[{'quantity': None, 'unit': None, 'ingredient': 'cooking spray'}, {'quantity': '3', 'unit': 'cups', 'ingredient': 'graham cracker crumbs'}, {'quantity': '3/4', 'unit': 'cup', 'ingredient': 'unsalted butter, melted'}, {'quantity': '1/2', 'unit': 'cup', 'ingredient': 'granulated sugar'}, {'quantity': '3/4', 'unit': 'teaspoon', 'ingredient': 'ground cinnamon'}, {'quantity': '1/2', 'unit': 'teaspoon', 'ingredient': 'kosher salt'}, {'quantity': '3', 'unit': '(8-ounce) packages', 'ingredient': 'cream cheese, at room temperature'}, {'quantity': '3/4 cup', 'unit': None, 'ingredient': 'sour cream, at room temperature'}, {'quantity': '3/4', 'unit': 'cup', 'ingredient': 'granulated sugar'}, {'quantity': '1/4', 'unit': 'teaspoon', 'ingredient': 'kosher salt'}, {'quantity': '3', 'unit': 'large', 'ingredient': 'eggs, at room temperature'}, {'quantity': '1/4', 'unit': 'cup', 'ingredient': 'heavy cream'}, {'quantity': '1', 'unit': 'teaspoon', 'ingredient': 'vanilla extract'}, {'quantity': '3/4', 'unit': 'cup', 'ingredient': 'apple butter'}]",6 hrs 25 mins,12
https://www.allrecipes.com/margarita-bars-recipe-8680582,Margarita Bars,"[{'quantity': None, 'unit': None, 'ingredient': 'cooking spray'}, {'quantity': '1 3/4', 'unit': 'cups', 'ingredient': 'graham cracker crumbs'}, {'quantity': '1/2', 'unit': 'cup', 'ingredient': 'unsalted butter'}, {'quantity': '1/3', 'unit': 'cup', 'ingredient': 'white sugar'}, {'quantity': '3/4', 'unit': 'teaspoon', 'ingredient': 'kosher salt'}, {'quantity': '10', 'unit': 'large', 'ingredient': 'egg yolks'}, {'quantity': '2', 'unit': '(14 ounce) cans', 'ingredient': 'sweetened condensed milk'}, {'quantity': '4', 'unit': 'teaspoons', 'ingredient': 'lime zest'}, {'quantity': '3/4', 'unit': 'cup', 'ingredient': 'lime juice'}, {'quantity': '1/4', 'unit': 'cup', 'ingredient': 'tequila'}, {'quantity': '2', 'unit': 'tablespoons', 'ingredient': 'orange liqueur'}, {'quantity': None, 'unit': None, 'ingredient': 'sea salt'}]",3 hrs 55 mins,16
https://www.allrecipes.com/lemon-curd-poppy-seed-crumb-bars-recipe-8645738,Lemon Curd-Poppy Seed Crumb Bars,"[{'quantity': '3/4', 'unit': 'cup', 'ingredient': 'unsalted butter'}, {'quantity': '1', 'unit': 'cup', 'ingredient': 'light brown sugar'}, {'quantity': '1 1/2', 'unit': 'teaspoons', 'ingredient': 'vanilla extract'}, {'quantity': '1', 'unit': 'teaspoon', 'ingredient': 'salt'}, {'quantity': '1/4', 'unit': 'teaspoon', 'ingredient': 'almond extract'}, {'quantity': '2', 'unit': 'cups', 'ingredient': 'all-purpose flour'}, {'quantity': '1/4', 'unit': 'teaspoon', 'ingredient': 'baking powder'}, {'quantity': '1', 'unit': 'tablespoon', 'ingredient': 'poppy seeds'}, {'quantity': '3/4', 'unit': 'cup', 'ingredient': 'lemon curd'}, {'quantity': '1', 'unit': 'tablespoon', 'ingredient': 'lemon zest'}, {'quantity': '1', 'unit': 'tablespoon', 'ingredient': 'all-purpose flour'}, {'quantity': '1', 'unit': 'large', 'ingredient': 'egg, at room temperature'}, {'quantity': '1/2', 'unit': 'teaspoon', 'ingredient': 'vanilla extract'}, {'quantity': '1/8', 'unit': 'teaspoon', 'ingredient': 'salt'}, {'quantity': '1', 'unit': '(14 ounce) can', 'ingredient': 'sweetened condensed milk'}]",5 hrs 30 mins,16
https://www.allrecipes.com/cinnamon-roll-blondies-recipe-8687135,Cinnamon Roll Blondies,"[{'quantity': '1/4', 'unit': 'cup', 'ingredient': 'light brown sugar'}, {'quantity': '1', 'unit': 'tablespoon', 'ingredient': 'ground cinnamon'}, {'quantity': '1/2', 'unit': 'cup', 'ingredient': 'unsalted butter'}, {'quantity': '3/4', 'unit': 'cup', 'ingredient': 'white sugar'}, {'quantity': '1/4', 'unit': 'cup', 'ingredient': 'light brown sugar'}, {'quantity': '2', 'unit': 'teaspoons', 'ingredient': 'vanilla extract'}, {'quantity': '3/4', 'unit': 'teaspoon', 'ingredient': 'kosher salt'}, {'quantity': '1/4', 'unit': 'teaspoon', 'ingredient': 'ground nutmeg'}, {'quantity': '1', 'unit': 'large', 'ingredient': 'egg'}, {'quantity': '1', 'unit': 'large', 'ingredient': 'egg yolk'}, {'quantity': '1', 'unit': 'cup', 'ingredient': 'all-purpose flour'}, {'quantity': '1/4', 'unit': 'teaspoon', 'ingredient': 'baking soda'}, {'quantity': '1', 'unit': 'ounce', 'ingredient': 'cream cheese'}, {'quantity': '7', 'unit': 'tablespoons', 'ingredient': ""confectioner's sugar""}, {'quantity': '1/4', 'unit': 'teaspoon', 'ingredient': 'vanilla extract'}, {'quantity': '1', 'unit': 'pinch', 'ingredient': 'salt'}, {'quantity': '3', 'unit': 'tablespoons', 'ingredient': 'heavy cream'}]",50 mins,16
https://www.allrecipes.com/cranberry-lemon-bars-recipe-8399101,Cranberry Lemon Bars,"[{'quantity': '1/2', 'unit': 'cup', 'ingredient': 'unsalted butter, melted'}, {'quantity': '3', 'unit': 'tablespoons', 'ingredient': 'sugar'}, {'quantity': '1', 'unit': 'teaspoon', 'ingredient': 'almond extract'}, {'quantity': '1/2', 'unit': 'teaspoon', 'ingredient': 'salt'}, {'quantity': '1', 'unit': 'cup', 'ingredient': 'all-purpose flour'}, {'quantity': '6', 'unit': 'ounces', 'ingredient': 'cranberries'}, {'quantity': '1/4', 'unit': 'cup', 'ingredient': 'sugar'}, {'quantity': '2', 'unit': 'tablespoons', 'ingredient': 'water'}, {'quantity': '1 1/2', 'unit': 'tablespoons', 'ingredient': 'lemon zest'}, {'quantity': '2', 'unit': 'large', 'ingredient': 'eggs'}, {'quantity': '3/4', 'unit': 'cup', 'ingredient': 'sugar'}, {'quantity': '1/3', 'unit': 'cup', 'ingredient': 'lemon juice'}, {'quantity': '1/3', 'unit': 'cup', 'ingredient': 'all-purpose flour'}, {'quantity': '1', 'unit': 'tablespoon', 'ingredient': 'lemon zest'}, {'quantity': None, 'unit': None, 'ingredient': 'confectioners sugar, as needed'}]",1 hr 5 mins,16
https://www.allrecipes.com/marshmallow-cereal-treats-6815538,Marshmallow Cereal Treats,"[{'quantity': '½', 'unit': 'cup', 'ingredient': 'butter, divided'}, {'quantity': '1', 'unit': '(10.5 ounce) package', 'ingredient': 'miniature marshmallows'}, {'quantity': '2', 'unit': 'cups', 'ingredient': 'crispy rice cereal (such as Rice Krispies®)'}, {'quantity': '2', 'unit': 'cups', 'ingredient': ""brown sugar and butter-flavored breakfast cereal (such as Cap'n Crunch®)""}, {'quantity': '2', 'unit': 'cups', 'ingredient': 'fruit-flavored breakfast cereal (such as Froot Loops®)'}]",20 mins,12
https://www.allrecipes.com/coconut-chocolate-rice-krispie-treats-6795534,Coconut Chocolate Rice Krispie Treats,"[{'quantity': '¼', 'unit': 'cup', 'ingredient': 'butter'}, {'quantity': '1', 'unit': '(10 ounce) package', 'ingredient': 'large marshmallows'}, {'quantity': '5', 'unit': 'cups', 'ingredient': 'chocolate flavored crispy rice cereal'}, {'quantity': '⅓', 'unit': 'cup', 'ingredient': 'sweetened flaked coconut'}]",1 hr 10 mins,24
https://www.allrecipes.com/maple-blondies-recipe-7561826,Maple Blondies,"[{'quantity': '1/2', 'unit': 'cup', 'ingredient': 'unsalted butter, melted and cooled'}, {'quantity': '1/2', 'unit': 'cup', 'ingredient': 'maple syrup'}, {'quantity': '1/4', 'unit': 'cup', 'ingredient': 'dark brown sugar'}, {'quantity': '1', 'unit': 'large', 'ingredient': 'egg, at room temperature'}, {'quantity': '1', 'unit': 'teaspoon', 'ingredient': 'extract'}, {'quantity': '1', 'unit': 'teaspoon', 'ingredient': 'vanilla extract'}, {'quantity': '1 1/4', 'unit': 'cups', 'ingredient': 'all-purpose flour'}, {'quantity': '1/2', 'unit': 'teaspoon', 'ingredient': 'baking soda'}, {'quantity': '1/2', 'unit': 'teaspoon', 'ingredient': 'salt'}, {'quantity': '1/8', 'unit': 'teaspoon', 'ingredient': 'ground cinnamon'}, {'quantity': '1/8', 'unit': 'teaspoon', 'ingredient': 'ground nutmeg'}, {'quantity': '1/2', 'unit': 'cup', 'ingredient': ""confectioner's sugar""}, {'quantity': '2', 'unit': 'tablespoons', 'ingredient': 'maple syrup'}, {'quantity': '2', 'unit': 'tablespoons', 'ingredient': 'heavy cream'}, {'quantity': '3/4', 'unit': 'teaspoon', 'ingredient': 'extract,'}, {'quantity': '1/8', 'unit': 'teaspoon', 'ingredient': 'salt, or to taste'}]",40 mins,16
https://www.allrecipes.com/pumpkin-spice-rice-krispie-treats-recipe-8387013,Pumpkin Spice Rice Krispie Treats,"[{'quantity': '6', 'unit': 'tablespoons', 'ingredient': 'butter, softened'}, {'quantity': '1/2', 'unit': 'cup', 'ingredient': 'pumpkin puree'}, {'quantity': '2 (10', 'unit': 'ounce) bags', 'ingredient': 'mini marshmallows'}, {'quantity': '1', 'unit': 'teaspoon', 'ingredient': 'vanilla extract'}, {'quantity': '1', 'unit': 'teaspoon', 'ingredient': 'ground cinnamon'}, {'quantity': '1', 'unit': 'teaspoon', 'ingredient': 'ground ginger'}, {'quantity': '1/4', 'unit': 'teaspoon', 'ingredient': 'ground cloves'}, {'quantity': '1/4', 'unit': 'teaspoon', 'ingredient': 'salt'}, {'quantity': '12', 'unit': 'cups', 'ingredient': 'Rice Krispies'}]",40 mins,24
https://www.allrecipes.com/maple-pecan-blondies-recipe-7775410,Maple Pecan Blondies,"[{'quantity': '2', 'unit': 'cups', 'ingredient': 'all purpose flour'}, {'quantity': '1', 'unit': 'teaspoon', 'ingredient': 'salt'}, {'quantity': '1', 'unit': 'teaspoon', 'ingredient': 'baking powder'}, {'quantity': '1/4', 'unit': 'teaspoon', 'ingredient': 'baking soda'}, {'quantity': '2/3', 'unit': 'cup', 'ingredient': 'unsalted butter'}, {'quantity': '1 1/4', 'unit': 'cups', 'ingredient': 'brown sugar'}, {'quantity': '1/2', 'unit': 'cup', 'ingredient': 'maple syrup'}, {'quantity': '2', 'unit': 'large', 'ingredient': 'eggs'}, {'quantity': '2', 'unit': 'teaspoons', 'ingredient': 'vanilla extract'}, {'quantity': '1 1/2', 'unit': 'cups', 'ingredient': 'pecans, toasted and chopped, divided'}]",1 hr,16
https://www.allrecipes.com/pineapple-upside-down-bars-recipe-7495440,Pineapple Upside Down Bars,"[{'quantity': None, 'unit': None, 'ingredient': 'cooking spray'}, {'quantity': '1', 'unit': '(20-ounce) can', 'ingredient': 'pineapple rings in 100% pineapple juice,'}, {'quantity': '15', 'unit': None, 'ingredient': 'maraschino cherries, or as needed, stems removed'}, {'quantity': '1 1/2', 'unit': 'tablespoons', 'ingredient': 'brown sugar'}, {'quantity': '1/2', 'unit': 'cup', 'ingredient': 'unsalted butter, melted and slightly cooled'}, {'quantity': '1/2', 'unit': 'cup', 'ingredient': 'white sugar'}, {'quantity': '1/4', 'unit': 'cup', 'ingredient': 'brown sugar'}, {'quantity': '1/2', 'unit': 'cup', 'ingredient': 'pineapple juice'}, {'quantity': '1', 'unit': 'tablespoon', 'ingredient': 'lemon juice'}, {'quantity': '1 1/2', 'unit': 'teaspoons', 'ingredient': 'vanilla extract'}, {'quantity': '1 1/4', 'unit': 'cups', 'ingredient': 'all-purpose flour'}, {'quantity': '1/2', 'unit': 'teaspoon', 'ingredient': 'salt'}, {'quantity': '1/4', 'unit': 'teaspoon', 'ingredient': 'baking soda'}, {'quantity': '1/4', 'unit': 'teaspoon', 'ingredient': 'ground cinnamon'}, {'quantity': '1/4', 'unit': 'teaspoon', 'ingredient': 'ground nutmeg'}]",1 hr 20 mins,16 servings
https://www.allrecipes.com/recipe/8489297/apple-crisp-browned-butter-bars/,Apple Crisp-Browned Butter Bars,"[{'quantity': '¾', 'unit': 'cup', 'ingredient': 'unsalted butter'}, {'quantity': '1 ½', 'unit': 'cups', 'ingredient': 'flour'}, {'quantity': '1', 'unit': 'cup', 'ingredient': 'rolled oats'}, {'quantity': '⅔', 'unit': 'cup', 'ingredient': 'packed brown sugar'}, {'quantity': '¾', 'unit': 'teaspoon', 'ingredient': 'baking powder'}, {'quantity': '¼', 'unit': 'teaspoon', 'ingredient': 'cinnamon'}, {'quantity': '¼', 'unit': 'teaspoon', 'ingredient': 'salt'}, {'quantity': '1', 'unit': 'large', 'ingredient': 'egg yolk'}, {'quantity': '1', 'unit': 'teaspoon', 'ingredient': 'vanilla extract'}, {'quantity': '2', 'unit': 'tablespoons', 'ingredient': 'unsalted butter'}, {'quantity': '6', 'unit': 'cups', 'ingredient': 'chopped apples'}, {'quantity': '', 'unit': 'tablespoon', 'ingredient': 'packed brown sugar, divided'}, {'quantity': '1', 'unit': 'teaspoon', 'ingredient': 'ground cinnamon'}, {'quantity': '1', 'unit': 'teaspoon', 'ingredient': 'freshly squeezed lemon juice'}, {'quantity': '¼', 'unit': 'teaspoon', 'ingredient': 'ground nutmeg'}, {'quantity': '1', 'unit': 'pinch', 'ingredient': 'salt'}]",1 hr 40 mins,16
https://www.allrecipes.com/recipe/255008/easy-caramel-apple-pie-bars/,Easy Caramel Apple Pie Bars,"[{'quantity': '3', 'unit': 'cups', 'ingredient': 'all-purpose flour'}, {'quantity': '1', 'unit': 'cup', 'ingredient': 'unsalted butter'}, {'quantity': '¾', 'unit': 'cup', 'ingredient': 'white sugar'}, {'quantity': '1', 'unit': 'large', 'ingredient': 'egg'}, {'quantity': '1', 'unit': 'teaspoon', 'ingredient': 'baking powder'}, {'quantity': '½', 'unit': 'teaspoon', 'ingredient': 'salt'}, {'quantity': '3', 'unit': 'tablespoons', 'ingredient': 'unsalted butter'}, {'quantity': '5', 'unit': '', 'ingredient': 'Granny Smith apples, peeled and diced'}, {'quantity': '½', 'unit': 'cup', 'ingredient': 'brown sugar'}, {'quantity': '½', 'unit': 'cup', 'ingredient': 'white sugar'}, {'quantity': '2', 'unit': 'teaspoons', 'ingredient': 'ground cinnamon'}, {'quantity': '¼', 'unit': 'teaspoon', 'ingredient': 'grated nutmeg'}, {'quantity': '1', 'unit': 'pinch', 'ingredient': 'salt'}, {'quantity': '1', 'unit': 'tablespoon', 'ingredient': 'cornstarch, or as needed'}]",1 hr 5 mins,16
https://www.allrecipes.com/article/how-to-make-the-chewiest-fudgiest-brownies-ever/,"The No-Fail Secret to the Chewiest, Fudgiest Brownies Ever",[],,
https://www.allrecipes.com/lucky-charms-treats-recipe-7488435,Lucky Charms Treats,"[{'quantity': None, 'unit': None, 'ingredient': 'cooking spray'}, {'quantity': '1/2', 'unit': 'cup', 'ingredient': 'salted butter'}, {'quantity': '8 1/2', 'unit': 'cups', 'ingredient': 'marshmallows'}, {'quantity': '8', 'unit': 'cupsLucky Charms', 'ingredient': 'Lucky Charms'}]",30 mins,15 servings
https://www.allrecipes.com/recipe/10549/best-brownies/,Best Brownies,"[{'quantity': '½', 'unit': 'cup', 'ingredient': 'butter'}, {'quantity': '1', 'unit': 'cup', 'ingredient': 'white sugar'}, {'quantity': '2', 'unit': 'large', 'ingredient': 'eggs'}, {'quantity': '1', 'unit': 'teaspoon', 'ingredient': 'vanilla extract'}, {'quantity': '⅓', 'unit': 'cup', 'ingredient': 'unsweetened cocoa powder'}, {'quantity': '½', 'unit': 'cup', 'ingredient': 'all-purpose flour'}, {'quantity': '¼', 'unit': 'teaspoon', 'ingredient': 'salt'}, {'quantity': '¼', 'unit': 'teaspoon', 'ingredient': 'baking powder'}, {'quantity': '3', 'unit': 'tablespoons', 'ingredient': 'butter, softened'}, {'quantity': '3', 'unit': 'tablespoons', 'ingredient': 'unsweetened cocoa powder'}, {'quantity': '1', 'unit': 'tablespoon', 'ingredient': 'honey'}, {'quantity': '1', 'unit': 'teaspoon', 'ingredient': 'vanilla extract'}, {'quantity': '1', 'unit': 'cup', 'ingredient': ""confectioners' sugar""}]",45 mins,16
https://www.allrecipes.com/carrot-cake-bars-recipe-7372763,Carrot Cake Bars,"[{'quantity': '3/4', 'unit': 'cup', 'ingredient': 'unsalted butter'}, {'quantity': '2/3', 'unit': 'cup', 'ingredient': 'brown sugar, divided'}, {'quantity': '1', 'unit': 'large', 'ingredient': 'egg, at room temperature'}, {'quantity': '1', 'unit': 'large', 'ingredient': 'egg yolk, at room temperature'}, {'quantity': '1 1/2', 'unit': 'teaspoons', 'ingredient': 'vanilla extract'}, {'quantity': '2/3', 'unit': 'cup', 'ingredient': 'all-purpose flour'}, {'quantity': '1', 'unit': 'teaspoon', 'ingredient': 'baking soda'}, {'quantity': '1', 'unit': 'teaspoon', 'ingredient': 'ground cinnamon'}, {'quantity': '1', 'unit': 'teaspoon', 'ingredient': 'ground ginger'}, {'quantity': '1/2', 'unit': 'teaspoon', 'ingredient': 'salt'}, {'quantity': '1/4', 'unit': 'teaspoon', 'ingredient': 'ground nutmeg'}, {'quantity': '1/4', 'unit': 'teaspoon', 'ingredient': 'ground allspice'}, {'quantity': '1 1/2', 'unit': 'cups', 'ingredient': 'grated carrot'}, {'quantity': '8', 'unit': 'ounces', 'ingredient': 'cream cheese'}, {'quantity': '1 1/2', 'unit': 'teaspoons', 'ingredient': 'vanilla extract'}, {'quantity': '1', 'unit': 'pinch', 'ingredient': 'salt'}, {'quantity': '2', 'unit': 'cups', 'ingredient': ""confectioners' sugar""}]",55 mins,16 servings
https://www.allrecipes.com/recipe/10294/the-best-lemon-bars/,The Best Lemon Bars,"[{'quantity': '2', 'unit': 'cups', 'ingredient': 'all-purpose flour'}, {'quantity': '1', 'unit': 'cup', 'ingredient': 'butter, softened'}, {'quantity': '½', 'unit': 'cup', 'ingredient': 'white sugar'}, {'quantity': '1 ½', 'unit': 'cups', 'ingredient': 'white sugar'}, {'quantity': '¼', 'unit': 'cup', 'ingredient': 'all-purpose flour'}, {'quantity': '4', 'unit': '', 'ingredient': 'eggs'}, {'quantity': '2', 'unit': '', 'ingredient': 'lemons, juiced'}]",50 mins,24
https://www.allrecipes.com/recipe/8468499/fresh-blackberry-crumble-bars/,Fresh Blackberry Crumble Bars,"[{'quantity': '6', 'unit': 'tablespoons', 'ingredient': 'seedless blackberry jam'}, {'quantity': '3', 'unit': 'cups', 'ingredient': 'fresh blackberries'}, {'quantity': '¼', 'unit': 'cup', 'ingredient': 'white sugar'}, {'quantity': '3', 'unit': 'tablespoons', 'ingredient': 'cornstarch'}, {'quantity': '⅛', 'unit': 'teaspoon', 'ingredient': 'kosher salt'}, {'quantity': '', 'unit': '', 'ingredient': 'cooking spray'}, {'quantity': '¾', 'unit': 'cup', 'ingredient': 'uncooked quick-cooking oats'}, {'quantity': '1', 'unit': 'cup', 'ingredient': 'flour'}, {'quantity': '½', 'unit': 'cup', 'ingredient': 'packed light brown sugar'}, {'quantity': '½', 'unit': 'cup', 'ingredient': 'sliced almonds'}, {'quantity': '¼', 'unit': 'teaspoon', 'ingredient': 'ground cinnamon'}, {'quantity': '½', 'unit': 'teaspoon', 'ingredient': 'baking soda'}, {'quantity': '¼', 'unit': 'teaspoon', 'ingredient': 'kosher salt'}, {'quantity': '½', 'unit': 'cup', 'ingredient': 'unsalted butter, melted'}]",3 hrs 20 mins,9
https://www.allrecipes.com/no-bake-millionaire-s-shortbread-recipe-11703318,No-Bake Millionaire’s Shortbread,"[{'quantity': '10', 'unit': 'ounces', 'ingredient': 'shortbread cookies'}, {'quantity': '1', 'unit': 'cup', 'ingredient': 'butter, divided'}, {'quantity': '1', 'unit': '(14-ounce) can', 'ingredient': 'sweetened condensed milk'}, {'quantity': '6', 'unit': 'tablespoons', 'ingredient': 'brown sugar'}, {'quantity': '1/4', 'unit': 'teaspoon', 'ingredient': 'salt'}, {'quantity': '10', 'unit': 'ounces', 'ingredient': 'dark chocolate chips'}, {'quantity': '1/2', 'unit': 'teaspoon', 'ingredient': 'sea salt (optional)'}]",4 hrs 45 mins,24
https://www.allrecipes.com/french-silk-pie-bars-recipe-8785326,French Silk Pie Bars,"[{'quantity': '1/3', 'unit': 'cup', 'ingredient': 'butter'}, {'quantity': '1/4', 'unit': 'cup', 'ingredient': 'white sugar'}, {'quantity': '1 1/4', 'unit': 'cups', 'ingredient': 'finely crushed chocolate or regular graham crackers (about 9 sheets)'}, {'quantity': '7', 'unit': 'ounces', 'ingredient': 'bittersweet chocolate'}, {'quantity': '4', 'unit': 'large', 'ingredient': 'eggs'}, {'quantity': '3/4', 'unit': 'cup', 'ingredient': 'white sugar'}, {'quantity': '1/4', 'unit': 'cup packed', 'ingredient': 'brown sugar'}, {'quantity': '3', 'unit': 'tablespoons', 'ingredient': 'water'}, {'quantity': '1/4', 'unit': 'teaspoon', 'ingredient': 'salt'}, {'quantity': '1', 'unit': 'tablespoon', 'ingredient': 'vanilla extract'}, {'quantity': '1/2', 'unit': 'cup', 'ingredient': 'unsalted butter'}, {'quantity': '1/2', 'unit': 'cup', 'ingredient': 'heavy cream'}, {'quantity': '3', 'unit': 'ounces', 'ingredient': 'cream cheese, softened'}, {'quantity': '3', 'unit': 'tablespoons', 'ingredient': 'white sugar'}, {'quantity': '1', 'unit': 'teaspoon', 'ingredient': 'vanilla extract'}, {'quantity': '1', 'unit': 'pinch', 'ingredient': 'salt'}, {'quantity': '1 1/2', 'unit': 'cups', 'ingredient': 'heavy cream'}, {'quantity': None, 'unit': None, 'ingredient': 'chocolate curls or chocolate sprinkles'}]",5 hrs,16
https://www.allrecipes.com/chocolate-chip-cookie-millionaire-bars-recipe-8764992,Chocolate Chip Cookie Millionaire Bars,"[{'quantity': None, 'unit': None, 'ingredient': 'baking spray with flour'}, {'quantity': '2', 'unit': '(16 1/2-ounce) packages', 'ingredient': 'refrigerated break-and-bake chocolate chip cookie dough'}, {'quantity': '2', 'unit': '(14-ounce) cans', 'ingredient': 'sweetened condensed milk'}, {'quantity': '1/2', 'unit': 'cup packed', 'ingredient': 'light brown sugar'}, {'quantity': '1/2', 'unit': 'cup', 'ingredient': 'light corn syrup'}, {'quantity': '1', 'unit': 'teaspoon', 'ingredient': 'table salt'}, {'quantity': '10', 'unit': 'tablespoons', 'ingredient': 'unsalted butter'}, {'quantity': '1', 'unit': 'teaspoon', 'ingredient': 'vanilla extract'}, {'quantity': '2', 'unit': '(4-ounce) bars', 'ingredient': 'semisweet chocolate'}, {'quantity': '1/4', 'unit': 'cup', 'ingredient': 'heavy whipping cream'}]",3 hrs 20 mins,24
https://www.allrecipes.com/italian-ricotta-cookie-bars-recipe-8775003,Italian Ricotta Cookie Bars,"[{'quantity': '1/2', 'unit': 'cup', 'ingredient': 'unsalted butter,'}, {'quantity': '3/4', 'unit': 'cup', 'ingredient': 'white sugar'}, {'quantity': '1/4', 'unit': 'cup', 'ingredient': 'light brown sugar'}, {'quantity': '1/2', 'unit': 'teaspoon', 'ingredient': 'salt'}, {'quantity': '1/8', 'unit': 'teaspoon', 'ingredient': 'ground nutmeg'}, {'quantity': '2', 'unit': None, 'ingredient': 'extra large eggs'}, {'quantity': '8', 'unit': 'ounces', 'ingredient': 'whole milk ricotta cheese'}, {'quantity': '1', 'unit': 'teaspoon', 'ingredient': 'lemon zest'}, {'quantity': '2', 'unit': 'teaspoons', 'ingredient': 'lemon juice'}, {'quantity': '1', 'unit': 'teaspoon', 'ingredient': 'vanilla extract'}, {'quantity': '1 1/4', 'unit': 'cups', 'ingredient': 'all-purpose flour'}, {'quantity': '1/4', 'unit': 'teaspoon', 'ingredient': 'baking soda'}, {'quantity': '1 1/4', 'unit': 'cups', 'ingredient': ""confectioner's sugar""}, {'quantity': '1', 'unit': 'tablespoon', 'ingredient': 'unsalted butter,'}, {'quantity': '2', 'unit': 'teaspoons', 'ingredient': 'lemon juice'}, {'quantity': '1/2', 'unit': 'teaspoon', 'ingredient': 'vanilla extract'}, {'quantity': '1', 'unit': 'pinch', 'ingredient': 'salt'}, {'quantity': '3', 'unit': 'teaspoons', 'ingredient': 'whole milk'}, {'quantity': None, 'unit': None, 'ingredient': 'sprinkles'}]",1 hr 15 mins,16
https://www.allrecipes.com/fudgy-black-forest-bars-recipe-8781403,Fudgy Black Forest Bars,"[{'quantity': '1', 'unit': 'cup', 'ingredient': 'salted butter,'}, {'quantity': '1 1/2', 'unit': 'cups', 'ingredient': 'white sugar'}, {'quantity': '2', 'unit': 'teaspoons', 'ingredient': 'vanilla extract'}, {'quantity': '4', 'unit': 'large', 'ingredient': 'eggs'}, {'quantity': '2', 'unit': 'cups', 'ingredient': 'all purpose flour'}, {'quantity': '1/2', 'unit': 'cup', 'ingredient': 'unsweetened triple chocolate baking cocoa'}, {'quantity': '1', 'unit': 'large', 'ingredient': 'dark chocolate bar, chopped into chunks (about 1 cup chunks)'}, {'quantity': '1', 'unit': '(21 ounce) can', 'ingredient': 'cherry pie filling'}, {'quantity': '1', 'unit': 'tablespoon', 'ingredient': 'confectioners sugar'}]",55 mins,10
https://www.allrecipes.com/recipe/15585/scotcharoos/,Scotcharoos,"[{'quantity': '1', 'unit': 'tablespoon', 'ingredient': 'unsalted butter, or as needed'}, {'quantity': '1 ½', 'unit': 'cups', 'ingredient': 'peanut butter'}, {'quantity': '1', 'unit': 'cup', 'ingredient': 'light corn syrup'}, {'quantity': '1', 'unit': 'cup', 'ingredient': 'white sugar'}, {'quantity': '6', 'unit': 'cups', 'ingredient': 'crisp rice cereal'}, {'quantity': '½', 'unit': 'cup', 'ingredient': 'semisweet chocolate chips'}, {'quantity': '½', 'unit': 'cup', 'ingredient': 'butterscotch chips'}]",50 mins,24
https://www.allrecipes.com/chocolate-chip-cookie-bars-recipe-8417110,Chocolate Chip Cookie Bars,"[{'quantity': 'baking spray', 'unit': None, 'ingredient': 'baking spray'}, {'quantity': '1 1/3', 'unit': 'cups', 'ingredient': 'white sugar'}, {'quantity': '2/3', 'unit': 'cup packed', 'ingredient': 'light brown sugar'}, {'quantity': '1', 'unit': 'cup', 'ingredient': 'unsalted butter'}, {'quantity': '2', 'unit': 'large', 'ingredient': 'eggs'}, {'quantity': '2', 'unit': 'teaspoon', 'ingredient': 'vanilla extract'}, {'quantity': '3', 'unit': 'cups', 'ingredient': 'all-purpose flour'}, {'quantity': '1', 'unit': 'teaspoon', 'ingredient': 'baking powder'}, {'quantity': '1', 'unit': 'teaspoon', 'ingredient': 'kosher salt'}, {'quantity': '3/4', 'unit': 'teaspoon', 'ingredient': 'baking soda'}, {'quantity': '2', 'unit': 'cups', 'ingredient': 'mini semisweet chocolate chips'}, {'quantity': '1', 'unit': 'cup', 'ingredient': 'chopped walnuts'}]",2 hrs 5 mins,12
https://www.allrecipes.com/malted-milk-funfetti-bars-recipe-8603260,Malted Milk Funfetti Bars,"[{'quantity': '4', 'unit': 'ounces', 'ingredient': 'cream cheese, at room temperature'}, {'quantity': '1', 'unit': 'cup', 'ingredient': 'brown sugar'}, {'quantity': '5', 'unit': 'tablespoons', 'ingredient': 'unsalted butter, melted and cooled slightly'}, {'quantity': '1', 'unit': 'large', 'ingredient': 'egg, at room temperature'}, {'quantity': '1 1/2', 'unit': 'teaspoons', 'ingredient': 'vanilla extract'}, {'quantity': '1/4', 'unit': 'teaspoon', 'ingredient': 'almond extract'}, {'quantity': '1 1/4', 'unit': 'cups', 'ingredient': 'all-purpose flour'}, {'quantity': '3/4', 'unit': 'cup', 'ingredient': 'malted milk powder'}, {'quantity': '3/4', 'unit': 'teaspoon', 'ingredient': 'salt'}, {'quantity': '1/4', 'unit': 'teaspoon', 'ingredient': 'baking soda'}, {'quantity': '3/4', 'unit': 'cup', 'ingredient': 'white chocolate chips'}, {'quantity': '1/3', 'unit': 'cup', 'ingredient': 'sprinkles'}]",35 mins,16
https://www.allrecipes.com/peppermint-mocha-cookie-bars-recipe-8423140,Peppermint Mocha Cookie Bars,"[{'quantity': '1/2', 'unit': 'cup', 'ingredient': 'white chocolate chips'}, {'quantity': '1/3', 'unit': 'cup', 'ingredient': 'heavy cream'}, {'quantity': '1/8', 'unit': 'teaspoon', 'ingredient': 'peppermint extract'}, {'quantity': '2', 'unit': 'tablespoons instant', 'ingredient': 'espresso powder'}, {'quantity': '2', 'unit': 'tablespoons', 'ingredient': 'water'}, {'quantity': '1', 'unit': 'cup', 'ingredient': 'all-purpose flour'}, {'quantity': '1/4', 'unit': 'cup', 'ingredient': 'unsweetened cocoa powder'}, {'quantity': '1/2', 'unit': 'teaspoon', 'ingredient': 'salt'}, {'quantity': '1/2', 'unit': 'teaspoon', 'ingredient': 'baking soda'}, {'quantity': '1/2', 'unit': 'teaspoon', 'ingredient': 'baking powder'}, {'quantity': '1/2', 'unit': 'cup', 'ingredient': 'unsalted butter, softened'}, {'quantity': '1/2', 'unit': 'cup', 'ingredient': 'white sugar'}, {'quantity': '1/4', 'unit': 'cup', 'ingredient': 'dark brown sugar'}, {'quantity': '1', 'unit': 'large', 'ingredient': 'egg, at room temperature'}, {'quantity': '1 1/2', 'unit': 'teaspoons', 'ingredient': 'vanilla extract'}, {'quantity': '1/2', 'unit': 'teaspoon', 'ingredient': 'peppermint extract'}, {'quantity': '1/2', 'unit': 'cup', 'ingredient': 'dark chocolate chips'}, {'quantity': '1/4', 'unit': 'cup', 'ingredient': 'candy canes'}]",2 hrs 15 mins,16
https://www.allrecipes.com/chocolate-peanut-butter-oat-bars-recipe-8722209,Chocolate-Peanut Butter Oat Bars,"[{'quantity': '1 1/2', 'unit': 'cups', 'ingredient': 'flour'}, {'quantity': '1', 'unit': 'cup', 'ingredient': 'rolled oats'}, {'quantity': '3/4', 'unit': 'cup', 'ingredient': 'pecans'}, {'quantity': '3/4', 'unit': 'cup', 'ingredient': 'white sugar'}, {'quantity': '1/2', 'unit': 'cup', 'ingredient': 'sweetened shredded coconut'}, {'quantity': '1/4', 'unit': 'cup packed', 'ingredient': 'dark brown sugar'}, {'quantity': '1', 'unit': 'teaspoon', 'ingredient': 'salt'}, {'quantity': '1', 'unit': 'cup', 'ingredient': 'unsalted butter, cut into 1/4-inch cubes'}, {'quantity': '1', 'unit': 'cup', 'ingredient': 'semisweet chocolate chips'}, {'quantity': '1/2', 'unit': 'cup', 'ingredient': 'creamy peanut butter'}]",2 hrs 45 mins,20
https://www.allrecipes.com/ritz-seven-layer-bars-recipe-8714820,Ritz Seven Layer Bars,"[{'quantity': '1 1/2', 'unit': 'cups', 'ingredient': 'buttery cracker crumbs,'}, {'quantity': '1/4', 'unit': 'cup', 'ingredient': 'butter'}, {'quantity': '1/2', 'unit': 'cup', 'ingredient': 'semisweet chocolate chips'}, {'quantity': '1/2', 'unit': 'cup', 'ingredient': 'butterscotch chips'}, {'quantity': '1/2', 'unit': 'cup', 'ingredient': 'chopped walnuts'}, {'quantity': '7', 'unit': 'ounces', 'ingredient': 'sweetened condensed milk'}, {'quantity': '3/4', 'unit': 'cups', 'ingredient': 'shredded coconut'}]",1 hr 5 mins,12
https://www.allrecipes.com/cherry-cornmeal-crumb-bars-recipe-7570645,Cherry Cornmeal Crumb Bars,"[{'quantity': '3', 'unit': 'cups', 'ingredient': 'sour cherries'}, {'quantity': '6', 'unit': 'tablespoons', 'ingredient': 'white sugar'}, {'quantity': '1 1/2', 'unit': 'tablespoons', 'ingredient': 'cornstarch'}, {'quantity': '1', 'unit': 'tablespoon', 'ingredient': 'fresh lemon juice'}, {'quantity': '1', 'unit': 'pinch', 'ingredient': 'salt'}, {'quantity': '1', 'unit': 'cup', 'ingredient': 'all-purpose flour'}, {'quantity': '3/4', 'unit': 'cup', 'ingredient': 'cornmeal'}, {'quantity': '1/2', 'unit': 'cup', 'ingredient': 'light brown sugar'}, {'quantity': '1/2', 'unit': 'teaspoon', 'ingredient': 'baking soda'}, {'quantity': '1/2', 'unit': 'teaspoon', 'ingredient': 'salt'}, {'quantity': '1/4', 'unit': 'teaspoon', 'ingredient': 'ground nutmeg'}, {'quantity': '1/2', 'unit': 'cup', 'ingredient': 'unsalted butter, melted and cooled'}, {'quantity': '1', 'unit': 'large', 'ingredient': 'egg yolk'}, {'quantity': '1 1/2', 'unit': 'teaspoons', 'ingredient': 'vanilla extract'}]",1 hr 25 mins,16
https://www.allrecipes.com/chocolate-peanut-butter-protein-bars-recipe-8421618,Chocolate Peanut Butter Protein Bars,"[{'quantity': '3/4', 'unit': 'cup', 'ingredient': 'peanut butter'}, {'quantity': '1/2', 'unit': 'cup', 'ingredient': 'vanilla protein powder'}, {'quantity': '2', 'unit': 'tablespoons', 'ingredient': 'maple syrup'}, {'quantity': '1', 'unit': 'teaspoon', 'ingredient': 'vanilla extract'}, {'quantity': '1/8', 'unit': 'teaspoon', 'ingredient': 'salt'}, {'quantity': '1/2', 'unit': 'cup', 'ingredient': 'semisweet chocolate chips'}, {'quantity': '1', 'unit': 'teaspoon', 'ingredient': 'coconut oil'}]",40 mins,8
https://www.allrecipes.com/ritz-crispy-treats-recipe-8418435,Ritz Crispy Treats,"[{'quantity': '80', 'unit': None, 'ingredient': 'Ritz crackers'}, {'quantity': '1/4', 'unit': 'cup', 'ingredient': 'butter'}, {'quantity': '1 (10', 'unit': 'ounce) bag', 'ingredient': 'mini marshmallows'}, {'quantity': '1', 'unit': 'teaspoon', 'ingredient': 'salt'}, {'quantity': '2', 'unit': 'tablespoons', 'ingredient': 'sprinkles'}]",1 hr,12 to 16
https://www.allrecipes.com/white-chocolate-cinnamon-toast-crunch-bars-recipe-7556790,White Chocolate Cinnamon Toast Crunch Bars,"[{'quantity': '3 1/4', 'unit': 'cups', 'ingredient': 'white chocolate chips'}, {'quantity': '2', 'unit': 'teaspoons', 'ingredient': 'ground cinnamon'}, {'quantity': '1', 'unit': 'cup', 'ingredient': 'innamon Toast Crunch'}]",20 mins,12
https://www.allrecipes.com/recipe/15347/caramel-shortbread-squares/,Caramel Shortbread Squares,"[{'quantity': '1 ¼', 'unit': 'cups', 'ingredient': 'all-purpose flour'}, {'quantity': '⅔', 'unit': 'cup', 'ingredient': 'unsalted butter, softened'}, {'quantity': '¼', 'unit': 'cup', 'ingredient': 'white sugar'}, {'quantity': '½', 'unit': 'cup', 'ingredient': 'unsalted butter'}, {'quantity': '½', 'unit': 'cup', 'ingredient': 'packed light brown sugar'}, {'quantity': '½', 'unit': 'cup', 'ingredient': 'sweetened condensed milk'}, {'quantity': '2', 'unit': 'tablespoons', 'ingredient': 'light corn syrup'}, {'quantity': '1 ¼', 'unit': 'cups', 'ingredient': 'milk chocolate chips'}]",3 hrs 15 mins,32
https://www.allrecipes.com/recipe/8537837/mocha-cookie-bars/,Mocha Cookie Bars,"[{'quantity': '1', 'unit': 'tablespoon', 'ingredient': 'instant espresso powder'}, {'quantity': '1', 'unit': 'tablespoon', 'ingredient': 'strong brewed coffee'}, {'quantity': '1', 'unit': 'cup', 'ingredient': 'all-purpose flour'}, {'quantity': '¼', 'unit': 'cup', 'ingredient': 'unsweetened cocoa powder'}, {'quantity': '½', 'unit': 'teaspoon', 'ingredient': 'cream of tartar'}, {'quantity': '½', 'unit': 'teaspoon', 'ingredient': 'baking soda'}, {'quantity': '½', 'unit': 'teaspoon', 'ingredient': 'salt'}, {'quantity': '¼', 'unit': 'teaspoon', 'ingredient': 'ground cinnamon'}, {'quantity': '½', 'unit': 'cup', 'ingredient': 'unsalted butter, softened'}, {'quantity': '½', 'unit': 'cup', 'ingredient': 'white sugar'}, {'quantity': '¼', 'unit': 'cup', 'ingredient': 'firmly packed brown sugar'}, {'quantity': '1', 'unit': 'large', 'ingredient': 'egg, at room temperature'}, {'quantity': '2', 'unit': 'teaspoons', 'ingredient': 'vanilla extract'}, {'quantity': '1', 'unit': 'tablespoon', 'ingredient': 'white sugar'}, {'quantity': '½', 'unit': 'teaspoon', 'ingredient': 'ground cinnamon'}]",45 mins,16
https://www.allrecipes.com/strawberry-white-chocolate-cookie-bars-recipe-7504944,Strawberry White Chocolate Cookie Bars,"[{'quantity': None, 'unit': None, 'ingredient': 'cooking spray'}, {'quantity': '1 3/4', 'unit': 'cups', 'ingredient': 'all-purpose flour'}, {'quantity': '1', 'unit': 'teaspoon', 'ingredient': 'baking powder'}, {'quantity': '2', 'unit': 'pinches', 'ingredient': 'salt, divided'}, {'quantity': '1 1/2', 'unit': 'cups', 'ingredient': 'unsalted butter, divided'}, {'quantity': '3/4', 'unit': 'cup', 'ingredient': 'white sugar'}, {'quantity': '1', 'unit': 'large', 'ingredient': 'egg'}, {'quantity': '1 1/2', 'unit': 'teaspoons', 'ingredient': 'vanilla extract, divided'}, {'quantity': '1/2', 'unit': 'cup', 'ingredient': 'white chocolate chips'}, {'quantity': '1 1/2', 'unit': 'cups', 'ingredient': 'fresh strawberries'}, {'quantity': '1', 'unit': 'teaspoon', 'ingredient': 'vegetable oil, or as needed'}, {'quantity': '2 1/2', 'unit': 'cups', 'ingredient': ""confectioners' sugar""}]",3 hrs 40 mins,16
https://www.allrecipes.com/oreo-cheesecake-bars-recipe-7497371,Oreo Cheesecake Bars,"[{'quantity': None, 'unit': None, 'ingredient': 'nonstick cooking spray'}, {'quantity': '1', 'unit': '(19.1-ounce) package', 'ingredient': 'chocolate sandwich cookies with white filling'}, {'quantity': '1/4', 'unit': 'cup', 'ingredient': 'salted butter'}, {'quantity': '3', 'unit': '(8-ounce) packages', 'ingredient': 'cream cheese, softened'}, {'quantity': '1', 'unit': 'cup', 'ingredient': 'sugar'}, {'quantity': '3/4', 'unit': 'cup', 'ingredient': 'sour cream'}, {'quantity': '3', 'unit': 'large', 'ingredient': 'eggs'}, {'quantity': '1', 'unit': 'teaspoon', 'ingredient': 'vanilla extract'}, {'quantity': '1/4', 'unit': 'teaspoon', 'ingredient': 'salt'}]",4 hrs 5 mins,48
https://www.allrecipes.com/banana-snickerdoodle-bars-recipe-7255290,Banana Snickerdoodle Bars,"[{'quantity': '1 1/4', 'unit': 'cups', 'ingredient': 'all-purpose flour'}, {'quantity': '3/4', 'unit': 'teaspoon', 'ingredient': 'cream of tartar'}, {'quantity': '1/2', 'unit': 'teaspoon', 'ingredient': 'baking soda'}, {'quantity': '1/4', 'unit': 'teaspoon', 'ingredient': 'salt'}, {'quantity': '1/4', 'unit': 'teaspoon', 'ingredient': 'ground cinnamon'}, {'quantity': '1/8', 'unit': 'teaspoon', 'ingredient': 'ground nutmeg'}, {'quantity': '1/2', 'unit': 'cup', 'ingredient': 'unsalted butter, softened'}, {'quantity': '1/2', 'unit': 'cup', 'ingredient': 'white sugar'}, {'quantity': '1/4', 'unit': 'cup', 'ingredient': 'brown sugar'}, {'quantity': '1/2', 'unit': 'cup', 'ingredient': 'banana'}, {'quantity': '2', 'unit': 'teaspoons', 'ingredient': 'vanilla extract'}, {'quantity': '1', 'unit': 'tablespoon', 'ingredient': 'white sugar'}, {'quantity': '1/2', 'unit': 'teaspoon', 'ingredient': 'ground cinnamon'}]",45 mins,16 servings
https://www.allrecipes.com/recipe/8537902/snickerdoodle-bars/,Snickerdoodle Bars,"[{'quantity': '½', 'unit': 'cup', 'ingredient': 'unsalted butter, softened'}, {'quantity': '½', 'unit': 'cup', 'ingredient': 'white sugar'}, {'quantity': '¼', 'unit': 'cup', 'ingredient': 'firmly packed brown sugar'}, {'quantity': '1', 'unit': 'large', 'ingredient': 'egg, at room temperature'}, {'quantity': '2', 'unit': 'teaspoons', 'ingredient': 'vanilla extract'}, {'quantity': '1 ¼', 'unit': 'cups', 'ingredient': 'all-purpose flour'}, {'quantity': '½', 'unit': 'teaspoon', 'ingredient': 'cream of tartar'}, {'quantity': '½', 'unit': 'teaspoon', 'ingredient': 'baking soda'}, {'quantity': '½', 'unit': 'teaspoon', 'ingredient': 'salt'}, {'quantity': '¼', 'unit': 'teaspoon', 'ingredient': 'ground cinnamon, divided'}, {'quantity': '⅛', 'unit': 'teaspoon', 'ingredient': 'ground nutmeg'}, {'quantity': '1', 'unit': 'tablespoon', 'ingredient': 'white sugar'}, {'quantity': '½', 'unit': 'teaspoon', 'ingredient': 'ground cinnamon'}]",1 hr 30 mins,16
https://www.allrecipes.com/recipe/8535610/samoa-cookie-bars/,Samoa Cookie Bars,"[{'quantity': '', 'unit': '', 'ingredient': 'cooking spray'}, {'quantity': '1 ½', 'unit': 'cups', 'ingredient': 'flour'}, {'quantity': '1', 'unit': 'tablespoon', 'ingredient': 'cornstarch'}, {'quantity': '½', 'unit': 'teaspoon', 'ingredient': 'baking powder'}, {'quantity': '½', 'unit': 'teaspoon', 'ingredient': 'salt'}, {'quantity': '½', 'unit': 'cup', 'ingredient': 'butter, softened'}, {'quantity': '¼', 'unit': 'cup', 'ingredient': 'white sugar'}, {'quantity': '¼', 'unit': 'cup', 'ingredient': 'packed brown sugar'}, {'quantity': '1', 'unit': 'large', 'ingredient': 'egg yolk'}, {'quantity': '1', 'unit': 'teaspoon', 'ingredient': 'vanilla extract'}, {'quantity': '1', 'unit': '(13.4 ounce) can', 'ingredient': 'dulce de leche'}, {'quantity': '3', 'unit': 'tablespoons', 'ingredient': 'milk'}, {'quantity': '1', 'unit': '(14 ounce) package', 'ingredient': 'sweetened flaked coconut'}, {'quantity': '1', 'unit': '(12 ounce) bag', 'ingredient': 'semisweet chocolate chips, divided'}]",1 hr 50 mins,24
https://www.allrecipes.com/recipe/9889/seven-layer-bars/,Seven Layer Bars,"[{'quantity': '½', 'unit': 'cup', 'ingredient': 'unsalted butter'}, {'quantity': '1 ½', 'unit': 'cups', 'ingredient': 'graham cracker crumbs'}, {'quantity': '1', 'unit': 'cup', 'ingredient': 'semisweet chocolate chips'}, {'quantity': '1', 'unit': 'cup', 'ingredient': 'butterscotch chips'}, {'quantity': '1', 'unit': 'cup', 'ingredient': 'chopped walnuts'}, {'quantity': '1', 'unit': '(14 ounce) can', 'ingredient': 'sweetened condensed milk'}, {'quantity': '1 ⅓', 'unit': 'cups', 'ingredient': 'shredded coconut'}]",1 hr,36
https://www.allrecipes.com/recipe/169305/sopapilla-cheesecake-pie/,Sopapilla Cheesecake Pie,"[{'quantity': None, 'unit': None, 'ingredient': 'cooking spray'}, {'quantity': '2', 'unit': '(8 ounce) packages', 'ingredient': 'cream cheese, softened'}, {'quantity': '1 ¾', 'unit': 'cups', 'ingredient': 'white sugar, divided'}, {'quantity': '1', 'unit': 'teaspoon', 'ingredient': 'Mexican vanilla extract'}, {'quantity': '2', 'unit': '(8 ounce) cans', 'ingredient': 'refrigerated crescent rolls'}, {'quantity': '½', 'unit': 'cup', 'ingredient': 'butter, room temperature'}, {'quantity': '1', 'unit': 'teaspoon', 'ingredient': 'ground cinnamon'}, {'quantity': '¼', 'unit': 'cup', 'ingredient': 'honey'}]",2 hrs 50 mins,12
https://www.allrecipes.com/recipe/63959/magic-cookie-bars-from-eagle-brand/,Magic Cookie Bars from Eagle Brand,"[{'quantity': '1 ½', 'unit': 'cups', 'ingredient': 'graham cracker crumbs'}, {'quantity': '½', 'unit': 'cup', 'ingredient': 'butter, melted'}, {'quantity': '1', 'unit': '(14 ounce) can', 'ingredient': 'Eagle Brand Sweetened Condensed Milk'}, {'quantity': '2', 'unit': 'cups', 'ingredient': 'semisweet chocolate morsels'}, {'quantity': '1 ⅓', 'unit': 'cups', 'ingredient': 'flaked coconut'}, {'quantity': '1', 'unit': 'cup', 'ingredient': 'chopped nuts'}]",40 mins,36
https://www.allrecipes.com/recipe/9999/peanut-butter-bars-i/,Peanut Butter Bars,"[{'quantity': '2', 'unit': 'cups', 'ingredient': 'graham cracker crumbs'}, {'quantity': '2', 'unit': 'cups', 'ingredient': ""confectioners' sugar""}, {'quantity': '1', 'unit': 'cup', 'ingredient': 'butter or margarine, melted'}, {'quantity': '1', 'unit': 'cup', 'ingredient': 'peanut butter'}, {'quantity': '1 ½', 'unit': 'cups', 'ingredient': 'semisweet chocolate chips'}, {'quantity': '4', 'unit': 'tablespoons', 'ingredient': 'peanut butter'}]",1 hr 25 mins,12
https://www.allrecipes.com/recipe/25832/cream-cheese-squares/,Cream Cheese Squares,"[{'quantity': '2', 'unit': '(8 ounce) cans', 'ingredient': 'refrigerated crescent roll dough'}, {'quantity': '2', 'unit': '(8 ounce) packages', 'ingredient': 'cream cheese, softened'}, {'quantity': '1 ¼', 'unit': 'cups', 'ingredient': 'white sugar, divided'}, {'quantity': '1', 'unit': 'teaspoon', 'ingredient': 'vanilla extract'}, {'quantity': '½', 'unit': 'cup', 'ingredient': 'butter, melted'}, {'quantity': '1', 'unit': 'teaspoon', 'ingredient': 'ground cinnamon'}]",35 mins,24
https://www.allrecipes.com/recipe/11298/grammas-date-squares/,Gramma's Date Squares,"[{'quantity': '1 ½', 'unit': 'cups', 'ingredient': 'rolled oats'}, {'quantity': '1 ½', 'unit': 'cups', 'ingredient': 'sifted pastry flour'}, {'quantity': '1 ⅓', 'unit': 'cups', 'ingredient': 'packed brown sugar, divided'}, {'quantity': '¾', 'unit': 'teaspoon', 'ingredient': 'baking soda'}, {'quantity': '¼', 'unit': 'teaspoon', 'ingredient': 'salt'}, {'quantity': '¾', 'unit': 'cup', 'ingredient': 'butter, softened'}, {'quantity': '¾', 'unit': 'pound', 'ingredient': 'pitted dates, diced'}, {'quantity': '1', 'unit': 'cup', 'ingredient': 'water'}, {'quantity': '1', 'unit': 'teaspoon', 'ingredient': 'lemon juice'}]",50 mins,12
https://www.allrecipes.com/recipe/238654/brookies-brownie-cookies/,Brookies (Brownie Cookies),"[{'quantity': '1/2', 'unit': 'cup', 'ingredient': 'butter, softened'}, {'quantity': '1/2', 'unit': 'cup', 'ingredient': 'light brown sugar'}, {'quantity': '1/4', 'unit': '1/4cup', 'ingredient': 'white sugar'}, {'quantity': '1/2', 'unit': 'teaspoon', 'ingredient': 'vanilla extract'}, {'quantity': '1', 'unit': 'large', 'ingredient': 'egg'}, {'quantity': '1 1/4', 'unit': 'cups', 'ingredient': 'all-purpose flour'}, {'quantity': '1/2', 'unit': 'teaspoon', 'ingredient': 'salt'}, {'quantity': '1/2', 'unit': 'teaspoon', 'ingredient': 'baking soda'}, {'quantity': '1', 'unit': 'cup', 'ingredient': 'semisweet chocolate chips'}, {'quantity': '1', 'unit': 'cup', 'ingredient': 'white sugar'}, {'quantity': '1/2', 'unit': 'cup', 'ingredient': 'butter, melted'}, {'quantity': '1', 'unit': 'teaspoon', 'ingredient': 'vanilla extract'}, {'quantity': '2', 'unit': '', 'ingredient': 'eggs'}, {'quantity': '1/3', 'unit': 'cup', 'ingredient': 'cocoa powder'}, {'quantity': '1/2', 'unit': 'cup', 'ingredient': 'all-purpose flour'}, {'quantity': '1/4', 'unit': 'teaspoon', 'ingredient': 'baking powder'}, {'quantity': '1/8', 'unit': 'teaspoon', 'ingredient': 'salt'}]",40 mins,20
https://www.allrecipes.com/recipe/68436/vegan-brownies/,Vegan Brownies,"[{'quantity': '2', 'unit': 'cups', 'ingredient': 'all-purpose flour'}, {'quantity': '2', 'unit': 'cups', 'ingredient': 'granulated white sugar'}, {'quantity': '¾', 'unit': 'cup', 'ingredient': 'good-quality unsweetened cocoa powder, sifted'}, {'quantity': '1', 'unit': 'teaspoon', 'ingredient': 'baking powder'}, {'quantity': '¾', 'unit': 'teaspoon', 'ingredient': 'salt'}, {'quantity': '1', 'unit': 'cup', 'ingredient': 'hot water or coffee'}, {'quantity': '½', 'unit': 'cup', 'ingredient': 'vegetable oil'}, {'quantity': '2', 'unit': 'teaspoons', 'ingredient': 'vanilla extract'}]",55 mins,15
https://www.allrecipes.com/recipe/10177/blonde-brownies-i/,Blonde Brownies,"[{'quantity': '1', 'unit': 'cup', 'ingredient': 'sifted all-purpose flour'}, {'quantity': '½', 'unit': 'teaspoon', 'ingredient': 'baking powder'}, {'quantity': '½', 'unit': 'teaspoon', 'ingredient': 'salt'}, {'quantity': '⅛', 'unit': 'teaspoon', 'ingredient': 'baking soda'}, {'quantity': '½', 'unit': 'cup', 'ingredient': 'chopped walnuts'}, {'quantity': '1', 'unit': 'cup', 'ingredient': 'packed brown sugar'}, {'quantity': '⅓', 'unit': 'cup', 'ingredient': 'butter, melted'}, {'quantity': '1', 'unit': 'large', 'ingredient': 'egg, beaten'}, {'quantity': '1', 'unit': 'tablespoon', 'ingredient': 'vanilla extract'}, {'quantity': '⅔', 'unit': 'cup', 'ingredient': 'semisweet chocolate chips'}]",50 mins,6
https://www.allrecipes.com/recipe/10063/church-windows-i/,Church Window Cookies,"[{'quantity': '½', 'unit': 'cup', 'ingredient': 'butter'}, {'quantity': '2', 'unit': 'cups', 'ingredient': 'semisweet chocolate chips'}, {'quantity': '1', 'unit': '(10 ounce) package', 'ingredient': 'rainbow colored miniature marshmallows'}, {'quantity': '2', 'unit': 'cups', 'ingredient': 'sweetened flaked coconut'}, {'quantity': None, 'unit': None, 'ingredient': 'parchment paper'}]",2 hrs 25 mins,48
https://www.allrecipes.com/recipe/10707/mmm-mmm-better-brownies/,Mmm-Mmm Better Brownies,"[{'quantity': '1', 'unit': 'cup', 'ingredient': 'white sugar'}, {'quantity': '½', 'unit': 'cup', 'ingredient': 'vegetable oil'}, {'quantity': '1', 'unit': 'teaspoon', 'ingredient': 'vanilla extract'}, {'quantity': '2', 'unit': '', 'ingredient': 'eggs'}, {'quantity': '½', 'unit': 'cup', 'ingredient': 'all-purpose flour'}, {'quantity': '⅓', 'unit': 'cup', 'ingredient': 'unsweetened cocoa powder'}, {'quantity': '¼', 'unit': 'teaspoon', 'ingredient': 'baking powder'}, {'quantity': '¼', 'unit': 'teaspoon', 'ingredient': 'salt'}, {'quantity': '½', 'unit': 'cup', 'ingredient': 'chopped walnuts (Optional)'}]",40 mins,16
https://www.allrecipes.com/recipe/11504/chewy-peanut-butter-brownies/,Chewy Peanut Butter Brownies,"[{'quantity': '½', 'unit': 'cup', 'ingredient': 'peanut butter'}, {'quantity': '⅓', 'unit': 'cup', 'ingredient': 'margarine, softened'}, {'quantity': '⅔', 'unit': 'cup', 'ingredient': 'white sugar'}, {'quantity': '½', 'unit': 'cup', 'ingredient': 'packed brown sugar'}, {'quantity': '2', 'unit': 'large', 'ingredient': 'egg'}, {'quantity': '½', 'unit': 'teaspoon', 'ingredient': 'vanilla extract'}, {'quantity': '1', 'unit': 'cup', 'ingredient': 'all-purpose flour'}, {'quantity': '1', 'unit': 'teaspoon', 'ingredient': 'baking powder'}, {'quantity': '¼', 'unit': 'teaspoon', 'ingredient': 'salt'}]",45 mins,16
https://www.allrecipes.com/recipe/13564/pecan-pie-bars-i/,Pecan Pie Bars,"[{'quantity': '3', 'unit': 'cups', 'ingredient': 'all-purpose flour'}, {'quantity': '½', 'unit': 'cup', 'ingredient': 'white sugar'}, {'quantity': '½', 'unit': 'teaspoon', 'ingredient': 'salt'}, {'quantity': '1', 'unit': 'cup', 'ingredient': 'butter or margarine'}, {'quantity': '1 ½', 'unit': 'cups', 'ingredient': 'light corn syrup'}, {'quantity': '1 ½', 'unit': 'cups', 'ingredient': 'white sugar'}, {'quantity': '4', 'unit': 'large', 'ingredient': 'eggs'}, {'quantity': '3', 'unit': 'tablespoons', 'ingredient': 'butter or margarine, melted'}, {'quantity': '1 ½', 'unit': 'teaspoons', 'ingredient': 'vanilla extract'}, {'quantity': '2 ½', 'unit': 'cups', 'ingredient': 'chopped pecans'}]",1 hr 5 mins,36
https://www.allrecipes.com/recipe/235142/hello-dolly-bars/,Hello Dolly Bars,"[{'quantity': '1 ½', 'unit': 'cups', 'ingredient': 'graham cracker crumbs'}, {'quantity': '½', 'unit': 'cup', 'ingredient': 'butter, melted'}, {'quantity': '1', 'unit': '(14 ounce) can', 'ingredient': 'sweetened condensed milk'}, {'quantity': '1 ½', 'unit': 'cups', 'ingredient': 'semisweet chocolate chips'}, {'quantity': '1', 'unit': 'cup', 'ingredient': 'chopped walnuts'}, {'quantity': '1', 'unit': 'cup', 'ingredient': 'shredded coconut'}, {'quantity': '½', 'unit': 'cup', 'ingredient': 'white chocolate chips'}]",35 mins,24
https://www.allrecipes.com/recipe/25080/mmmmm-brownies/,MMMMM... Brownies,"[{'quantity': '½', 'unit': 'cup', 'ingredient': 'white sugar'}, {'quantity': '2', 'unit': 'tablespoons', 'ingredient': 'butter'}, {'quantity': '2', 'unit': 'tablespoons', 'ingredient': 'water'}, {'quantity': '1 ½', 'unit': 'cups', 'ingredient': 'semisweet chocolate chips'}, {'quantity': '2', 'unit': 'large', 'ingredient': 'eggs, beaten'}, {'quantity': '½', 'unit': 'teaspoon', 'ingredient': 'vanilla extract'}, {'quantity': '⅔', 'unit': 'cup', 'ingredient': 'all-purpose flour'}, {'quantity': '½', 'unit': 'teaspoon', 'ingredient': 'salt'}, {'quantity': '¼', 'unit': 'teaspoon', 'ingredient': 'baking soda'}]",1 hr,16
https://www.allrecipes.com/recipe/11314/delicious-raspberry-oatmeal-cookie-bars/,Delicious Raspberry Oatmeal Cookie Bars,"[{'quantity': '1', 'unit': 'cup', 'ingredient': 'all-purpose flour'}, {'quantity': '1', 'unit': 'cup', 'ingredient': 'rolled oats'}, {'quantity': '½', 'unit': 'cup', 'ingredient': 'packed light brown sugar'}, {'quantity': '¼', 'unit': 'teaspoon', 'ingredient': 'baking soda'}, {'quantity': '⅛', 'unit': 'teaspoon', 'ingredient': 'salt'}, {'quantity': '½', 'unit': 'cup', 'ingredient': 'butter, softened'}, {'quantity': '¾', 'unit': 'cup', 'ingredient': 'seedless raspberry jam'}]",50 mins,9
https://www.allrecipes.com/recipe/25112/zucchini-brownies/,Zucchini Brownies,"[{'quantity': '1 ½', 'unit': 'cups', 'ingredient': 'white sugar'}, {'quantity': '½', 'unit': 'cup', 'ingredient': 'vegetable oil'}, {'quantity': '2', 'unit': 'teaspoons', 'ingredient': 'vanilla extract'}, {'quantity': '2', 'unit': 'cups', 'ingredient': 'all-purpose flour'}, {'quantity': '½', 'unit': 'cup', 'ingredient': 'unsweetened cocoa powder'}, {'quantity': '1 ½', 'unit': 'teaspoons', 'ingredient': 'baking soda'}, {'quantity': '1', 'unit': 'teaspoon', 'ingredient': 'salt'}, {'quantity': '2', 'unit': 'cups', 'ingredient': 'shredded zucchini'}, {'quantity': '½', 'unit': 'cup', 'ingredient': 'chopped walnuts'}, {'quantity': '6', 'unit': 'tablespoons', 'ingredient': 'unsweetened cocoa powder'}, {'quantity': '¼', 'unit': 'cup', 'ingredient': 'butter or margarine'}, {'quantity': '2', 'unit': 'cups', 'ingredient': ""confectioners' sugar""}, {'quantity': '¼', 'unit': 'cup', 'ingredient': 'milk'}, {'quantity': '½', 'unit': 'teaspoon', 'ingredient': 'vanilla extract'}]",1 hr,24
https://www.allrecipes.com/slow-cooker-brisket-tacos-recipe-11696165,Slow Cooker Brisket Tacos,"[{'quantity': '2', 'unit': 'cups', 'ingredient': 'beef broth, or more as needed, divided'}, {'quantity': '1', 'unit': '(10-ounce) can', 'ingredient': 'enchilada sauce'}, {'quantity': '2', 'unit': 'tablespoons', 'ingredient': 'tomato paste'}, {'quantity': '4', 'unit': 'cloves', 'ingredient': 'garlic, minced'}, {'quantity': '1', 'unit': 'teaspoon', 'ingredient': 'dried thyme'}, {'quantity': '1', 'unit': None, 'ingredient': 'bay leaf'}, {'quantity': '2', 'unit': 'tablespoons', 'ingredient': 'chili powder'}, {'quantity': '2', 'unit': 'teaspoons', 'ingredient': 'onion powder'}, {'quantity': '1', 'unit': 'teaspoon', 'ingredient': 'garlic powder'}, {'quantity': '1', 'unit': 'teaspoon', 'ingredient': 'ground cumin'}, {'quantity': '1', 'unit': 'teaspoon', 'ingredient': 'salt'}, {'quantity': '1', 'unit': 'medium', 'ingredient': 'onion, halfed and sliced, divided'}, {'quantity': '1', 'unit': None, 'ingredient': 'poblano pepper, seeds removed and sliced, divided'}, {'quantity': '3', 'unit': 'pounds', 'ingredient': 'beef brisket, flat cut; fat trimmed'}, {'quantity': '1', 'unit': 'tablespoon', 'ingredient': 'lime juice'}, {'quantity': '24', 'unit': '(6-inch)', 'ingredient': 'corn tortillas'}]",4 hrs 35 mins,12
https://www.allrecipes.com/one-pan-cheeseburger-rice-recipe-11703787,One-Pan Cheeseburger Rice,"[{'quantity': '1', 'unit': 'tablespoon', 'ingredient': 'oil'}, {'quantity': '1/2', 'unit': 'medium', 'ingredient': 'onion'}, {'quantity': '1', 'unit': 'pound', 'ingredient': 'ground turkey or ground beef'}, {'quantity': '1', 'unit': 'teaspoon', 'ingredient': 'kosher salt'}, {'quantity': '3/4', 'unit': 'teaspoon', 'ingredient': 'pepper'}, {'quantity': '1/2', 'unit': 'teaspoon', 'ingredient': 'garlic powder'}, {'quantity': '4', 'unit': 'tablespoons', 'ingredient': 'ketchup'}, {'quantity': '2 1/2', 'unit': 'tablespoons', 'ingredient': 'Worcestershire sauce'}, {'quantity': '1', 'unit': '(14.5 ounce) can', 'ingredient': 'beef broth'}, {'quantity': '1/4', 'unit': 'cup', 'ingredient': 'water'}, {'quantity': '1', 'unit': 'cup', 'ingredient': 'rice'}, {'quantity': '3', 'unit': 'tablespoons', 'ingredient': 'mayonnaise'}, {'quantity': '2', 'unit': 'teaspoons', 'ingredient': 'yellow mustard'}, {'quantity': '8', 'unit': 'ounces', 'ingredient': 'Cheddar cheese,'}, {'quantity': None, 'unit': None, 'ingredient': 'dill pickles'}]",35 mins,4
https://www.allrecipes.com/recipe/269524/instant-pot-ground-beef-and-pasta/,Instant Pot® Ground Beef and Pasta,"[{'quantity': '1 ½', 'unit': 'pounds', 'ingredient': 'ground beef'}, {'quantity': '2', 'unit': 'teaspoons', 'ingredient': 'Italian seasoning'}, {'quantity': '1', 'unit': 'teaspoon', 'ingredient': 'kosher salt'}, {'quantity': '½', 'unit': '', 'ingredient': 'onion, chopped'}, {'quantity': '2', 'unit': 'cloves', 'ingredient': 'garlic, minced'}, {'quantity': '1', 'unit': '(16 ounce) package', 'ingredient': 'cavatelli pasta'}, {'quantity': '1', 'unit': '(15 ounce) can', 'ingredient': 'tomato sauce'}, {'quantity': '1', 'unit': '(8 ounce) can', 'ingredient': 'tomato sauce'}, {'quantity': '2', 'unit': 'cups', 'ingredient': 'beef broth'}, {'quantity': '6', 'unit': 'ounces', 'ingredient': 'grated sharp Cheddar cheese'}, {'quantity': '2', 'unit': 'cups', 'ingredient': 'baby spinach'}, {'quantity': '½', 'unit': 'cup', 'ingredient': 'heavy cream'}]",55 mins,8
https://www.allrecipes.com/slow-cooker-shepherd-s-pie-recipe-11695630,Slow Cooker Shepherd’s Pie,"[{'quantity': '2', 'unit': 'pounds', 'ingredient': '85% lean ground beef'}, {'quantity': '1', 'unit': 'cup', 'ingredient': 'onion'}, {'quantity': '3', 'unit': 'cloves', 'ingredient': 'garlic, minced'}, {'quantity': '1', 'unit': '(12-ounce) package', 'ingredient': 'frozen mixed vegetables'}, {'quantity': '1 1/2', 'unit': 'cups', 'ingredient': 'beef broth'}, {'quantity': '1/4', 'unit': 'cup', 'ingredient': 'tomato paste'}, {'quantity': '1', 'unit': 'tablespoon', 'ingredient': 'orcestershire sauce'}, {'quantity': '1', 'unit': 'tablespoon', 'ingredient': 'tapioca, finely crushed'}, {'quantity': '1', 'unit': 'teaspoon', 'ingredient': 'talian seasoning'}, {'quantity': '1/2', 'unit': 'teaspoon', 'ingredient': 'salt'}, {'quantity': '1/2', 'unit': 'teaspoon', 'ingredient': 'ground black pepper'}, {'quantity': '2', 'unit': '(24-ounce) packages', 'ingredient': 'refrigerated mashed potatoes'}, {'quantity': '1', 'unit': 'cup', 'ingredient': 'shredded Cheddar cheese'}, {'quantity': None, 'unit': None, 'ingredient': 'paprika to taste'}, {'quantity': None, 'unit': None, 'ingredient': 'chopped fresh parsley for garnish'}]",3 hrs 35 mins,8
https://www.allrecipes.com/easiest-sheet-pan-tacos-recipe-11700898,Easiest Sheet Pan Tacos,"[{'quantity': '2', 'unit': 'tablespoons', 'ingredient': 'olive oil'}, {'quantity': '1', 'unit': 'pound', 'ingredient': 'ground beef'}, {'quantity': '1/4', 'unit': 'cup', 'ingredient': 'onion'}, {'quantity': '4', 'unit': 'ounces', 'ingredient': 'green chiles'}, {'quantity': '1', 'unit': 'teaspoon', 'ingredient': 'chili powder'}, {'quantity': '1/2', 'unit': 'teaspoon', 'ingredient': 'cumin'}, {'quantity': '1/4', 'unit': 'teaspoon', 'ingredient': 'garlic powder'}, {'quantity': '3/4', 'unit': 'teaspoon', 'ingredient': 'kosher salt'}, {'quantity': '10', 'unit': None, 'ingredient': 'corn tortillas'}, {'quantity': '1', 'unit': 'cup', 'ingredient': 'refried beans (optional)'}, {'quantity': '1', 'unit': 'cup', 'ingredient': 'Cheddar cheese'}, {'quantity': None, 'unit': None, 'ingredient': 'toppings: cilantro, sour cream, salsa, guacamole or hot sauce (optional)'}]",40 mins,5
https://www.allrecipes.com/creamy-beef-and-bow-tie-pasta-recipe-11698660,Creamy Beef and Bow Tie Pasta,"[{'quantity': '6', 'unit': 'ounces', 'ingredient': 'bowtie pasta (farfalle)'}, {'quantity': '1', 'unit': 'pound', 'ingredient': '85% lean ground beef'}, {'quantity': '1/2', 'unit': None, 'ingredient': 'white onion, finely diced'}, {'quantity': '1', 'unit': '(1.5 ounce) packet', 'ingredient': 'beef Stroganoff sauce seasoning'}, {'quantity': '1', 'unit': 'cup', 'ingredient': 'water'}, {'quantity': '2', 'unit': 'teaspoons', 'ingredient': 'Worcestershire sauce'}, {'quantity': '1/2', 'unit': 'teaspoon', 'ingredient': 'garlic powder'}, {'quantity': '1/2', 'unit': 'teaspoon', 'ingredient': 'black pepper'}, {'quantity': '1/2', 'unit': 'can', 'ingredient': 'cream of mushroom soup'}, {'quantity': '1/2', 'unit': 'cup', 'ingredient': 'sour cream'}, {'quantity': None, 'unit': None, 'ingredient': 'chopped parsley, for garnish (optional)'}]",35 mins,4
https://www.allrecipes.com/fajita-cheeseburger-recipe-11701282,Fajita Cheeseburger,"[{'quantity': '1', 'unit': 'teaspoon', 'ingredient': 'chili powder'}, {'quantity': '1', 'unit': 'teaspoon', 'ingredient': 'smoked paprika'}, {'quantity': '1/2', 'unit': 'teaspoon', 'ingredient': 'cayenne pepper'}, {'quantity': '1', 'unit': 'teaspoon', 'ingredient': 'ground cumin'}, {'quantity': '1/2', 'unit': 'teaspoon', 'ingredient': 'dried Mexican oregano'}, {'quantity': '1/2', 'unit': 'teaspoon', 'ingredient': 'garlic powder'}, {'quantity': '1/2', 'unit': 'teaspoon', 'ingredient': 'onion powder'}, {'quantity': '6', 'unit': 'ounces', 'ingredient': 'ground beef'}, {'quantity': None, 'unit': None, 'ingredient': 'salt and freshly ground black pepper'}, {'quantity': '2', 'unit': 'teaspoons', 'ingredient': 'unsalted butter'}, {'quantity': '1', 'unit': 'tablespoon', 'ingredient': 'olive oil'}, {'quantity': '1', 'unit': None, 'ingredient': 'jalapeno'}, {'quantity': '1/2', 'unit': None, 'ingredient': 'tomato'}, {'quantity': '1/4', 'unit': None, 'ingredient': 'red onion'}, {'quantity': '1', 'unit': None, 'ingredient': 'hamburger bun'}, {'quantity': '2', 'unit': 'tablespoons', 'ingredient': 'mayonnaise'}, {'quantity': '1', 'unit': 'slice', 'ingredient': 'Monterey Jack cheese'}]",30 mins,1
https://www.allrecipes.com/dump-and-bake-meatball-casserole-recipe-11695447,Dump and Bake Meatball Casserole,"[{'quantity': '12', 'unit': 'ounces', 'ingredient': 'rotini pasta'}, {'quantity': '2 1/2', 'unit': 'cups', 'ingredient': 'water'}, {'quantity': '1', 'unit': '(24-ounce) jar', 'ingredient': 'marinara sauce'}, {'quantity': '1', 'unit': '(14-ounce)', 'ingredient': 'frozen meatballs, thawed'}, {'quantity': '1', 'unit': 'cup', 'ingredient': 'bell pepper'}, {'quantity': '1', 'unit': 'teaspoon', 'ingredient': 'salt'}, {'quantity': '2', 'unit': 'cups', 'ingredient': 'shredded mozzarella cheese, divided'}, {'quantity': '1/4', 'unit': 'cup', 'ingredient': 'grated Parmesan cheese'}, {'quantity': None, 'unit': None, 'ingredient': 'chopped fresh herbs, such as parsley or basil'}]",45 mins,8
https://www.allrecipes.com/polish-cabbage-roll-soup-recipe-11699185,Polish Cabbage Roll Soup,"[{'quantity': '1/2', 'unit': 'cup', 'ingredient': 'unsalted butter'}, {'quantity': '1', 'unit': None, 'ingredient': 'yellow onion,'}, {'quantity': '2 1/2', 'unit': 'teaspoons', 'ingredient': 'kosher salt'}, {'quantity': '1', 'unit': 'pound', 'ingredient': 'ground beef'}, {'quantity': '3', 'unit': None, 'ingredient': 'cloves garlic'}, {'quantity': '1', 'unit': 'teaspoon', 'ingredient': 'ground black pepper'}, {'quantity': '1', 'unit': 'pinch', 'ingredient': 'cayenne pepper'}, {'quantity': '1', 'unit': None, 'ingredient': 'bay leaf'}, {'quantity': '2 1/2', 'unit': 'cups', 'ingredient': 'beef broth'}, {'quantity': '3', 'unit': 'cups', 'ingredient': 'crushed or puréed tomatoes'}, {'quantity': '1 1/2', 'unit': 'cups', 'ingredient': 'water'}, {'quantity': '2 1/2', 'unit': 'pounds', 'ingredient': 'green cabbage'}, {'quantity': '1', 'unit': 'cup', 'ingredient': 'long grain white rice'}, {'quantity': '3/4', 'unit': 'cup chopped', 'ingredient': 'Italian parsley,'}]",1 hr,8
https://www.allrecipes.com/oxtail-rendang-curry-recipe-11696182,Oxtail Rendang Curry,"[{'quantity': '4', 'unit': 'pounds', 'ingredient': 'oxtail'}, {'quantity': '3', 'unit': 'tablespoons', 'ingredient': 'vegetable oil,'}, {'quantity': '4', 'unit': None, 'ingredient': 'shallots'}, {'quantity': '6', 'unit': None, 'ingredient': 'cloves garlic'}, {'quantity': '1', 'unit': '(2 inch) piece', 'ingredient': 'ginger root'}, {'quantity': '1', 'unit': '(2 inch) piece', 'ingredient': 'galangal root'}, {'quantity': '2', 'unit': None, 'ingredient': 'jalapeno peppers'}, {'quantity': '2', 'unit': None, 'ingredient': 'chilies'}, {'quantity': '4', 'unit': 'teaspoons', 'ingredient': 'kosher salt'}, {'quantity': '1', 'unit': 'teaspoon', 'ingredient': 'ground coriander'}, {'quantity': '1/2', 'unit': 'teaspoon', 'ingredient': 'turmeric'}, {'quantity': '1', 'unit': 'tablespoon', 'ingredient': 'chili flakes'}, {'quantity': '1/4', 'unit': 'teaspoon', 'ingredient': 'ground nutmeg'}, {'quantity': '1/4', 'unit': 'teaspoon', 'ingredient': 'cardamom'}, {'quantity': '1', 'unit': '14 ounce) can', 'ingredient': 'coconut milk'}, {'quantity': '1', 'unit': 'tablespoon', 'ingredient': 'tamarind paste'}, {'quantity': '3', 'unit': 'tablespoons', 'ingredient': 'brown sugar'}, {'quantity': '1', 'unit': 'stalk', 'ingredient': 'lemongrass'}, {'quantity': '2', 'unit': 'cups', 'ingredient': 'beef broth'}, {'quantity': '1', 'unit': 'cup', 'ingredient': 'water,'}, {'quantity': None, 'unit': None, 'ingredient': 'chopped fresh cilantro'}, {'quantity': None, 'unit': None, 'ingredient': 'lime wedges'}]",5 hrs 30 mins,4
https://www.allrecipes.com/strawberry-barbecue-beef-recipe-11686484,Strawberry Barbecue Beef,"[{'quantity': '8', 'unit': 'ounces', 'ingredient': 'strawberries'}, {'quantity': '2', 'unit': 'tablespoons', 'ingredient': 'water'}, {'quantity': '2', 'unit': 'tablespoons', 'ingredient': 'ketchup'}, {'quantity': '2', 'unit': 'teaspoons', 'ingredient': 'light brown sugar'}, {'quantity': '2', 'unit': 'teaspoonsplus 2tablespoons', 'ingredient': 'chopped fresh basil'}, {'quantity': '2', 'unit': 'teaspoonsplus 2tablespoons', 'ingredient': 'white wine vinegar,'}, {'quantity': '2', 'unit': 'teaspoons', 'ingredient': 'minced garlic'}, {'quantity': '1/8', 'unit': 'teaspoon', 'ingredient': 'white pepper'}, {'quantity': '1/8', 'unit': 'teaspoon', 'ingredient': 'salt,'}, {'quantity': '1/4', 'unit': 'teaspoon', 'ingredient': 'ground black pepper'}, {'quantity': '1 1/4 to 1 1/2', 'unit': 'pounds', 'ingredient': 'beef flank steak'}, {'quantity': '1', 'unit': None, 'ingredient': 'cucumber'}, {'quantity': '2', 'unit': 'tablespoons', 'ingredient': 'red onion'}]",1 hr 25 mins,6
https://www.allrecipes.com/slow-cooker-beef-tips-with-mushroom-gravy-recipe-11694515,Slow Cooker Beef Tips with Mushroom Gravy,"[{'quantity': '1', 'unit': 'pound', 'ingredient': 'beef tips'}, {'quantity': '2', 'unit': 'tablespoons', 'ingredient': 'tomato paste'}, {'quantity': '1/2', 'unit': 'teaspoon', 'ingredient': 'garlic powder'}, {'quantity': '1/2', 'unit': 'teaspoon', 'ingredient': 'onion powder'}, {'quantity': '1/2', 'unit': 'teaspoon', 'ingredient': 'Cantanzaro herbs'}, {'quantity': '1/2', 'unit': 'teaspoon', 'ingredient': 'salt'}, {'quantity': '1', 'unit': 'pinch', 'ingredient': 'black pepper'}, {'quantity': '8', 'unit': 'ounces', 'ingredient': 'button mushrooms, sliced'}, {'quantity': '3/4', 'unit': 'cup', 'ingredient': 'beef bone broth'}, {'quantity': '2', 'unit': 'tablespoons', 'ingredient': 'cornstarch'}]",4 hrs 40 mins,4
https://www.allrecipes.com/swedish-meatball-pasta-bake-recipe-11691947,Swedish Meatball Pasta Bake,"[{'quantity': '1', 'unit': 'large', 'ingredient': 'egg'}, {'quantity': '1/4', 'unit': 'cup', 'ingredient': 'bread crumbs'}, {'quantity': '1/4', 'unit': 'cup', 'ingredient': 'onion'}, {'quantity': '2', 'unit': 'tablespoons', 'ingredient': 'milk'}, {'quantity': '1/2', 'unit': 'teaspoon', 'ingredient': 'kosher salt'}, {'quantity': '1/4', 'unit': 'teaspoon', 'ingredient': 'ground nutmeg'}, {'quantity': '1/4', 'unit': 'teaspoon', 'ingredient': 'ground allspice'}, {'quantity': '1/8', 'unit': 'teaspoon', 'ingredient': 'cayenne pepper'}, {'quantity': '1', 'unit': 'pound', 'ingredient': '85% lean ground beef'}, {'quantity': '1', 'unit': 'tablespoon', 'ingredient': 'olive oil'}, {'quantity': '8', 'unit': 'ounces', 'ingredient': 'bowtie pasta'}, {'quantity': '2 1/2', 'unit': 'cups', 'ingredient': 'beef broth'}, {'quantity': '1', 'unit': 'cup', 'ingredient': 'whipping cream'}, {'quantity': '4', 'unit': 'teaspoons', 'ingredient': 'orcestershire sauce'}, {'quantity': '1', 'unit': 'cup', 'ingredient': 'shredded Gruyere cheese'}, {'quantity': '1', 'unit': 'tablespoon', 'ingredient': 'fresh dill'}, {'quantity': None, 'unit': None, 'ingredient': 'lemon wedges for serving'}]",1 hr,6
https://www.allrecipes.com/cheeseburger-focaccia-recipe-11690705,Cheeseburger Focaccia,"[{'quantity': '2', 'unit': 'cups', 'ingredient': 'water'}, {'quantity': '1', 'unit': '(0.25 ounce) packet', 'ingredient': 'active-dry yeast'}, {'quantity': '1/2', 'unit': 'teaspoon', 'ingredient': 'sugar'}, {'quantity': '2', 'unit': 'tablespoons', 'ingredient': 'olive oil'}, {'quantity': '1', 'unit': 'tablespoon', 'ingredient': 'kosher salt'}, {'quantity': '3', 'unit': 'cups', 'ingredient': 'all-purpose flour'}, {'quantity': '2', 'unit': 'cups', 'ingredient': 'bread flour'}, {'quantity': None, 'unit': None, 'ingredient': 'olive oil'}, {'quantity': '1', 'unit': 'small', 'ingredient': 'onion'}, {'quantity': '1/2', 'unit': 'pound', 'ingredient': 'ground beef'}, {'quantity': None, 'unit': None, 'ingredient': 'kosher salt'}, {'quantity': None, 'unit': None, 'ingredient': 'freshly ground black pepper'}, {'quantity': '1', 'unit': 'cup', 'ingredient': 'sharp Cheddar cheese'}, {'quantity': '2', 'unit': 'spears', 'ingredient': 'dill pickle'}]",5 hrs 10 mins,8 to 10
https://www.allrecipes.com/corned-beef-stroganoff-recipe-11692154,Corned Beef Stroganoff,"[{'quantity': '1', 'unit': '(3 pound) corned beef brisket', 'ingredient': ') corned beef brisket'}, {'quantity': '2', 'unit': 'tablespoons', 'ingredient': 'vegetable oil'}, {'quantity': '8', 'unit': 'ounces', 'ingredient': 'mushrooms,'}, {'quantity': '1/4', 'unit': 'teaspoon', 'ingredient': 'salt'}, {'quantity': '1', 'unit': 'cup', 'ingredient': 'onions'}, {'quantity': '2', 'unit': 'tablespoons', 'ingredient': 'unsalted butter'}, {'quantity': '3', 'unit': 'cloves', 'ingredient': 'garlic, minced'}, {'quantity': '2', 'unit': 'tablespoons', 'ingredient': 'all-purpose flour'}, {'quantity': '1/2', 'unit': 'cup', 'ingredient': 'white wine'}, {'quantity': '1', 'unit': 'cup', 'ingredient': 'corned beef cooking liquid'}, {'quantity': '2', 'unit': 'cups', 'ingredient': 'low-sodium beef broth'}, {'quantity': '3/4', 'unit': 'cup', 'ingredient': 'creme fraiche,'}, {'quantity': '1/4', 'unit': 'cup', 'ingredient': 'dill,'}]",3 hrs 30 mins,6
https://www.allrecipes.com/big-mac-crispy-rice-recipe-11685389,Big Mac Crispy Rice,"[{'quantity': '1/2', 'unit': 'cup', 'ingredient': 'mayonnaise, divided'}, {'quantity': '5', 'unit': 'tablespoons', 'ingredient': 'pickle relish, divided'}, {'quantity': '1/4', 'unit': 'cup', 'ingredient': 'ketchup, divided'}, {'quantity': '2 ½', 'unit': '2 ½', 'ingredient': 'garlic powder, divided'}, {'quantity': '1 ½', 'unit': 'teaspoons', 'ingredient': 'smoked paprika, divided'}, {'quantity': '2', 'unit': 'teaspoons', 'ingredient': 'kosher salt, divided'}, {'quantity': '1', 'unit': 'teaspoon', 'ingredient': 'freshly ground black pepper, divided'}, {'quantity': '4', 'unit': 'cups', 'ingredient': 'cooked and cooled white rice'}, {'quantity': '1', 'unit': 'tablespoon', 'ingredient': 'olive oil'}, {'quantity': '6', 'unit': 'ounces', 'ingredient': 'ground beef chuck'}, {'quantity': '5', 'unit': '(¾-ounce) slices', 'ingredient': 'American cheese'}, {'quantity': '1/3', 'unit': 'cup shredded', 'ingredient': 'iceberg lettuce'}, {'quantity': '2', 'unit': 'tablespoons', 'ingredient': 'diced white onion'}, {'quantity': None, 'unit': None, 'ingredient': 'pickle slices, for garnish'}]",35 mins,4
https://www.allrecipes.com/recipe/264005/kimchi-corned-beef/,Kimchi Corned Beef,"[{'quantity': '1', 'unit': '(3 1/2) pound', 'ingredient': 'ready-to-cook corned beef'}, {'quantity': '2', 'unit': '(16 ounce) jars', 'ingredient': 'kimchi, not drained'}, {'quantity': '½', 'unit': 'cup', 'ingredient': 'cold water, or as needed'}, {'quantity': '2', 'unit': 'pounds', 'ingredient': 'Yukon gold potatoes, quartered'}, {'quantity': '3', 'unit': 'large', 'ingredient': 'carrots, cut into large chunks'}, {'quantity': '2', 'unit': 'ribs', 'ingredient': 'celery, cut into large chunks'}]",3 hrs 5 mins,10
https://www.allrecipes.com/steak-chimichurri-dense-bean-salad-recipe-11689874,Steak Chimichurri Dense Bean Salad,"[{'quantity': '1 1/2', 'unit': 'teaspoons', 'ingredient': 'chili powder'}, {'quantity': '1', 'unit': 'teaspoon', 'ingredient': 'onion powder'}, {'quantity': '2', 'unit': 'cloves', 'ingredient': 'garlic'}, {'quantity': '1/2', 'unit': 'teaspoon', 'ingredient': 'dried oregano'}, {'quantity': '1 1/2', 'unit': 'teaspoons', 'ingredient': 'salt'}, {'quantity': '2', 'unit': 'teaspoons', 'ingredient': 'lemon juice'}, {'quantity': '1', 'unit': 'tablespoon', 'ingredient': 'red wine vinegar'}, {'quantity': '3', 'unit': 'tablespoons', 'ingredient': 'olive oil'}, {'quantity': '1', 'unit': 'pound', 'ingredient': 'flank steak'}, {'quantity': '1', 'unit': 'bunch', 'ingredient': 'parsley,'}, {'quantity': '1/2', 'unit': 'bunch', 'ingredient': 'cilantro,'}, {'quantity': '1/2', 'unit': 'small', 'ingredient': 'red onion,'}, {'quantity': '1', 'unit': '(12 ounce) jar', 'ingredient': 'roasted red bell peppers'}, {'quantity': '1', 'unit': '(15-ounce) can', 'ingredient': 'garbanzo beans'}, {'quantity': '1', 'unit': '(15-ounce) can', 'ingredient': 'into beans,'}, {'quantity': '1/2', 'unit': 'cup', 'ingredient': 'queso fresco'}, {'quantity': '1', 'unit': 'clove', 'ingredient': 'garlic'}, {'quantity': '1/4', 'unit': 'teaspoon', 'ingredient': 'crushed red pepper'}, {'quantity': '1/4', 'unit': 'teaspoon', 'ingredient': 'dried oregano'}, {'quantity': '1', 'unit': 'tablespoon', 'ingredient': 'red wine vinegar'}, {'quantity': '1', 'unit': 'tablespoon', 'ingredient': 'lemon juice'}, {'quantity': '1/4', 'unit': 'cup', 'ingredient': 'extra-virgin olive oil'}, {'quantity': '1', 'unit': 'teaspoon', 'ingredient': 'kosher salt'}]",8 hrs 40 mins,6
https://www.allrecipes.com/recipe/222236/coconut-milk-corned-beef-and-cabbage/,Coconut Milk Corned Beef and Cabbage,"[{'quantity': '4', 'unit': 'pounds', 'ingredient': 'beef brisket'}, {'quantity': '4', 'unit': 'cups', 'ingredient': 'water'}, {'quantity': '1', 'unit': '(15 ounce) can', 'ingredient': 'coconut milk'}, {'quantity': '2', 'unit': 'tablespoons', 'ingredient': 'tomato paste'}, {'quantity': '1', 'unit': 'tablespoon', 'ingredient': 'fish sauce'}, {'quantity': '1', 'unit': 'teaspoon', 'ingredient': 'red curry paste'}, {'quantity': '1', 'unit': 'teaspoon', 'ingredient': 'ground coriander'}, {'quantity': '2', 'unit': '', 'ingredient': 'bay leaves'}, {'quantity': '1', 'unit': '', 'ingredient': 'onion, cut into large chunks'}, {'quantity': '2', 'unit': 'stalks', 'ingredient': 'celery, cut into large chunks'}, {'quantity': '2', 'unit': '', 'ingredient': 'carrots, peeled and cut into large chunks'}, {'quantity': '1', 'unit': 'pound', 'ingredient': 'potatoes, peeled and cut into large chunks'}, {'quantity': '½', 'unit': 'small head', 'ingredient': 'cabbage, cored and cut into large chunks'}]",4 hrs,6
https://www.allrecipes.com/meatball-subs-on-a-stick-recipe-8780157,Meatball Subs on a Stick,"[{'quantity': '12', 'unit': None, 'ingredient': 'wooden skewers'}, {'quantity': '1', 'unit': 'pound 5 ounces', 'ingredient': 'lean ground beef'}, {'quantity': '1', 'unit': 'large', 'ingredient': 'egg'}, {'quantity': '7', 'unit': 'tablespoons', 'ingredient': 'Italian seasoned bread crumbs'}, {'quantity': '1/3', 'unit': 'cup', 'ingredient': 'grated Parmesan cheese'}, {'quantity': '1/2', 'unit': None, 'ingredient': 'red onion,'}, {'quantity': '4', 'unit': 'teaspoons', 'ingredient': 'garlic paste'}, {'quantity': '2', 'unit': 'teaspoons', 'ingredient': 'salt, or to taste'}, {'quantity': '1', 'unit': 'tablespoon', 'ingredient': 'dried oregano, or to taste'}, {'quantity': '1', 'unit': 'tablespoon', 'ingredient': 'dried parsley, or to taste'}, {'quantity': '1', 'unit': 'tablespoon', 'ingredient': 'dried basil, or to taste'}, {'quantity': '1', 'unit': 'teaspoon', 'ingredient': 'red chili flakes (optional)'}, {'quantity': '24', 'unit': '1 inch) cubes', 'ingredient': 'mozzarella cheese'}, {'quantity': '1', 'unit': '(12.4 ounce) can', 'ingredient': 'pizza crust dough, such as Pillsbury'}, {'quantity': '5', 'unit': 'tablespoons', 'ingredient': 'butter, melted'}, {'quantity': '1', 'unit': 'tablespoon', 'ingredient': 'garlic paste'}, {'quantity': '1', 'unit': 'tablespoon', 'ingredient': 'fresh parsley'}, {'quantity': '1', 'unit': 'cup', 'ingredient': 'marinara sauce,'}]",40 mins,9
https://www.allrecipes.com/sloppy-joe-sliders-recipe-8789641,Sloppy Joe Sliders,"[{'quantity': '1', 'unit': '(12-count) package', 'ingredient': 'rolls'}, {'quantity': '24', 'unit': 'small slices', 'ingredient': 'sharp Cheddar cheese'}, {'quantity': '1', 'unit': 'teaspoon', 'ingredient': 'olive or avocado oil'}, {'quantity': '1', 'unit': 'pound', 'ingredient': '80% lean ground beef'}, {'quantity': '1/2', 'unit': 'large', 'ingredient': 'white onion,'}, {'quantity': '2', 'unit': 'teaspoons', 'ingredient': 'garlic paste'}, {'quantity': '1', 'unit': 'cup', 'ingredient': 'ketchup'}, {'quantity': '2', 'unit': 'tablespoons', 'ingredient': 'brown sugar'}, {'quantity': '1', 'unit': 'teaspoon', 'ingredient': 'Dijon mustard'}, {'quantity': '3', 'unit': 'teaspoons', 'ingredient': 'Worcestershire sauce'}, {'quantity': '1', 'unit': 'teaspoon', 'ingredient': 'chili powder and/or cumin'}, {'quantity': None, 'unit': None, 'ingredient': 'salt and freshly ground black pepper to taste'}, {'quantity': '3/4', 'unit': 'cup', 'ingredient': 'water'}, {'quantity': '1/4', 'unit': 'cup', 'ingredient': 'butter'}, {'quantity': '1/2', 'unit': 'tablespoon', 'ingredient': 'brown sugar'}, {'quantity': '1', 'unit': 'teaspoon', 'ingredient': 'ketchup'}, {'quantity': '1', 'unit': 'teaspoon', 'ingredient': 'Worcestershire sauce'}, {'quantity': '1', 'unit': 'teaspoon', 'ingredient': 'Dijon mustard'}, {'quantity': None, 'unit': None, 'ingredient': 'sesame or poppy seeds'}]",55 mins,4
https://www.allrecipes.com/bistro-style-steak-recipe-8787026,Bistro-Style Steak,"[{'quantity': '1', 'unit': '(14-ounce)', 'ingredient': 'New York strip steak'}, {'quantity': '3/4', 'unit': 'teaspoon', 'ingredient': 'kosher salt'}, {'quantity': '1/2', 'unit': 'teaspoon', 'ingredient': 'ground black pepper'}, {'quantity': '1', 'unit': 'teaspoon', 'ingredient': 'vegetable oil'}, {'quantity': '1', 'unit': 'teaspoon', 'ingredient': 'clarified butter'}, {'quantity': '2', 'unit': 'tablespoons', 'ingredient': 'shallots'}, {'quantity': '1/3', 'unit': 'cup', 'ingredient': 'white wine'}, {'quantity': '1/3', 'unit': 'cup', 'ingredient': 'beef bone broth'}, {'quantity': '2', 'unit': 'tablespoons', 'ingredient': 'unsalted butter, cubed'}]",2 hrs 50 mins,2
https://www.allrecipes.com/mississippi-pot-roast-cheesesteak-recipe-8785850,Mississippi Pot Roast Cheesesteak,"[{'quantity': '2', 'unit': 'teaspoons', 'ingredient': 'vegetable oil'}, {'quantity': '4 to 5', 'unit': 'pounds', 'ingredient': 'beef chuck roast'}, {'quantity': '1/2', 'unit': 'cup', 'ingredient': 'pepperoncini brine'}, {'quantity': '1/4', 'unit': 'cup', 'ingredient': 'water'}, {'quantity': '1', 'unit': '(1 ounce) packet', 'ingredient': 'ranch dressing mix'}, {'quantity': '1', 'unit': '(1 ounce) packet', 'ingredient': 'powdered au jus gravy mix,'}, {'quantity': '1/2', 'unit': 'cup', 'ingredient': 'unsalted butter, cut into slices'}, {'quantity': '6', 'unit': None, 'ingredient': 'pepperoncini peppers, or to taste'}, {'quantity': '8', 'unit': None, 'ingredient': 'sandwich rolls'}, {'quantity': '16', 'unit': 'slices', 'ingredient': 'provolone cheese, or more to taste'}, {'quantity': None, 'unit': None, 'ingredient': 'processed cheese'}, {'quantity': '2', 'unit': 'cups', 'ingredient': 'peppers (1/4 cup per sandwich), or to taste'}]",8 hrs 10 mins,8
https://www.allrecipes.com/slow-cooker-ground-beef-stroganoff-recipe-8778867,Slow Cooker Ground Beef Stroganoff,"[{'quantity': '1', 'unit': 'pound', 'ingredient': 'ground beef'}, {'quantity': '1', 'unit': 'tablespoon', 'ingredient': 'butter'}, {'quantity': '1', 'unit': None, 'ingredient': 'onion,'}, {'quantity': '8', 'unit': 'ounces', 'ingredient': 'sliced mushrooms'}, {'quantity': None, 'unit': None, 'ingredient': 'salt and freshly ground black pepper to taste'}, {'quantity': '1', 'unit': '10.5-ounce) can', 'ingredient': 'beef consomme'}, {'quantity': '2', 'unit': 'tablespoons', 'ingredient': 'tomato paste'}, {'quantity': '8', 'unit': 'ounces', 'ingredient': 'plain Greek yogurt'}, {'quantity': '4', 'unit': 'ounces', 'ingredient': 'whipped cream cheese'}, {'quantity': '1', 'unit': 'tablespoon', 'ingredient': 'Worcestershire sauce'}, {'quantity': '1', 'unit': 'tablespoon', 'ingredient': 'soy sauce'}, {'quantity': '3 3/4', 'unit': 'cups', 'ingredient': 'egg noodles'}, {'quantity': '2', 'unit': 'tablespoons', 'ingredient': 'beef broth'}]",4 hrs 50 mins,5
https://www.allrecipes.com/bacon-wrapped-cheeseburger-bites-recipe-11685653,Bacon Wrapped Cheeseburger Bites,"[{'quantity': '1', 'unit': 'pound', 'ingredient': 'ground beef'}, {'quantity': '1 1/2', 'unit': 'tablespoons', 'ingredient': 'seasoned breadcrumbs'}, {'quantity': '1', 'unit': 'large', 'ingredient': 'egg'}, {'quantity': '1/2', 'unit': 'teaspoon', 'ingredient': 'onion powder'}, {'quantity': '1/4', 'unit': 'teaspoon', 'ingredient': 'garlic powder'}, {'quantity': '1', 'unit': 'teaspoon', 'ingredient': 'dried parsley'}, {'quantity': '1', 'unit': 'teaspoon', 'ingredient': 'salt'}, {'quantity': '1', 'unit': 'tablespoon', 'ingredient': 'ketchup'}, {'quantity': '1', 'unit': 'tablespoon', 'ingredient': 'yellow mustard'}, {'quantity': '4', 'unit': None, 'ingredient': 'dill pickle chips'}, {'quantity': '4', 'unit': 'ounces', 'ingredient': 'Cheddar cheese'}, {'quantity': '9', 'unit': 'slices', 'ingredient': 'bacon'}, {'quantity': '1', 'unit': None, 'ingredient': 'sesame seeds'}]",40 mins,4
https://www.allrecipes.com/cowboy-lasagna-recipe-8786096,Cowboy Lasagna,"[{'quantity': '1', 'unit': 'tablespoon', 'ingredient': 'olive oil'}, {'quantity': '1', 'unit': 'pound', 'ingredient': 'ground sirloin'}, {'quantity': '1', 'unit': 'pound', 'ingredient': 'sage-flavored pork sausage'}, {'quantity': '2', 'unit': None, 'ingredient': 'jalapeno peppers, seeded and chopped'}, {'quantity': '1', 'unit': None, 'ingredient': 'onion,'}, {'quantity': '3', 'unit': 'cloves', 'ingredient': 'garlic, minced'}, {'quantity': '8', 'unit': 'ounces', 'ingredient': 'pepperoni, roughly chopped'}, {'quantity': '1', 'unit': '(15 ounce) can', 'ingredient': 'fire roasted diced tomatoes'}, {'quantity': '1', 'unit': '(12-ounce) can', 'ingredient': 'tomato paste'}, {'quantity': '1', 'unit': 'teaspoon', 'ingredient': 'dried oregano'}, {'quantity': '2', 'unit': 'cups', 'ingredient': 'water'}, {'quantity': None, 'unit': None, 'ingredient': 'salt and freshly ground black pepper to taste'}, {'quantity': '1', 'unit': 'pound', 'ingredient': 'lasagna noodles'}, {'quantity': None, 'unit': None, 'ingredient': 'cooking spray'}, {'quantity': '16', 'unit': 'ounces', 'ingredient': 'ricotta cheese'}, {'quantity': '16', 'unit': 'ounces', 'ingredient': 'mozzarella cheese, shredded'}, {'quantity': '2/3', 'unit': 'cup', 'ingredient': 'grated Parmesan cheese'}]",1 hr 40 mins,12
https://www.allrecipes.com/cowboy-queso-recipe-8778688,Cowboy Queso,"[{'quantity': '1', 'unit': 'pound', 'ingredient': 'ground beef'}, {'quantity': '1/2', 'unit': 'teaspoon', 'ingredient': 'salt'}, {'quantity': '1/4', 'unit': 'teaspoon', 'ingredient': 'ground black pepper'}, {'quantity': '1', 'unit': 'small', 'ingredient': 'jalapeno, diced'}, {'quantity': '1', 'unit': 'small', 'ingredient': 'red onion, diced'}, {'quantity': '6', 'unit': 'ounces', 'ingredient': 'beer'}, {'quantity': '1', 'unit': 'pound', 'ingredient': 'Velveeta®'}, {'quantity': '3/4', 'unit': 'cup', 'ingredient': 'pepper Jack cheese'}, {'quantity': '1', 'unit': '(15 ounce) can', 'ingredient': 'black beans, drained'}, {'quantity': '1', 'unit': '(10 ounce) can', 'ingredient': 'diced tomatoes with green chiles'}, {'quantity': '1', 'unit': '(2.25 ounce) can', 'ingredient': 'black olives,'}, {'quantity': '1/2', 'unit': 'cup', 'ingredient': 'chopped fresh cilantro, for garnish'}]",30 mins,8
https://www.allrecipes.com/greek-smashed-pita-recipe-8774383,Greek Smashed Pita,"[{'quantity': '12', 'unit': 'ounces', 'ingredient': 'ground sirloin'}, {'quantity': '2', 'unit': 'cloves', 'ingredient': 'garlic,'}, {'quantity': '1/2', 'unit': 'teaspoon', 'ingredient': 'cumin'}, {'quantity': '1', 'unit': 'teaspoon', 'ingredient': 'smoked paprika'}, {'quantity': '1', 'unit': 'teaspoon', 'ingredient': 'kosher salt'}, {'quantity': '1/2', 'unit': 'teaspoon', 'ingredient': 'pepper'}, {'quantity': '4', 'unit': None, 'ingredient': 'pitas'}, {'quantity': '1 1/2', 'unit': 'cups shredded', 'ingredient': 'Romaine lettuce'}, {'quantity': '1', 'unit': 'tablespoon', 'ingredient': 'chopped parsley'}, {'quantity': '1', 'unit': 'tablespoon', 'ingredient': 'dill'}, {'quantity': '2', 'unit': 'tablespoons', 'ingredient': 'pepperoncini pepper slices'}, {'quantity': '3', 'unit': 'tablespoons', 'ingredient': 'red onion'}, {'quantity': '1/4', 'unit': 'cup', 'ingredient': 'feta cheese'}, {'quantity': '2', 'unit': 'teaspoons', 'ingredient': 'fresh lemon juice'}, {'quantity': '1/4', 'unit': 'cup', 'ingredient': 'tzatziki sauce'}, {'quantity': '1', 'unit': None, 'ingredient': 'Roma tomato, thinly sliced'}]",30 mins,4
https://www.allrecipes.com/loaded-cheeseburger-waffle-fry-bake-recipe-8775015,Loaded Cheeseburger Waffle Fry Bake,"[{'quantity': '8', 'unit': None, 'ingredient': 'bacon (1/2 package)'}, {'quantity': '1', 'unit': '(20-ounce) bag', 'ingredient': 'frozen waffle fries'}, {'quantity': '1', 'unit': 'tablespoon', 'ingredient': 'olive oil'}, {'quantity': '1', 'unit': 'small', 'ingredient': 'yellow onion'}, {'quantity': '2', 'unit': 'clove', 'ingredient': 'garlic, minced'}, {'quantity': '1', 'unit': 'pound', 'ingredient': 'ground beef'}, {'quantity': None, 'unit': None, 'ingredient': 'salt and freshly ground black pepper, to taste'}, {'quantity': '1', 'unit': 'cup', 'ingredient': 'shredded Cheddar cheese'}, {'quantity': '1', 'unit': 'cup', 'ingredient': 'shredded mozzarella cheese'}, {'quantity': '1/4', 'unit': 'cup', 'ingredient': 'ketchup, plus more for serving'}, {'quantity': '2', 'unit': 'tablespoons', 'ingredient': 'yellow mustard'}, {'quantity': '2', 'unit': 'tablespoons', 'ingredient': 'mayonnaise,'}, {'quantity': '1/2', 'unit': 'cup chopped', 'ingredient': 'pickles'}, {'quantity': '1/4', 'unit': 'cup', 'ingredient': 'tomatoes'}, {'quantity': '2', 'unit': 'tablespoons', 'ingredient': 'ketchup, or to taste'}, {'quantity': '2', 'unit': '2tablespoons', 'ingredient': 'mustard, or to taste'}]",1 hr 20 mins,8
https://www.allrecipes.com/tortellini-lasagna-skillet-recipe-8754041,Tortellini Lasagna Skillet,"[{'quantity': '1', 'unit': 'pound', 'ingredient': 'ground beef'}, {'quantity': '2', 'unit': None, 'ingredient': 'Italian sausage links'}, {'quantity': '1', 'unit': 'small', 'ingredient': 'onion'}, {'quantity': '6', 'unit': 'ounces', 'ingredient': 'sliced mushrooms'}, {'quantity': '1', 'unit': 'pound', 'ingredient': 'cheese tortellini'}, {'quantity': '1', 'unit': '(28 ounce) can', 'ingredient': 'crushed tomatoes'}, {'quantity': '1', 'unit': '(14 1/2 ounce) can', 'ingredient': 'diced tomatoes'}, {'quantity': '1', 'unit': '(8 ounce) can', 'ingredient': 'roasted garlic tomato sauce'}, {'quantity': '3/4', 'unit': 'teaspoon', 'ingredient': 'Italian seasoning'}, {'quantity': '1/2', 'unit': 'teaspoon', 'ingredient': 'granulated garlic'}, {'quantity': None, 'unit': None, 'ingredient': 'salt and freshly ground black pepper'}, {'quantity': '4', 'unit': 'ounces', 'ingredient': 'shredded mozzarella cheese'}, {'quantity': None, 'unit': None, 'ingredient': 'chopped parsley,'}]",1 hr,8
https://www.allrecipes.com/ground-beef-and-rice-skillet-recipe-8767178,Ground Beef and Rice Skillet,"[{'quantity': '1', 'unit': 'pound', 'ingredient': 'ground beef'}, {'quantity': '1', 'unit': None, 'ingredient': 'onion, chopped'}, {'quantity': '1', 'unit': None, 'ingredient': 'red bell pepper,'}, {'quantity': '2', 'unit': 'cloves', 'ingredient': 'garlic'}, {'quantity': '1', 'unit': 'cup', 'ingredient': 'white rice'}, {'quantity': '1/2', 'unit': 'teaspoon', 'ingredient': 'salt'}, {'quantity': '1/2', 'unit': 'teaspoon', 'ingredient': 'ground cumin'}, {'quantity': '2', 'unit': 'tablespoons', 'ingredient': 'tomato paste'}, {'quantity': '1', 'unit': '(14.5 ounce) can', 'ingredient': 'diced tomatoes'}, {'quantity': '1 1/2', 'unit': 'cups', 'ingredient': 'lower-sodium beef broth'}, {'quantity': '1', 'unit': '(4 ounce can)', 'ingredient': 'green chiles'}, {'quantity': '2', 'unit': 'teaspoons', 'ingredient': 'Worcestershire sauce'}, {'quantity': '1', 'unit': 'cup', 'ingredient': 'Cheddar or Monterey Jack cheese'}, {'quantity': '1', 'unit': 'tablespoon', 'ingredient': 'green onion or cilantro'}]",50 mins,6
https://www.allrecipes.com/cheese-puff-sliders-recipe-8768983,Cheese Puff Sliders,"[{'quantity': '1/2', 'unit': 'cup', 'ingredient': 'sharp Cheddar cheese'}, {'quantity': '1/2', 'unit': 'cup', 'ingredient': 'shredded Gruyere cheese'}, {'quantity': '1/2', 'unit': 'cup', 'ingredient': 'water'}, {'quantity': '1/4', 'unit': 'cup', 'ingredient': 'unsalted butter'}, {'quantity': '1/2', 'unit': 'teaspoon', 'ingredient': 'kosher salt'}, {'quantity': '1/2', 'unit': 'cup', 'ingredient': 'all-purpose flour'}, {'quantity': '1', 'unit': 'pinch', 'ingredient': 'cayenne pepper'}, {'quantity': '1/2', 'unit': 'teaspoon', 'ingredient': 'ground black pepper'}, {'quantity': '2', 'unit': 'large', 'ingredient': 'eggs'}, {'quantity': '6', 'unit': 'tablespoons', 'ingredient': 'mayonnaise'}, {'quantity': '3', 'unit': 'tablespoons', 'ingredient': 'ketchup'}, {'quantity': '3', 'unit': 'tablespoons', 'ingredient': 'mustard'}, {'quantity': '1 1/2', 'unit': 'pounds', 'ingredient': 'ground beef'}, {'quantity': None, 'unit': None, 'ingredient': 'salt and freshly ground black pepper to taste'}, {'quantity': '6', 'unit': 'cherry', 'ingredient': 'tomatoes, cut into 4 slices each'}, {'quantity': '12', 'unit': None, 'ingredient': 'bread and butter pickle slices'}, {'quantity': None, 'unit': None, 'ingredient': 'Romaine lettuce leaves'}]",1 hr 30 mins,6
https://www.allrecipes.com/cowboy-steak-recipe-8758222,Cowboy Steak,"[{'quantity': '1/4', 'unit': 'cup', 'ingredient': 'salted butter'}, {'quantity': '2', 'unit': 'teaspoons', 'ingredient': 'fresh parsley'}, {'quantity': '1', 'unit': 'teaspoon', 'ingredient': 'stone ground Dijon mustard'}, {'quantity': '1', 'unit': 'teaspoon', 'ingredient': 'fresh rosemary'}, {'quantity': '1/2', 'unit': 'teaspoon', 'ingredient': 'smoked paprika'}, {'quantity': '1', 'unit': 'clove', 'ingredient': 'garlic'}, {'quantity': '1', 'unit': 'pinch', 'ingredient': 'cayenne pepper'}, {'quantity': '1', 'unit': '(2 1/2-inch-thick)', 'ingredient': 'beef cowboy steak (bone-in ribeye)'}, {'quantity': '1', 'unit': 'tablespoon', 'ingredient': 'vegetable oil'}, {'quantity': '1', 'unit': 'tablespoon', 'ingredient': 'kosher salt'}, {'quantity': '1', 'unit': 'tablespoon', 'ingredient': 'black pepper'}]",2 hrs 30 mins,4 to 6
https://www.allrecipes.com/justin-rowlands-philly-cheesesteak-egg-rolls-recipe-8762569,Justin Rowland's Philly Cheesesteak Egg Rolls,"[{'quantity': '1', 'unit': 'tablespoon', 'ingredient': 'extra-virgin olive oil'}, {'quantity': '1', 'unit': None, 'ingredient': 'white onion'}, {'quantity': '12.5', 'unit': 'ounces', 'ingredient': 'shaved ribeye meat'}, {'quantity': None, 'unit': None, 'ingredient': 'garlic powder'}, {'quantity': None, 'unit': None, 'ingredient': 'salt and freshly ground black pepper, to taste'}, {'quantity': '1', 'unit': '(14 ounce) package', 'ingredient': 'egg roll wrappers'}, {'quantity': '4', 'unit': 'slices', 'ingredient': 'white American cheese, cut in half'}, {'quantity': '2', 'unit': 'large', 'ingredient': 'eggs, beaten'}, {'quantity': '2', 'unit': 'cups', 'ingredient': 'oil'}, {'quantity': '1/4', 'unit': 'cup', 'ingredient': 'ketchup'}, {'quantity': '1/4', 'unit': 'cup', 'ingredient': 'mayonnaise'}]",30 mins,4 Servings
https://www.allrecipes.com/creamy-gochujang-spaghetti-with-ground-beef-recipe-8750088,Creamy Gochujang Spaghetti With Ground Beef,"[{'quantity': '12', 'unit': 'ounces', 'ingredient': 'spaghetti'}, {'quantity': '1', 'unit': 'pound', 'ingredient': 'ground beef'}, {'quantity': '1', 'unit': None, 'ingredient': 'bell pepper,'}, {'quantity': '1/2', 'unit': None, 'ingredient': 'onion'}, {'quantity': '2', 'unit': None, 'ingredient': 'garlic cloves'}, {'quantity': '1/4', 'unit': 'cup', 'ingredient': 'tomato paste'}, {'quantity': '1/4', 'unit': 'cup', 'ingredient': 'gochujang red chile paste'}, {'quantity': '1 1/4', 'unit': 'cups', 'ingredient': 'heavy cream'}, {'quantity': None, 'unit': None, 'ingredient': 'salt and freshly ground black pepper, to taste'}, {'quantity': '1/2', 'unit': 'cup', 'ingredient': 'grated Parmesan cheese'}]",45 mins,4
https://www.allrecipes.com/cowboy-mashed-potato-casserole-recipe-8760165,Cowboy Mashed Potato Casserole,"[{'quantity': None, 'unit': None, 'ingredient': 'cooking spray'}, {'quantity': '6', 'unit': 'strips', 'ingredient': 'bacon'}, {'quantity': '2', 'unit': 'pounds', 'ingredient': 'baking potatoes'}, {'quantity': '1', 'unit': '(5 ounce) can', 'ingredient': 'evaporated milk'}, {'quantity': '2', 'unit': 'tablespoons', 'ingredient': 'butter'}, {'quantity': '1 1/2', 'unit': 'teaspoons', 'ingredient': 'salt'}, {'quantity': '1/2', 'unit': 'teaspoon', 'ingredient': 'ground black pepper'}, {'quantity': '1', 'unit': 'pound', 'ingredient': 'ground beef'}, {'quantity': '1', 'unit': 'cup', 'ingredient': 'onion'}, {'quantity': '1', 'unit': None, 'ingredient': 'green bell pepper'}, {'quantity': '1', 'unit': 'cup', 'ingredient': 'corn'}, {'quantity': '2', 'unit': 'cloves', 'ingredient': 'garlic, minced'}, {'quantity': '1 1/2', 'unit': 'teaspoons', 'ingredient': 'smoked paprika'}, {'quantity': '1/4', 'unit': 'cup', 'ingredient': 'barbecue sauce'}, {'quantity': '1', 'unit': 'tablespoon', 'ingredient': 'Worcestershire sauce'}, {'quantity': '1', 'unit': 'teaspoon', 'ingredient': 'Dijon mustard'}, {'quantity': '1/2', 'unit': 'cup', 'ingredient': 'Cheddar or pepper Jack cheese'}, {'quantity': '1/4', 'unit': 'cup', 'ingredient': 'French fried onions'}, {'quantity': '2', 'unit': 'tablespoons', 'ingredient': 'fresh parsley'}]",1 hr,8
https://www.allrecipes.com/unstuffed-shells-pasta-bake-recipe-8747308,Unstuffed Shells Pasta Bake,"[{'quantity': '12', 'unit': 'ounces', 'ingredient': 'medium pasta shells'}, {'quantity': None, 'unit': None, 'ingredient': 'cooking spray'}, {'quantity': '1', 'unit': 'tablespoon', 'ingredient': 'extra-virgin olive oil'}, {'quantity': '1', 'unit': 'pound', 'ingredient': 'ground sirloin'}, {'quantity': '1 1/4', 'unit': 'teaspoons', 'ingredient': 'kosher salt'}, {'quantity': '1', 'unit': 'teaspoon', 'ingredient': 'talian seasoning, divided'}, {'quantity': '1/2', 'unit': 'teaspoonfreshly ground', 'ingredient': 'freshly ground'}, {'quantity': '1', 'unit': None, 'ingredient': 'yellow onion'}, {'quantity': '1 1/2', 'unit': 'tablespoons', 'ingredient': 'minced garlic'}, {'quantity': '1', 'unit': '(24 ounce) j', 'ingredient': 'marinara sauce'}, {'quantity': '1', 'unit': 'cup', 'ingredient': 'whole-milk ricotta cheese'}, {'quantity': '1', 'unit': '8 ounce) package', 'ingredient': 'cream cheese'}, {'quantity': '1/2', 'unit': 'cup', 'ingredient': 'Parmesan cheese'}, {'quantity': '1/4', 'unit': 'cup', 'ingredient': 'fresh basil leaves'}, {'quantity': '1', 'unit': 'large', 'ingredient': 'egg'}, {'quantity': '1', 'unit': 'cup', 'ingredient': 'low-moisture part-skim mozzarella cheese'}]",1 hr 10 mins,8
https://www.allrecipes.com/pepper-parm-prime-rib-recipe-8757842,Pepper Parm Prime Rib,"[{'quantity': '1', 'unit': '5 pound)', 'ingredient': 'bone-in prime rib of beef'}, {'quantity': '5', 'unit': 'teaspoons', 'ingredient': 'kosher salt (about 1 teaspoon per pound of meat)'}, {'quantity': '4', 'unit': 'tablespoons', 'ingredient': 'butter'}, {'quantity': '1/2', 'unit': 'cup', 'ingredient': 'Parmigiano Reggiano cheese'}, {'quantity': '2', 'unit': 'tablespoons', 'ingredient': 'ground black pepper'}, {'quantity': '2', 'unit': 'cups', 'ingredient': 'beef broth'}, {'quantity': '2', 'unit': 'cups', 'ingredient': 'water'}]",9 hrs,6
https://www.allrecipes.com/mac-and-cheese-cowboy-cups-recipe-8758352,Mac and Cheese Cowboy Cups,"[{'quantity': '2', 'unit': 'boxes', 'ingredient': 'macaroni and cheese'}, {'quantity': '2/3', 'unit': 'cups', 'ingredient': 'whole milk'}, {'quantity': '5', 'unit': 'tablespoons', 'ingredient': 'butter'}, {'quantity': '1', 'unit': 'pound', 'ingredient': 'ground beef'}, {'quantity': '1', 'unit': 'packet', 'ingredient': 'taco seasoning'}, {'quantity': '1/2', 'unit': 'cup', 'ingredient': 'onion'}, {'quantity': '1', 'unit': '(10 ounce) can', 'ingredient': 'diced tomatoes and green chiles,'}, {'quantity': '2', 'unit': 'cups', 'ingredient': 'pepper Jack cheese'}, {'quantity': None, 'unit': None, 'ingredient': 'sour cream, jalapeno slices, and chopped cilantro for topping'}]",55 mins,24
https://www.allrecipes.com/garlic-butter-steak-bites-with-mushrooms-recipe-8751632,Garlic Butter Steak Bites With Mushrooms,"[{'quantity': '1/4', 'unit': 'cup', 'ingredient': 'coconut aminos or light soy sauce'}, {'quantity': '2', 'unit': 'tablespoons', 'ingredient': 'red wine vinegar'}, {'quantity': '1', 'unit': 'tablespoons', 'ingredient': 'olive oil'}, {'quantity': '1/2', 'unit': 'teaspoon', 'ingredient': 'salt'}, {'quantity': '1/2', 'unit': 'teaspoon', 'ingredient': 'ground black pepper'}, {'quantity': '1 1/2', 'unit': 'pounds', 'ingredient': 'sirloin'}, {'quantity': '3', 'unit': 'tablespoons', 'ingredient': 'unsalted butter'}, {'quantity': '1', 'unit': 'tablespoon', 'ingredient': 'minced garlic'}, {'quantity': '1', 'unit': 'cup', 'ingredient': 'sliced mushrooms'}, {'quantity': '1/2', 'unit': 'cup', 'ingredient': 'onion slices'}, {'quantity': '1', 'unit': 'tablespoon', 'ingredient': 'parsley'}]",50 mins,4
https://www.allrecipes.com/turkish-pasta-recipe-8754903,Turkish Pasta,"[{'quantity': '2', 'unit': 'cups', 'ingredient': 'Greek yogurt'}, {'quantity': '3', 'unit': 'cloves', 'ingredient': 'garlic'}, {'quantity': '2', 'unit': 'teaspoons', 'ingredient': 'kosher salt'}, {'quantity': '5', 'unit': 'tablespoons', 'ingredient': 'butter'}, {'quantity': '2', 'unit': 'teaspoons', 'ingredient': 'paprika'}, {'quantity': '1', 'unit': 'pound', 'ingredient': 'fusilli pasta'}, {'quantity': '1 1/4', 'unit': 'pounds', 'ingredient': 'ground round'}, {'quantity': '1', 'unit': 'cup', 'ingredient': 'onion'}, {'quantity': '1/4', 'unit': 'teaspoon', 'ingredient': 'curry powder'}, {'quantity': '2', 'unit': 'teaspoons', 'ingredient': 'onion powder'}, {'quantity': '1/2', 'unit': 'teaspoon', 'ingredient': 'pepper'}, {'quantity': '1', 'unit': 'pint', 'ingredient': 'grape tomatoes'}, {'quantity': '1', 'unit': 'bunch', 'ingredient': 'flat leaf parsley,'}]",30 mins,6
https://www.allrecipes.com/butter-basted-rib-eye-steak-recipe-8753374,Butter Basted Rib Eye Steak,"[{'quantity': '1', 'unit': '1 pound', 'ingredient': 'rib eye steak'}, {'quantity': None, 'unit': None, 'ingredient': 'salt and freshly ground pepper to taste'}, {'quantity': '2', 'unit': 'Tablespoons', 'ingredient': 'garlic and herb salted butter (such as Kerrygold®)'}]",2 hrs 25 mins,2
https://www.allrecipes.com/easy-roasted-beef-tenderloin-recipe-8756280,Easy Roasted Beef Tenderloin,"[{'quantity': None, 'unit': None, 'ingredient': ""butcher's twine""}, {'quantity': '1', 'unit': '(3 pound)', 'ingredient': 'beef tenderloin'}, {'quantity': '1', 'unit': 'tablespoon', 'ingredient': 'kosher salt'}, {'quantity': '2', 'unit': 'teaspoons', 'ingredient': 'ground black pepper'}, {'quantity': '2', 'unit': 'tablespoons', 'ingredient': 'olive oil'}]",1 hr 40 mins,8
https://www.allrecipes.com/beef-birria-ramen-recipe-8749389,Beef Birria Ramen,"[{'quantity': '10', 'unit': None, 'ingredient': 'chilies, seeded'}, {'quantity': '4', 'unit': None, 'ingredient': 'chilies'}, {'quantity': None, 'unit': None, 'ingredient': 'water,'}, {'quantity': '1', 'unit': 'tablespoon', 'ingredient': 'avocado oil'}, {'quantity': '1/2', 'unit': None, 'ingredient': 'white onion'}, {'quantity': '4', 'unit': None, 'ingredient': 'garlic cloves,'}, {'quantity': '6', 'unit': None, 'ingredient': 'Roma tomatoes'}, {'quantity': '1', 'unit': 'teaspoon', 'ingredient': 'peppercorns'}, {'quantity': '6', 'unit': 'whole', 'ingredient': 'cloves'}, {'quantity': '1', 'unit': '(1/2 inch) piece', 'ingredient': 'dried ginger root'}, {'quantity': '1/4', 'unit': 'teaspoon', 'ingredient': 'cumin seeds'}, {'quantity': '1', 'unit': 'teaspoon', 'ingredient': 'fresh thyme'}, {'quantity': '1/2', 'unit': 'tablespoon', 'ingredient': 'dried marjoram'}, {'quantity': '1/2', 'unit': 'tablespoon', 'ingredient': 'oregano'}, {'quantity': '1', 'unit': 'tablespoon', 'ingredient': 'chicken bouillon, such as'}, {'quantity': '2', 'unit': 'tablespoons', 'ingredient': 'apple cider vinegar'}, {'quantity': None, 'unit': None, 'ingredient': 'salt to taste'}, {'quantity': '2', 'unit': 'pounds', 'ingredient': 'beef chuck roast'}, {'quantity': '2', 'unit': None, 'ingredient': 'beef shanks'}, {'quantity': '2', 'unit': None, 'ingredient': 'beef short ribs'}, {'quantity': '1 1/2', 'unit': 'quarts', 'ingredient': 'beef stock'}, {'quantity': '1', 'unit': '(2 1/2 inch) stick', 'ingredient': 'cinnamon'}, {'quantity': '1/2', 'unit': None, 'ingredient': 'white onion, cut into chunks'}, {'quantity': '4', 'unit': None, 'ingredient': 'garlic cloves,'}, {'quantity': '2', 'unit': None, 'ingredient': 'bay leaves'}, {'quantity': '8', 'unit': 'servings', 'ingredient': 'Japanese ramen noodles (not instant ramen)'}, {'quantity': '1', 'unit': 'large', 'ingredient': 'white onion'}, {'quantity': '1', 'unit': 'bunch', 'ingredient': 'cilantro leaves'}, {'quantity': None, 'unit': None, 'ingredient': 'lime wedges'}]",3 hrs 50 mins,8
https://www.allrecipes.com/pizza-stuffed-crescent-ring-recipe-8732583,Pizza Stuffed Crescent Ring,"[{'quantity': '8', 'unit': 'ouncesground beef and/or bulk I', 'ingredient': 'ground beef and/or bulk I'}, {'quantity': '1/2', 'unit': 'cup', 'ingredient': 'onion'}, {'quantity': '1/2', 'unit': 'cup', 'ingredient': 'red sweet pepper'}, {'quantity': '3', 'unit': 'cloves', 'ingredient': 'garlic, minced'}, {'quantity': '30', 'unit': None, 'ingredient': 'pepperoni slices, quartered'}, {'quantity': '1/4', 'unit': 'cup', 'ingredient': 'black olives'}, {'quantity': '1 1/2', 'unit': 'cups', 'ingredient': 'shredded mozzarella cheese, divided'}, {'quantity': '1', 'unit': '(15-ounce) can', 'ingredient': 'pizza sauce'}, {'quantity': '2', 'unit': '(8-ounce)', 'ingredient': 'crescent rolls'}, {'quantity': '2', 'unit': 'tablespoons', 'ingredient': 'butter, melted'}, {'quantity': '1/2', 'unit': 'teaspoon', 'ingredient': 'italian seasoning'}, {'quantity': '1/4', 'unit': 'teaspoon', 'ingredient': 'garlic powder'}, {'quantity': '2', 'unit': 'tablespoons', 'ingredient': 'grated Parmesan cheese'}]",40 mins,8
https://www.allrecipes.com/philly-cheesesteak-smothered-tater-tots-recipe-8747185,Philly Cheesesteak Smothered Tater Tots,"[{'quantity': '1', 'unit': '(2 pound)-package', 'ingredient': 'tater tots'}, {'quantity': '1', 'unit': None, 'ingredient': 'onion'}, {'quantity': '1/2', 'unit': None, 'ingredient': 'green bell pepper'}, {'quantity': '1/2', 'unit': None, 'ingredient': 'red bell pepper'}, {'quantity': '1', 'unit': '(12 ounce) box', 'ingredient': 'frozen sandwich beef'}, {'quantity': '1 1/2', 'unit': 'tablespoons', 'ingredient': 'Worcestershire sauce'}, {'quantity': '1', 'unit': 'teaspoon', 'ingredient': 'Montreal steak seasoning'}, {'quantity': '2', 'unit': 'cups', 'ingredient': 'shredded mozzarella cheese'}]",45 mins,6
https://www.allrecipes.com/the-best-million-dollar-spaghetti-recipe-8747691,The Best Million Dollar Spaghetti,"[{'quantity': '1', 'unit': 'tablespoon', 'ingredient': 'olive oil'}, {'quantity': '1', 'unit': 'small', 'ingredient': 'onion'}, {'quantity': '1 1/4', 'unit': 'teaspoons', 'ingredient': 'kosher salt'}, {'quantity': '2', 'unit': None, 'ingredient': 'cloves garlic'}, {'quantity': '1', 'unit': 'pound', 'ingredient': 'ground sirloin'}, {'quantity': '1', 'unit': 'pound', 'ingredient': 'Italian sausage'}, {'quantity': '32', 'unit': 'ounces', 'ingredient': 'marinara sauce'}, {'quantity': '16', 'unit': 'ounces', 'ingredient': 'spaghetti'}, {'quantity': '5', 'unit': 'tablespoons', 'ingredient': 'butter'}, {'quantity': '1', 'unit': 'cup', 'ingredient': 'cottage cheese'}, {'quantity': '8', 'unit': 'ounces', 'ingredient': 'cream cheese'}, {'quantity': '1/4', 'unit': 'cup', 'ingredient': 'sour cream'}, {'quantity': '1/4', 'unit': 'teaspoon', 'ingredient': 'salt'}, {'quantity': '1/4', 'unit': 'teaspoon', 'ingredient': 'pepper'}, {'quantity': '3', 'unit': 'cups', 'ingredient': 'shredded mozzarella cheese'}, {'quantity': '1/3', 'unit': 'cup', 'ingredient': 'grated Parmesan cheese'}, {'quantity': None, 'unit': None, 'ingredient': 'chopped parsley, for garnish'}]",1 hr 25 mins,10
https://www.allrecipes.com/french-onion-beef-and-noodles-recipe-8732520,French Onion Beef and Noodles,"[{'quantity': '2', 'unit': 'tablespoons', 'ingredient': 'vegetable oil, divided'}, {'quantity': '1', 'unit': 'pound', 'ingredient': 'beef stew meat'}, {'quantity': '1 1/2', 'unit': 'cups', 'ingredient': 'sweet onion'}, {'quantity': '2', 'unit': 'cloves', 'ingredient': 'garlic, minced'}, {'quantity': '1', 'unit': '(32 ounce)', 'ingredient': 'beef broth'}, {'quantity': '1', 'unit': '(10 1/2-ounce) can', 'ingredient': 'condensed French onion soup'}, {'quantity': '1/2', 'unit': 'teaspoon', 'ingredient': 'ground black pepper'}, {'quantity': '2/3', 'unit': 'cup', 'ingredient': 'sour cream'}, {'quantity': '1/3', 'unit': 'cup', 'ingredient': 'grated Parmesan cheese'}, {'quantity': '1', 'unit': '(12-ounce)', 'ingredient': 'wide or medium egg noodles'}, {'quantity': '1', 'unit': '(2.8-ounce) can', 'ingredient': 'rench-fried onions'}, {'quantity': '2', 'unit': 'tablespoons', 'ingredient': 'fresh parsley'}]",55 mins,6
https://www.allrecipes.com/beef-tenderloin-with-dijon-cream-sauce-recipe-8741691,Beef Tenderloin with Dijon Cream Sauce,"[{'quantity': '1', 'unit': '(2-pound)', 'ingredient': 'beef tenderloin, trimmed, with silver skin removed'}, {'quantity': '2', 'unit': 'tablespoons', 'ingredient': 'butter, softened'}, {'quantity': '3 1/2', 'unit': 'teaspoons', 'ingredient': 'orcestershire sauce'}, {'quantity': '1', 'unit': 'teaspoon', 'ingredient': 'salt'}, {'quantity': '1', 'unit': 'teaspoon', 'ingredient': 'black pepper'}, {'quantity': '3/4', 'unit': 'cup', 'ingredient': 'mayonnaise'}, {'quantity': '1/4', 'unit': 'cup', 'ingredient': 'ijon mustard'}, {'quantity': '2', 'unit': 'dashes', 'ingredient': 'hot sauce'}, {'quantity': None, 'unit': None, 'ingredient': 'fresh parsley, for garnish'}]",40 mins,8
https://www.allrecipes.com/tex-mex-ground-beef-and-potato-skillet-recipe-8738717,Tex-Mex Ground Beef and Potato Skillet,"[{'quantity': '1', 'unit': 'pound', 'ingredient': 'ground beef'}, {'quantity': '2', 'unit': 'pounds', 'ingredient': 'hash brown potatoes'}, {'quantity': '1', 'unit': 'cup', 'ingredient': 'corn kernels'}, {'quantity': '1', 'unit': None, 'ingredient': 'zucchini'}, {'quantity': '1', 'unit': 'cup', 'ingredient': 'beef broth'}, {'quantity': '1', 'unit': '(10 ounce) can', 'ingredient': 'diced tomatoes and green chilies, (such as Ro-Tel® Original)'}, {'quantity': '1', 'unit': 'tablespoon', 'ingredient': 'taco seasoning, mild or hot'}, {'quantity': '2', 'unit': 'teaspoons', 'ingredient': 'ground cumin'}, {'quantity': None, 'unit': None, 'ingredient': 'salt and freshly ground black pepper to taste'}, {'quantity': '1 1/2', 'unit': 'cups', 'ingredient': 'shredded Cheddar cheese'}, {'quantity': '1/2', 'unit': 'cup', 'ingredient': 'sour cream'}, {'quantity': '3', 'unit': None, 'ingredient': 'green onions, sliced'}]",35 mins,5
https://www.allrecipes.com/beef-and-bean-tiny-tacos-recipe-8727881,Beef and Bean Tiny Tacos,"[{'quantity': '1', 'unit': 'pound', 'ingredient': 'ground beef'}, {'quantity': '1', 'unit': 'packet', 'ingredient': 'taco seasoning'}, {'quantity': '1/2', 'unit': 'cup', 'ingredient': 'water'}, {'quantity': '48', 'unit': None, 'ingredient': 'corn tortilla chips'}, {'quantity': '1', 'unit': '(14 ounce) can', 'ingredient': 'refried beans'}, {'quantity': '8', 'unit': 'ounces', 'ingredient': 'Mexican blend cheese'}, {'quantity': '1/4', 'unit': 'cup', 'ingredient': 'chopped cilantro'}, {'quantity': '1/4', 'unit': 'cup', 'ingredient': '1/4'}]",25 mins,12
https://www.allrecipes.com/the-crustburger-recipe-8728720,The Crustburger,"[{'quantity': '2', 'unit': 'teaspoons', 'ingredient': 'butter'}, {'quantity': '1', 'unit': None, 'ingredient': 'potato hamburger bun'}, {'quantity': '2', 'unit': 'ounces', 'ingredient': 'ground beef'}, {'quantity': None, 'unit': None, 'ingredient': 'salt and freshly ground black pepper to taste'}, {'quantity': '1', 'unit': 'slice', 'ingredient': 'onion'}, {'quantity': '1', 'unit': 'slice', 'ingredient': 'American cheese'}, {'quantity': '1', 'unit': 'tablespoon', 'ingredient': 'mayonnaise'}, {'quantity': '2', 'unit': 'teaspoons', 'ingredient': 'ketchup'}, {'quantity': '1/2', 'unit': 'teaspoon', 'ingredient': 'hot sauce,'}, {'quantity': '1/4', 'unit': 'teaspoon', 'ingredient': 'fish sauce'}]",15 mins,1
https://www.allrecipes.com/italian-steak-pizzaiola-recipe-8732132,Italian Steak Pizzaiola,"[{'quantity': '4', 'unit': None, 'ingredient': 'ribeye steaks'}, {'quantity': '1 1/2', 'unit': 'teaspoons', 'ingredient': 'kosher salt, divided'}, {'quantity': '1', 'unit': 'teaspoonfreshly ground black', 'ingredient': 'freshly ground black'}, {'quantity': '3', 'unit': 'tablespoons', 'ingredient': 'extra virgin olive oil, divied'}, {'quantity': '1/2', 'unit': 'cup', 'ingredient': 'onion'}, {'quantity': '2', 'unit': 'cloves', 'ingredient': 'garlic, minced'}, {'quantity': '1/4', 'unit': 'teaspoon', 'ingredient': 'crushed red pepper'}, {'quantity': '1/2', 'unit': 'cup', 'ingredient': 'white or red wine'}, {'quantity': '8', 'unit': None, 'ingredient': 'roma tomatoes, chopped'}, {'quantity': '1/2', 'unit': 'teaspoon', 'ingredient': 'oregano'}, {'quantity': '2', 'unit': 'tablespoons', 'ingredient': 'tomato paste'}, {'quantity': '1/4', 'unit': 'cup', 'ingredient': 'olives'}, {'quantity': '2', 'unit': 'tablespoons', 'ingredient': 'chopped parsley'}]",25 mins,4
https://www.allrecipes.com/classic-swiss-steak-recipe-8729086,Classic Swiss Steak,"[{'quantity': '1', 'unit': 'cup', 'ingredient': 'all-purpose flour'}, {'quantity': '1', 'unit': 'tablespoon', 'ingredient': 'kosher salt'}, {'quantity': '1 1/2', 'unit': 'teaspoons', 'ingredient': 'ground black pepper'}, {'quantity': '2', 'unit': 'teaspoons', 'ingredient': 'paprika'}, {'quantity': '1', 'unit': 'teaspoon', 'ingredient': 'garlic powder'}, {'quantity': '2', 'unit': 'pounds', 'ingredient': 'round or rump steak'}, {'quantity': '1 1/2', 'unit': 'tablespoons', 'ingredient': 'vegetable oil'}, {'quantity': '1', 'unit': None, 'ingredient': 'onion'}, {'quantity': '1', 'unit': None, 'ingredient': 'green bell pepper'}, {'quantity': '2', 'unit': None, 'ingredient': 'carrots'}, {'quantity': '8', 'unit': 'ounces', 'ingredient': 'sliced mushrooms'}, {'quantity': '2', 'unit': '(14.5 ounce) cans', 'ingredient': 'stewed tomatoes'}, {'quantity': '1', 'unit': 'tablespoon', 'ingredient': 'fresh parsley'}]",2 hrs 5 mins,6
https://www.allrecipes.com/bobotie-south-african-beef-casserole-recipe-8738400,Bobotie (South African Beef Casserole),"[{'quantity': '1', 'unit': 'tablespoon', 'ingredient': 'olive oil'}, {'quantity': '1', 'unit': 'tablespoon', 'ingredient': 'butter'}, {'quantity': '1', 'unit': 'large', 'ingredient': 'onion'}, {'quantity': '2', 'unit': 'teaspoons', 'ingredient': 'kosher salt'}, {'quantity': '5', 'unit': 'teaspoons', 'ingredient': 'curry powder'}, {'quantity': '1/2', 'unit': 'teaspoon', 'ingredient': 'ground turmeric'}, {'quantity': '1', 'unit': 'teaspoon', 'ingredient': 'ground cumin'}, {'quantity': '1/2', 'unit': 'teaspoon', 'ingredient': 'ground black pepper'}, {'quantity': '1', 'unit': 'teaspoon', 'ingredient': 'dried oregano'}, {'quantity': '2', 'unit': 'pounds', 'ingredient': 'ground beef'}, {'quantity': '4', 'unit': None, 'ingredient': 'bay laurel leaves'}, {'quantity': '1', 'unit': 'tablespoon', 'ingredient': 'tomato paste'}, {'quantity': '4', 'unit': 'cloves', 'ingredient': 'garlic,'}, {'quantity': '2', 'unit': 'tablespoons', 'ingredient': 'lemon juice'}, {'quantity': '1', 'unit': 'teaspoon', 'ingredient': 'lemon zest'}, {'quantity': '1', 'unit': 'tablespoon', 'ingredient': 'wine vinegar'}, {'quantity': '1/2', 'unit': 'teaspoon', 'ingredient': 'Worcestershire sauce'}, {'quantity': '1/3', 'unit': 'cup', 'ingredient': 'chutney,'}, {'quantity': '3', 'unit': 'slices', 'ingredient': 'white bread'}, {'quantity': '1 1/2', 'unit': 'cups', 'ingredient': 'milk'}, {'quantity': '2', 'unit': 'large', 'ingredient': 'eggs'}, {'quantity': '1', 'unit': 'pinch', 'ingredient': 'cayenne pepper'}]",1 hr 30 mins,8
https://www.allrecipes.com/slow-cooker-stuffed-pepper-soup-recipe-8723902,Slow Cooker Stuffed Pepper Soup,"[{'quantity': '1', 'unit': 'pound', 'ingredient': 'ground beef'}, {'quantity': '3', 'unit': '(14.5 ounce) cans', 'ingredient': 'low-sodium chicken broth'}, {'quantity': '2', 'unit': '(8 ounce) cans', 'ingredient': 'tomato sauce'}, {'quantity': '1', 'unit': '(14.5 ounce) can', 'ingredient': 'fire roasted diced tomatoes'}, {'quantity': '2', 'unit': 'cloves', 'ingredient': 'garlic'}, {'quantity': '1', 'unit': None, 'ingredient': 'green bell pepper'}, {'quantity': '1', 'unit': None, 'ingredient': 'red bell pepper'}, {'quantity': '1/2', 'unit': 'cup', 'ingredient': 'onion'}, {'quantity': '1', 'unit': 'tablespoon', 'ingredient': 'chicken bouillon'}, {'quantity': '1', 'unit': 'teaspoon', 'ingredient': 'dried oregano'}, {'quantity': '1', 'unit': 'teaspoon', 'ingredient': 'salt'}, {'quantity': '1/2', 'unit': 'teaspoon', 'ingredient': 'pepper'}, {'quantity': '1', 'unit': 'cup', 'ingredient': 'instant white rice'}, {'quantity': '1', 'unit': 'cup', 'ingredient': 'shredded mozzarella cheese'}]",3 hrs 45 mins,8
https://www.allrecipes.com/slow-cooker-cheeseburger-soup-recipe-8718390,Slow Cooker Cheeseburger Soup,"[{'quantity': '1', 'unit': 'pound', 'ingredient': 'ground beef'}, {'quantity': '1/2', 'unit': 'cup', 'ingredient': 'chopped yellow onion'}, {'quantity': '2 ½', 'unit': 'cups lower sodium', 'ingredient': 'beef broth'}, {'quantity': '2', 'unit': None, 'ingredient': 'russet potatoes, peeled and chopped'}, {'quantity': '1', 'unit': '(14.5-ounce) can', 'ingredient': 'diced tomatoes, undrained'}, {'quantity': '1', 'unit': '(10.5-ounce) can', 'ingredient': 'condensed Cheddar cheese soup'}, {'quantity': '1 (8-ounce) can', 'unit': None, 'ingredient': 'tomato sauce'}, {'quantity': '1/4', 'unit': 'cup', 'ingredient': 'ketchup, plus more for garnish'}, {'quantity': '2', 'unit': 'tablespoons', 'ingredient': 'yellow mustard, plus more for garnish'}, {'quantity': '1', 'unit': 'cup shredded C', 'ingredient': 'heddar cheese, plus more for garnish'}, {'quantity': '1/2', 'unit': 'cup', 'ingredient': 'dill pickle slices'}, {'quantity': '1/4', 'unit': 'cup', 'ingredient': 'red onion'}]",4 hrs 53 mins,6
https://www.allrecipes.com/short-ribs-pizzaiola-recipe-8720220,Short Ribs Pizzaiola,"[{'quantity': '1', 'unit': '(28 ounce) can', 'ingredient': 'plum tomatoes'}, {'quantity': '6', 'unit': None, 'ingredient': 'beef short ribs'}, {'quantity': '3', 'unit': 'teaspoons', 'ingredient': 'kosher salt'}, {'quantity': '2', 'unit': 'tablespoons', 'ingredient': 'olive oil'}, {'quantity': '10', 'unit': 'large', 'ingredient': 'mushrooms'}, {'quantity': '1', 'unit': None, 'ingredient': 'yellow onion'}, {'quantity': '1', 'unit': 'tablespoon', 'ingredient': 'dried oregano'}, {'quantity': '1', 'unit': 'teaspoon', 'ingredient': 'ground black pepper'}, {'quantity': '1/4', 'unit': 'teaspoon', 'ingredient': 'red chili flakes'}, {'quantity': '8', 'unit': 'cloves', 'ingredient': 'garlic'}, {'quantity': '1/2', 'unit': 'cup', 'ingredient': 'white wine'}, {'quantity': '1', 'unit': 'cup', 'ingredient': 'chicken or beef broth'}, {'quantity': '1', 'unit': 'large', 'ingredient': 'red bell pepper'}, {'quantity': '1/2', 'unit': 'cup', 'ingredient': 'basil leaves'}]",4 hrs,6
https://www.allrecipes.com/cowboy-soup-recipe-8720981,Cowboy Soup,"[{'quantity': '1', 'unit': 'pound', 'ingredient': 'ground beef'}, {'quantity': '1', 'unit': None, 'ingredient': 'onion'}, {'quantity': '1', 'unit': 'large', 'ingredient': 'green bell pepper'}, {'quantity': '4', 'unit': 'cups', 'ingredient': 'beef broth'}, {'quantity': '1', 'unit': '(14.5 ounce) can Mexican-flavored', 'ingredient': 'diced tomatoes, undrained'}, {'quantity': '1', 'unit': '(15.5 ounce) can', 'ingredient': 'pinto beans, undrained'}, {'quantity': '1', 'unit': '15.25 ounce) can', 'ingredient': 'corn'}, {'quantity': '1', 'unit': 'large', 'ingredient': 'baking potato'}, {'quantity': '1', 'unit': 'tablespoon', 'ingredient': 'chili powder'}, {'quantity': '1', 'unit': 'tablespoon', 'ingredient': 'Worcestershire sauce'}, {'quantity': '1', 'unit': 'teaspoon', 'ingredient': 'paprika'}, {'quantity': '1/2', 'unit': 'teaspoon', 'ingredient': 'ground cumin'}, {'quantity': None, 'unit': None, 'ingredient': 'salt and freshly ground black pepper to taste'}]",55 mins,6
https://www.allrecipes.com/one-pot-beef-ramen-noodles-recipe-8703840,One-Pot Beef Ramen Noodles,"[{'quantity': '1', 'unit': 'pound', 'ingredient': 'ground beef'}, {'quantity': '3', 'unit': 'cups', 'ingredient': 'cabbage'}, {'quantity': '1 1/2', 'unit': 'cups', 'ingredient': 'red bell pepper'}, {'quantity': '3', 'unit': None, 'ingredient': 'garlic, minced'}, {'quantity': '2', 'unit': 'cups', 'ingredient': 'chicken stock'}, {'quantity': '3', 'unit': 'tablespoons', 'ingredient': 'soy sauce'}, {'quantity': '3', 'unit': 'tablespoons', 'ingredient': 'hoisin sauce'}, {'quantity': '2', 'unit': 'packages', 'ingredient': 'instant ramen noodles'}, {'quantity': '1', 'unit': 'cup', 'ingredient': 'carrots'}, {'quantity': None, 'unit': None, 'ingredient': 'scallions'}, {'quantity': None, 'unit': None, 'ingredient': 'toasted sesame seeds'}]",30 mins,4 (serving size:1 1/2 cups)
https://www.allrecipes.com/apple-butter-meatballs-recipe-8714730,Apple Butter Meatballs,"[{'quantity': '1/2', 'unit': 'pound', 'ingredient': 'ground beef'}, {'quantity': '1/2', 'unit': 'pound', 'ingredient': 'ground pork'}, {'quantity': '1/4', 'unit': 'cup', 'ingredient': 'panko bread crumbs'}, {'quantity': '1/4', 'unit': 'cup', 'ingredient': 'white onion'}, {'quantity': '1', 'unit': 'large', 'ingredient': 'egg'}, {'quantity': '1/4', 'unit': 'cup', 'ingredient': 'milk'}, {'quantity': '3/4', 'unit': 'teaspoon', 'ingredient': 'salt'}, {'quantity': '1/2', 'unit': 'teaspoon', 'ingredient': 'granulated garlic'}, {'quantity': '1/4', 'unit': 'teaspoon', 'ingredient': 'black pepper'}, {'quantity': '1/2', 'unit': 'cup', 'ingredient': 'apple butter'}, {'quantity': '1/4', 'unit': 'cup', 'ingredient': 'bourbon whiskey'}, {'quantity': '2', 'unit': 'tablespoons', 'ingredient': 'soy sauce'}, {'quantity': '2', 'unit': 'tablespoons', 'ingredient': 'maple syrup'}, {'quantity': '1', 'unit': 'teaspoon', 'ingredient': 'Dijon mustard'}, {'quantity': None, 'unit': None, 'ingredient': 'salt to taste'}]",1 hr,4
https://www.allrecipes.com/sloppy-joe-shepherd-s-pie-recipe-8711666,Sloppy Joe Shepherd’s Pie,"[{'quantity': '1', 'unit': 'teaspoon', 'ingredient': 'olive oil'}, {'quantity': '3', 'unit': 'large', 'ingredient': 'garlic cloves, finely chopped'}, {'quantity': '1', 'unit': 'pound', 'ingredient': 'ground chuck'}, {'quantity': '1', 'unit': 'cup', 'ingredient': 'chopped yellow onion'}, {'quantity': '1 (3/8 ounce)', 'unit': None, 'ingredient': 'beef bouillon cube'}, {'quantity': '1 1/2', 'unit': 'teaspoons', 'ingredient': 'light brown sugar'}, {'quantity': '1', 'unit': 'teaspoon', 'ingredient': 'dry mustard'}, {'quantity': '1/2', 'unit': 'teaspoon', 'ingredient': 'black pepper'}, {'quantity': '1', 'unit': '(14-ounce)', 'ingredient': 'can crushed tomatoes'}, {'quantity': '1/2', 'unit': 'cup', 'ingredient': 'ketchup'}, {'quantity': '1/3', 'unit': 'cup', 'ingredient': 'beef broth'}, {'quantity': '1', 'unit': 'tablespoon', 'ingredient': 'tomato paste'}, {'quantity': '1', 'unit': 'tablespoon W', 'ingredient': 'orcestershire Sauce'}, {'quantity': None, 'unit': '(32-ounce) package', 'ingredient': 'mashed potatoes'}, {'quantity': '1/2', 'unit': 'cup', 'ingredient': 'heddar cheese'}, {'quantity': '1/2', 'unit': 'cup', 'ingredient': 'onterey Jack cheese'}, {'quantity': None, 'unit': 'chopped', 'ingredient': 'chives for garnish'}]",50 mins,6
https://www.allrecipes.com/giant-lazy-meatballs-recipe-8715240,Giant Lazy Meatballs,"[{'quantity': '4', 'unit': 'large slices', 'ingredient': 'white bread'}, {'quantity': '1/2', 'unit': 'cup', 'ingredient': 'milk'}, {'quantity': '1', 'unit': 'pound', 'ingredient': 'ground beef'}, {'quantity': '1', 'unit': 'pound', 'ingredient': 'ground pork'}, {'quantity': '2 1/2', 'unit': 'teaspoons', 'ingredient': 'kosher salt'}, {'quantity': '1', 'unit': 'teaspoon', 'ingredient': 'ground black pepper'}, {'quantity': '1/4', 'unit': 'teaspoon', 'ingredient': 'dried oregano'}, {'quantity': '1', 'unit': 'teaspoon', 'ingredient': 'onion powder'}, {'quantity': '1', 'unit': 'teaspoon', 'ingredient': 'garlic powder'}, {'quantity': '1', 'unit': 'pinch', 'ingredient': 'cayenne pepper'}, {'quantity': '1', 'unit': 'tablespoon', 'ingredient': 'olive oil'}, {'quantity': '1/4', 'unit': 'cup', 'ingredient': 'grated Parmigiano-Reggiano cheese'}, {'quantity': '1/3', 'unit': 'cup chopped', 'ingredient': 'fresh Italian parsley (optional)'}, {'quantity': '2', 'unit': 'large', 'ingredient': 'eggs,'}, {'quantity': '2', 'unit': 'cups', 'ingredient': 'tomato sauce'}, {'quantity': '2', 'unit': 'ounces', 'ingredient': 'Monterey Jack cheese'}, {'quantity': '1/4', 'unit': 'cup', 'ingredient': 'Parmigiano-Reggiano cheese'}, {'quantity': '1', 'unit': 'tablespoon', 'ingredient': 'Italian parsley'}]",2 hrs 20 mins,8
https://www.allrecipes.com/beef-and-pork-guiso-recipe-7494546,Beef and Pork Guiso,"[{'quantity': '6', 'unit': 'pounds', 'ingredient': 'beef roast'}, {'quantity': '3', 'unit': 'pounds', 'ingredient': 'pork loin roast'}, {'quantity': '2', 'unit': 'tablespoons', 'ingredient': 'adobo seasoning, divided, or to taste'}, {'quantity': '2', 'unit': 'tablespoons', 'ingredient': 'ground cumin, divided, or to taste'}, {'quantity': '2', 'unit': 'large', 'ingredient': 'onions'}, {'quantity': '1', 'unit': 'head', 'ingredient': 'garlic'}, {'quantity': '2', 'unit': None, 'ingredient': 'red bell peppers'}, {'quantity': '1', 'unit': None, 'ingredient': 'orange bell pepper'}, {'quantity': '1', 'unit': None, 'ingredient': 'yellow bell pepper'}, {'quantity': '10', 'unit': 'ounces', 'ingredient': 'green olives'}, {'quantity': '4', 'unit': 'cup', 'ingredient': 'vegetables (giardiniera)'}, {'quantity': '1/4', 'unit': 'cup', 'ingredient': 'capers'}, {'quantity': '1/2', 'unit': 'cup', 'ingredient': 'chopped cilantro'}, {'quantity': '1/2', 'unit': 'cup', 'ingredient': 'corn oil'}, {'quantity': '1', 'unit': 'cup', 'ingredient': 'red wine'}, {'quantity': '1', 'unit': 'cup', 'ingredient': 'chicken broth'}, {'quantity': None, 'unit': None, 'ingredient': 'salt to taste'}]",6 hrs,25 servings
https://www.allrecipes.com/crockpot-lasagna-soup-recipe-8698429,Crockpot Lasagna Soup,"[{'quantity': '1 1/2', 'unit': 'pounds', 'ingredient': '93/7 lean ground beef'}, {'quantity': '1 1/2', 'unit': 'cups', 'ingredient': 'yellow onion'}, {'quantity': '6', 'unit': 'cloves', 'ingredient': 'garlic'}, {'quantity': '1 1/2', 'unit': 'teaspoons', 'ingredient': 'salt, divided'}, {'quantity': '3/4', 'unit': 'teaspoon', 'ingredient': 'black pepper, divided'}, {'quantity': '6', 'unit': 'cups', 'ingredient': 'beef broth'}, {'quantity': '1', 'unit': '1(24-ounce) jar', 'ingredient': ""marinara sauce (such as Rao's)""}, {'quantity': '1', 'unit': '15-ounce) can', 'ingredient': 'diced tomatoes, drained'}, {'quantity': '1', 'unit': '(6-ounce) can', 'ingredient': 'basil, garlic, and oregano tomato paste'}, {'quantity': '1/4', 'unit': 'teaspoon', 'ingredient': 'crushed red pepper, plus more for garnish'}, {'quantity': '8', 'unit': 'ounces', 'ingredient': 'lasagna noodles, broken into 1 3/4-inch pieces (About 8 to 9 sheets)'}, {'quantity': '2', 'unit': 'cups', 'ingredient': 'baby spinach, chopped'}, {'quantity': '1', 'unit': '(15-ounce) container', 'ingredient': 'whole milk ricotta cheese'}, {'quantity': None, 'unit': None, 'ingredient': 'freshly grated Parmesan cheese, to taste'}]",2 hrs 50 mins,10
https://www.allrecipes.com/amish-beef-and-noodles-recipe-8712456,Amish Beef and Noodles,"[{'quantity': '2 1/2', 'unit': 'pounds', 'ingredient': 'beef chuck'}, {'quantity': '2', 'unit': 'teaspoons', 'ingredient': 'kosher salt'}, {'quantity': '1', 'unit': 'teaspoon', 'ingredient': 'ground black pepper'}, {'quantity': '1', 'unit': 'tablespoon', 'ingredient': 'vegetable oil'}, {'quantity': '2', 'unit': 'large', 'ingredient': 'yellow onions'}, {'quantity': '2', 'unit': 'tablespoons', 'ingredient': 'all-purpose flour'}, {'quantity': '1', 'unit': 'teaspoon', 'ingredient': 'garlic powder'}, {'quantity': '1', 'unit': 'tablespoon', 'ingredient': 'beef bouillon paste'}, {'quantity': '8', 'unit': 'cups', 'ingredient': 'beef broth,'}, {'quantity': '12', 'unit': 'ounces', 'ingredient': 'egg noodles'}, {'quantity': None, 'unit': None, 'ingredient': 'green onions for garnish (optional)'}]",2 hrs 35 mins,6
https://www.allrecipes.com/copycat-cracker-barrel-hash-brown-casserole-shepherds-pie-recipe-8706205,Copycat Cracker Barrel Hash Brown Casserole Shepherd's Pie,"[{'quantity': '1/2', 'unit': 'recipe', 'ingredient': 'Easy Pot Roast'}, {'quantity': '1', 'unit': 'cup', 'ingredient': 'frozen peas'}, {'quantity': '1', 'unit': '(24 ounce) container', 'ingredient': 'mashed potatoes'}, {'quantity': '1/2', 'unit': 'recipe', 'ingredient': 'ash Brown Casserole'}, {'quantity': '1 1/2', 'unit': 'cups', 'ingredient': 'shredded Cheddar cheese'}, {'quantity': '2', 'unit': 'tablespoons', 'ingredient': 'green onion'}]",55 mins,6 to 8
https://www.allrecipes.com/sloppy-joe-skillet-cornbread-casserole-recipe-8712295,Sloppy Joe Skillet Cornbread Casserole,"[{'quantity': '2', 'unit': 'teaspoons', 'ingredient': 'olive oil'}, {'quantity': '1', 'unit': None, 'ingredient': 'green bell pepper, diced'}, {'quantity': '1', 'unit': 'small', 'ingredient': 'onion, diced'}, {'quantity': '2', 'unit': 'cloves', 'ingredient': 'garlic, minced'}, {'quantity': '1/2', 'unit': 'teaspoons', 'ingredient': 'kosher salt'}, {'quantity': '1½', 'unit': 'pounds', 'ingredient': 'lean ground beef'}, {'quantity': '1', 'unit': 'cup', 'ingredient': 'ketchup'}, {'quantity': '3', 'unit': 'tablespoons', 'ingredient': 'mustard'}, {'quantity': '2½', 'unit': 'tablespoons', 'ingredient': 'brown sugar'}, {'quantity': '1½', 'unit': 'tablespoons', 'ingredient': 'Worcestershire sauce'}, {'quantity': '1/2', 'unit': 'teaspoon', 'ingredient': 'garlic powder'}, {'quantity': '1/2', 'unit': 'teaspoon', 'ingredient': 'ground black pepper'}, {'quantity': '1', 'unit': 'tablespoon', 'ingredient': 'hot sauce, such as Tabasco®'}, {'quantity': '1', 'unit': 'tablespoon', 'ingredient': 'tomato paste'}, {'quantity': '1/2', 'unit': 'cup', 'ingredient': 'water'}, {'quantity': '3', 'unit': None, 'ingredient': 'pickle spears'}, {'quantity': '1', 'unit': '(8.5 ounce) box', 'ingredient': 'corn muffin mix,'}, {'quantity': '1', 'unit': 'large', 'ingredient': 'egg'}, {'quantity': '1/3', 'unit': 'cup', 'ingredient': 'milk'}, {'quantity': '1/4', 'unit': 'cup', 'ingredient': 'sour cream'}, {'quantity': '1', 'unit': 'cup', 'ingredient': 'shredded Cheddar cheese'}]",55 mins,6
https://www.allrecipes.com/french-onion-beef-and-noodles-recipe-8732520,French Onion Beef and Noodles,"[{'quantity': '2', 'unit': 'tablespoons', 'ingredient': 'vegetable oil, divided'}, {'quantity': '1', 'unit': 'pound', 'ingredient': 'beef stew meat'}, {'quantity': '1 1/2', 'unit': 'cups', 'ingredient': 'sweet onion'}, {'quantity': '2', 'unit': 'cloves', 'ingredient': 'garlic, minced'}, {'quantity': '1', 'unit': '(32 ounce)', 'ingredient': 'beef broth'}, {'quantity': '1', 'unit': '(10 1/2-ounce) can', 'ingredient': 'condensed French onion soup'}, {'quantity': '1/2', 'unit': 'teaspoon', 'ingredient': 'ground black pepper'}, {'quantity': '2/3', 'unit': 'cup', 'ingredient': 'sour cream'}, {'quantity': '1/3', 'unit': 'cup', 'ingredient': 'grated Parmesan cheese'}, {'quantity': '1', 'unit': '(12-ounce)', 'ingredient': 'wide or medium egg noodles'}, {'quantity': '1', 'unit': '(2.8-ounce) can', 'ingredient': 'rench-fried onions'}, {'quantity': '2', 'unit': 'tablespoons', 'ingredient': 'fresh parsley'}]",55 mins,6
https://www.allrecipes.com/guinness-chili-for-two-recipe-11692381,Guinness Chili for Two,"[{'quantity': '1', 'unit': 'tablespoon', 'ingredient': 'olive oil'}, {'quantity': '1', 'unit': 'slice', 'ingredient': 'bacon'}, {'quantity': '1/4', 'unit': 'tsp', 'ingredient': 'salt and freshly ground black pepper'}, {'quantity': '1 1/2', 'unit': 'pounds', 'ingredient': 'beef stew meat'}, {'quantity': '1/2', 'unit': 'cup', 'ingredient': 'all purpose flour'}, {'quantity': '1/4', 'unit': 'medium', 'ingredient': 'yellow onion'}, {'quantity': '1/4', 'unit': 'cup', 'ingredient': 'cilantro leaves'}, {'quantity': '2', 'unit': 'teaspoons', 'ingredient': 'garlic paste'}, {'quantity': '1/4', 'unit': 'cup', 'ingredient': 'tomato paste'}, {'quantity': '2', 'unit': 'tablespoons', 'ingredient': 'chili powder'}, {'quantity': '1/8', 'unit': 'teaspoon', 'ingredient': 'dried oregano'}, {'quantity': '1', 'unit': 'teaspoon', 'ingredient': 'ground cumin'}, {'quantity': '1/8', 'unit': 'teaspoon', 'ingredient': 'smoked paprika'}, {'quantity': '1/2', 'unit': 'teaspoon', 'ingredient': 'ground coriander'}, {'quantity': '5', 'unit': 'fluid ounces', 'ingredient': 'Irish stout,'}, {'quantity': '1', 'unit': '(5-ounce) can', 'ingredient': 'tomato sauce'}, {'quantity': '1 1/2', 'unit': 'cups', 'ingredient': 'beef broth'}, {'quantity': '1/4', 'unit': 'tsp', 'ingredient': 'salt and freshly ground black pepper'}, {'quantity': None, 'unit': None, 'ingredient': 'sliced green onion and cilantro,'}]",1 hr 50 mins,2
https://www.allrecipes.com/recipe/246418/traditional-irish-stew/,Slow Cooker Irish Beef Stew,"[{'quantity': '3', 'unit': '', 'ingredient': 'russet potatoes, diced'}, {'quantity': '1', 'unit': 'pound', 'ingredient': 'baby carrots'}, {'quantity': '1', 'unit': 'large', 'ingredient': 'onion, chopped'}, {'quantity': '4', 'unit': 'cloves', 'ingredient': 'garlic, minced'}, {'quantity': '1', 'unit': 'tablespoon', 'ingredient': 'olive oil, or to taste'}, {'quantity': '2', 'unit': 'pounds', 'ingredient': 'beef chuck roast, cubed'}, {'quantity': '1', 'unit': '(16 ounce) bottle', 'ingredient': 'stout beer, divided'}, {'quantity': '1', 'unit': '(6 ounce) can', 'ingredient': 'tomato paste'}, {'quantity': '1', 'unit': 'cup', 'ingredient': 'beef broth'}, {'quantity': '1', 'unit': 'tablespoon', 'ingredient': 'garlic powder'}, {'quantity': '1', 'unit': 'tablespoon', 'ingredient': 'onion powder'}, {'quantity': '1', 'unit': 'tablespoon', 'ingredient': 'smoked paprika'}, {'quantity': '', 'unit': '', 'ingredient': 'salt and ground black pepper to taste'}]",3 hrs 30 mins,8
https://www.allrecipes.com/recipe/23922/green-chili-stew/,Green Chile Stew,"[{'quantity': '1', 'unit': 'tablespoon', 'ingredient': 'vegetable oil'}, {'quantity': '2', 'unit': 'pounds', 'ingredient': 'cubed beef stew meat (or cubed pork shoulder)'}, {'quantity': '1', 'unit': '', 'ingredient': 'onion, chopped'}, {'quantity': '1', 'unit': '(10 ounce) can', 'ingredient': 'diced tomatoes with green chile peppers'}, {'quantity': '1 ½', 'unit': 'cups', 'ingredient': 'beef broth'}, {'quantity': '1', 'unit': '(4 ounce) can', 'ingredient': 'chopped green chile peppers'}, {'quantity': '1', 'unit': 'teaspoon', 'ingredient': 'garlic salt'}, {'quantity': '1', 'unit': 'teaspoon', 'ingredient': 'ground cumin'}, {'quantity': '', 'unit': '', 'ingredient': 'salt and ground black pepper to taste'}, {'quantity': '2', 'unit': 'large', 'ingredient': 'potatoes, peeled and cubed'}]",2 hrs,4
https://www.allrecipes.com/recipe/14685/slow-cooker-beef-stew-i/,Slow Cooker Beef Stew,"[{'quantity': '2', 'unit': 'pounds', 'ingredient': 'beef stew meat, cut into 1-inch pieces'}, {'quantity': '¼', 'unit': 'cup', 'ingredient': 'all-purpose flour'}, {'quantity': '½', 'unit': 'teaspoon', 'ingredient': 'salt'}, {'quantity': '½', 'unit': 'teaspoon', 'ingredient': 'ground black pepper'}, {'quantity': '1 ½', 'unit': 'cups', 'ingredient': 'beef broth'}, {'quantity': '4', 'unit': 'medium', 'ingredient': 'carrots, sliced'}, {'quantity': '3', 'unit': 'medium', 'ingredient': 'potatoes, diced'}, {'quantity': '1', 'unit': 'medium', 'ingredient': 'onion, chopped'}, {'quantity': '1', 'unit': 'stalk', 'ingredient': 'celery, chopped'}, {'quantity': '1', 'unit': 'teaspoon', 'ingredient': 'Worcestershire sauce'}, {'quantity': '1', 'unit': 'teaspoon', 'ingredient': 'ground paprika'}, {'quantity': '1', 'unit': 'clove', 'ingredient': 'garlic, minced'}, {'quantity': '1', 'unit': 'large', 'ingredient': 'bay leaf'}]",4 hrs 20 mins,6
https://www.allrecipes.com/gallery/what-to-make-with-stew-meat/,18 Recipes to Make with Stew Meat Besides Stew,[],,
https://www.allrecipes.com/recipe/234534/beef-and-guinness-stew/,Beef and Guinness Stew,"[{'quantity': '4', 'unit': 'slices', 'ingredient': 'bacon, cut into small pieces'}, {'quantity': '2 ½', 'unit': 'pounds', 'ingredient': 'boneless beef chuck, cut into 2-inch pieces'}, {'quantity': '1 ½', 'unit': 'teaspoons', 'ingredient': 'salt, divided, or more to taste'}, {'quantity': None, 'unit': None, 'ingredient': 'freshly ground black pepper to taste'}, {'quantity': '2', 'unit': '', 'ingredient': 'onions, coarsely chopped'}, {'quantity': '4', 'unit': 'cloves', 'ingredient': 'garlic, minced'}, {'quantity': '1', 'unit': '(14.9 ounce) can', 'ingredient': 'dark beer (such as Guinness)'}, {'quantity': '¼', 'unit': 'cup', 'ingredient': 'tomato paste'}, {'quantity': '3', 'unit': '', 'ingredient': 'carrots, cut into 1-inch pieces'}, {'quantity': '2', 'unit': 'ribs', 'ingredient': 'celery, cut into 1-inch pieces'}, {'quantity': '4', 'unit': 'sprigs', 'ingredient': 'fresh thyme'}, {'quantity': '1', 'unit': 'teaspoon', 'ingredient': 'white sugar'}, {'quantity': '½', 'unit': 'teaspoon', 'ingredient': 'freshly ground black pepper, or to taste'}, {'quantity': '2 ½', 'unit': 'cups', 'ingredient': 'chicken stock, or as needed to cover'}, {'quantity': '4', 'unit': 'cups', 'ingredient': 'mashed potatoes (Optional)'}]",3 hrs,6
https://www.allrecipes.com/recipe/25678/beef-stew-vi/,Homemade Beef Stew,"[{'quantity': '3', 'unit': 'tablespoons', 'ingredient': 'vegetable oil'}, {'quantity': '2', 'unit': 'pounds', 'ingredient': 'cubed beef stew meat'}, {'quantity': '4', 'unit': 'cubes', 'ingredient': 'beef bouillon, crumbled'}, {'quantity': '4', 'unit': 'cups', 'ingredient': 'water'}, {'quantity': '1', 'unit': 'teaspoon', 'ingredient': 'dried rosemary'}, {'quantity': '1', 'unit': 'teaspoon', 'ingredient': 'dried parsley'}, {'quantity': '½', 'unit': 'teaspoon', 'ingredient': 'ground black pepper'}, {'quantity': '3', 'unit': 'large', 'ingredient': 'potatoes, peeled and cubed'}, {'quantity': '4', 'unit': '', 'ingredient': 'carrots, cut into 1 inch pieces'}, {'quantity': '4', 'unit': 'stalks', 'ingredient': 'celery, cut into 1 inch pieces'}, {'quantity': '1', 'unit': 'large', 'ingredient': 'onion, chopped'}, {'quantity': '2', 'unit': 'teaspoons', 'ingredient': 'cornstarch'}, {'quantity': '2', 'unit': 'teaspoons', 'ingredient': 'cold water'}]",2 hrs 35 mins,10
https://www.allrecipes.com/recipe/257186/puerto-rican-sancocho/,Puerto Rican Sancocho,"[{'quantity': '3', 'unit': 'tablespoons', 'ingredient': 'olive oil'}, {'quantity': '1', 'unit': 'large', 'ingredient': 'onion, chopped'}, {'quantity': '5', 'unit': 'cloves', 'ingredient': 'garlic, chopped'}, {'quantity': '3', 'unit': 'sprigs', 'ingredient': 'fresh cilantro, chopped'}, {'quantity': '¼', 'unit': 'teaspoon', 'ingredient': 'ground white pepper'}, {'quantity': '1', 'unit': 'pinch', 'ingredient': 'dried oregano'}, {'quantity': '', 'unit': '', 'ingredient': 'salt to taste'}, {'quantity': '1 ½', 'unit': 'pounds', 'ingredient': 'beef stew meat, cut into small pieces'}, {'quantity': '2', 'unit': 'quarts', 'ingredient': 'water, or as needed'}, {'quantity': '½', 'unit': '(6.5 ounce) can', 'ingredient': 'tomato sauce'}, {'quantity': '2', 'unit': 'cubes', 'ingredient': 'beef bouillon'}, {'quantity': '1', 'unit': 'cup', 'ingredient': 'chopped fresh green beans, cut into 1 1/2-inch pieces'}, {'quantity': '2', 'unit': '', 'ingredient': 'carrots, peeled and sliced'}, {'quantity': '⅓', 'unit': 'cup', 'ingredient': 'chopped celery'}, {'quantity': '1', 'unit': '', 'ingredient': 'large chayote squash - peeled, cored, and sliced lengthwise'}, {'quantity': '1', 'unit': '(15.5 ounce) can', 'ingredient': 'small white beans, rinsed and drained'}, {'quantity': '½', 'unit': 'head', 'ingredient': 'cabbage, chopped'}, {'quantity': '1', 'unit': '', 'ingredient': 'green banana, peeled and sliced into 3/4-inch pieces'}, {'quantity': '1', 'unit': '', 'ingredient': 'yellow plantain, peeled and cut into 1-inch pieces'}, {'quantity': '5', 'unit': '', 'ingredient': 'large llautias (yautias), peeled and quartered'}, {'quantity': '6', 'unit': '', 'ingredient': 'potatoes, peeled and quartered'}, {'quantity': '½', 'unit': 'cup', 'ingredient': 'chopped peeled pumpkin'}, {'quantity': '2', 'unit': 'ears', 'ingredient': 'fresh corn, sliced into 6 pieces each'}, {'quantity': '⅓', 'unit': 'cup', 'ingredient': 'chopped green bell pepper'}]",3 hrs 10 mins,12
https://www.allrecipes.com/recipe/263037/instant-pot-best-beef-stew/,Instant Pot Best Beef Stew,"[{'quantity': '1', 'unit': 'tablespoon', 'ingredient': 'butter'}, {'quantity': '1', 'unit': 'pound', 'ingredient': 'beef chuck, cut into 1-inch cubes'}, {'quantity': '4', 'unit': '', 'ingredient': 'Yukon Gold potatoes, cubed'}, {'quantity': '1 ½', 'unit': 'cups', 'ingredient': 'mushrooms, halved'}, {'quantity': '1', 'unit': '', 'ingredient': 'onion, cut into 6 wedges'}, {'quantity': '2', 'unit': '', 'ingredient': 'carrots, cut into 1/2-inch thick slices'}, {'quantity': '2', 'unit': 'cloves', 'ingredient': 'garlic, minced'}, {'quantity': '3', 'unit': 'cups', 'ingredient': 'beef broth'}, {'quantity': '1', 'unit': 'tablespoon', 'ingredient': 'Worcestershire sauce'}, {'quantity': '1', 'unit': 'tablespoon', 'ingredient': 'tomato paste'}, {'quantity': '1', 'unit': 'teaspoon', 'ingredient': 'salt'}, {'quantity': '½', 'unit': 'teaspoon', 'ingredient': 'ground black pepper'}, {'quantity': '½', 'unit': 'teaspoon', 'ingredient': 'dried rosemary'}]",1 hr 25 mins,4
https://www.allrecipes.com/recipe/257499/ghormeh-sabzi-persian-herb-stew/,Ghormeh Sabzi (Persian Herb Stew),"[{'quantity': '¼', 'unit': 'cup', 'ingredient': 'canola oil, divided'}, {'quantity': '1', 'unit': 'large', 'ingredient': 'yellow onion, finely chopped'}, {'quantity': '1', 'unit': 'teaspoon', 'ingredient': 'ground turmeric'}, {'quantity': '1 ½', 'unit': 'pounds', 'ingredient': 'boneless chuck roast, cut into 1 1/2-inch cubes'}, {'quantity': '1 ½', 'unit': 'cups', 'ingredient': 'finely chopped spinach'}, {'quantity': '1', 'unit': 'cup', 'ingredient': 'finely chopped green onions (green part only)'}, {'quantity': '½', 'unit': 'cup', 'ingredient': 'finely chopped Italian flat-leaf parsley'}, {'quantity': '¼', 'unit': 'cup', 'ingredient': 'finely chopped cilantro'}, {'quantity': '¼', 'unit': 'cup', 'ingredient': 'finely chopped chives'}, {'quantity': '¼', 'unit': 'cup', 'ingredient': 'finely chopped fenugreek leaves'}, {'quantity': '1 ½', 'unit': 'cups', 'ingredient': 'water, or more as needed'}, {'quantity': '', 'unit': '', 'ingredient': 'salt and ground black pepper to taste'}, {'quantity': '1', 'unit': '', 'ingredient': 'lemon, juiced'}, {'quantity': '4', 'unit': '', 'ingredient': 'dried Persian limes (limoo amani), or more to taste'}, {'quantity': '1', 'unit': '(15 ounce) can', 'ingredient': 'red kidney beans, drained and rinsed'}]",3 hrs 10 mins,6
https://www.allrecipes.com/recipe/270818/slow-cooker-oxtail-stew/,Slow Cooker Oxtail Stew,"[{'quantity': '1', 'unit': 'tablespoon', 'ingredient': 'vegetable oil'}, {'quantity': '3', 'unit': 'pounds', 'ingredient': 'beef oxtail, cut into pieces'}, {'quantity': '1 ½', 'unit': 'pounds', 'ingredient': 'russet potatoes, peeled and cut into chunks'}, {'quantity': '4', 'unit': '', 'ingredient': 'carrots, peeled and cut into large chunks'}, {'quantity': '3', 'unit': 'stalks', 'ingredient': 'celery, cut into large chunks'}, {'quantity': '1', 'unit': '', 'ingredient': 'onion, chopped'}, {'quantity': '1', 'unit': '(15 ounce) can', 'ingredient': 'tomato sauce'}, {'quantity': '1', 'unit': 'cup', 'ingredient': 'beef broth'}, {'quantity': '½', 'unit': 'cup', 'ingredient': 'dry red wine'}, {'quantity': '2', 'unit': 'tablespoons', 'ingredient': 'chopped fresh parsley'}, {'quantity': '1', 'unit': 'tablespoon', 'ingredient': 'Worcestershire sauce'}, {'quantity': '1', 'unit': 'teaspoon', 'ingredient': 'dried thyme'}, {'quantity': '½', 'unit': 'teaspoon', 'ingredient': 'smoked paprika'}, {'quantity': '1', 'unit': '(8 ounce) package', 'ingredient': 'sliced mushrooms'}, {'quantity': '1', 'unit': 'cup', 'ingredient': 'frozen peas'}, {'quantity': '1', 'unit': 'pinch', 'ingredient': 'salt and freshly ground black pepper to taste'}]",8 hrs 30 mins,12
https://www.allrecipes.com/recipe/229255/beef-and-cabbage-stew/,Beef and Cabbage Stew,"[{'quantity': '1 ½', 'unit': 'pounds', 'ingredient': 'beef stew meat, cut into 1-inch pieces'}, {'quantity': '1', 'unit': 'cube', 'ingredient': 'beef bouillon'}, {'quantity': '2', 'unit': 'cups', 'ingredient': 'beef broth'}, {'quantity': '1', 'unit': 'large', 'ingredient': 'onion, chopped'}, {'quantity': '¼', 'unit': 'teaspoon', 'ingredient': 'ground black pepper'}, {'quantity': '1', 'unit': '', 'ingredient': 'bay leaf'}, {'quantity': '4', 'unit': 'cups', 'ingredient': 'shredded cabbage'}, {'quantity': '2', 'unit': '', 'ingredient': 'potatoes, peeled and cubed'}, {'quantity': '2', 'unit': '', 'ingredient': 'celery ribs, sliced'}, {'quantity': '1', 'unit': '', 'ingredient': 'carrot, sliced'}, {'quantity': '1', 'unit': '(8 ounce) can', 'ingredient': 'tomato sauce'}, {'quantity': '', 'unit': '', 'ingredient': 'salt to taste'}]",3 hrs 10 mins,6
https://www.allrecipes.com/recipe/75086/pressure-cooker-beef-stew/,Pressure Cooker Beef Stew,"[{'quantity': '1', 'unit': 'tablespoon', 'ingredient': 'vegetable oil'}, {'quantity': '2', 'unit': 'pounds', 'ingredient': 'cubed beef stew meat'}, {'quantity': '1', 'unit': 'small', 'ingredient': 'onion, diced'}, {'quantity': '2', 'unit': 'cups', 'ingredient': 'water, or more as needed'}, {'quantity': '5', 'unit': '', 'ingredient': 'carrots, peeled and diced'}, {'quantity': '2', 'unit': 'cubes', 'ingredient': 'beef bouillon'}, {'quantity': '8', 'unit': 'medium', 'ingredient': 'baking potatoes, peeled and cubed'}, {'quantity': '2', 'unit': 'teaspoons', 'ingredient': 'cornstarch'}, {'quantity': '2', 'unit': 'teaspoons', 'ingredient': 'salt, or to taste'}]",45 mins,8
https://www.allrecipes.com/recipe/278784/ground-beef-and-vegetable-stew/,Ground Beef and Vegetable Stew,"[{'quantity': '1', 'unit': 'pound', 'ingredient': 'ground beef'}, {'quantity': '1', 'unit': 'small', 'ingredient': 'onion, finely chopped'}, {'quantity': '1', 'unit': 'clove', 'ingredient': 'garlic, finely chopped'}, {'quantity': '4', 'unit': 'cups', 'ingredient': 'water'}, {'quantity': '1', 'unit': '(8 ounce) can', 'ingredient': 'tomato sauce'}, {'quantity': '2', 'unit': 'tablespoons', 'ingredient': 'beef base'}, {'quantity': '1', 'unit': 'tablespoon', 'ingredient': 'Worcestershire sauce'}, {'quantity': '1', 'unit': 'teaspoon', 'ingredient': 'ground black pepper'}, {'quantity': '½', 'unit': 'teaspoon', 'ingredient': 'celery salt'}, {'quantity': '¼', 'unit': 'teaspoon', 'ingredient': 'ground marjoram'}, {'quantity': '5', 'unit': 'large', 'ingredient': 'carrots, cut into rounds'}, {'quantity': '4', 'unit': 'medium', 'ingredient': 'potatoes, peeled and cubed'}, {'quantity': '1', 'unit': 'cup', 'ingredient': 'green beans, trimmed and cut into 1-inch pieces'}, {'quantity': '3', 'unit': 'tablespoons', 'ingredient': 'all-purpose flour'}, {'quantity': '2', 'unit': 'tablespoons', 'ingredient': 'water, or more as needed'}]",1 hr 15 mins,8
https://www.allrecipes.com/recipe/45386/chile-colorado/,Chile Colorado,"[{'quantity': '9', 'unit': '', 'ingredient': 'New Mexico dry chiles - washed, with stems and seeds removed'}, {'quantity': '3', 'unit': 'cups', 'ingredient': 'water'}, {'quantity': '5', 'unit': 'pounds', 'ingredient': 'boneless beef chuck roast, trimmed of fat'}, {'quantity': '½', 'unit': 'cup', 'ingredient': 'all-purpose flour'}, {'quantity': '1', 'unit': 'tablespoon', 'ingredient': 'kosher salt'}, {'quantity': '1', 'unit': 'tablespoon', 'ingredient': 'black pepper'}, {'quantity': '3', 'unit': 'tablespoons', 'ingredient': 'olive oil'}, {'quantity': '1', 'unit': 'large', 'ingredient': 'yellow onion, chopped'}, {'quantity': '2', 'unit': 'cups', 'ingredient': 'beef stock, or as needed'}]",3 hrs 30 mins,12
https://www.allrecipes.com/recipe/246392/puerto-rican-canned-corned-beef-stew/,Puerto Rican Canned Corned Beef Stew,"[{'quantity': '1', 'unit': 'small', 'ingredient': 'potato, peeled and cubed'}, {'quantity': '2', 'unit': 'tablespoons', 'ingredient': 'olive oil'}, {'quantity': '½', 'unit': 'cup', 'ingredient': 'sweet corn kernels'}, {'quantity': '2', 'unit': 'tablespoons', 'ingredient': 'sofrito'}, {'quantity': '2', 'unit': 'cloves', 'ingredient': 'garlic'}, {'quantity': '1', 'unit': '(8 ounce) can', 'ingredient': 'tomato sauce'}, {'quantity': '1', 'unit': 'teaspoon', 'ingredient': 'dried oregano'}, {'quantity': '1', 'unit': 'large', 'ingredient': 'bay leaf'}, {'quantity': '½', 'unit': 'cup', 'ingredient': 'water'}, {'quantity': '1', 'unit': '(12 ounce) can', 'ingredient': 'corned beef'}, {'quantity': '', 'unit': '', 'ingredient': 'salt and ground black pepper to taste'}]",30 mins,4
https://www.allrecipes.com/recipe/15431/beef-and-vegetable-stew/,Beef and Vegetable Stew,"[{'quantity': '1', 'unit': 'tablespoon', 'ingredient': 'vegetable oil'}, {'quantity': '1', 'unit': 'pound', 'ingredient': 'cubed beef stew meat, trimmed'}, {'quantity': '1', 'unit': '', 'ingredient': 'onion, thinly sliced'}, {'quantity': '1', 'unit': '(6 ounce) can', 'ingredient': 'tomato paste'}, {'quantity': '1', 'unit': '(14.5 ounce) can', 'ingredient': 'low fat, low sodium beef broth'}, {'quantity': '3', 'unit': '', 'ingredient': 'potatoes, cubed'}, {'quantity': '1', 'unit': 'cup', 'ingredient': 'chopped carrots'}, {'quantity': '1', 'unit': 'teaspoon', 'ingredient': 'dried thyme'}, {'quantity': '¼', 'unit': 'teaspoon', 'ingredient': 'crushed red pepper flakes'}, {'quantity': '1', 'unit': 'sprig', 'ingredient': 'fresh rosemary'}, {'quantity': '1', 'unit': '', 'ingredient': 'bay leaf'}, {'quantity': '10', 'unit': 'ounces', 'ingredient': 'button mushrooms, quartered'}, {'quantity': '1', 'unit': '(10 ounce) package', 'ingredient': 'frozen green peas, thawed'}]",2 hrs 30 mins,6
https://www.allrecipes.com/recipe/281995/classic-hearty-beef-stew/,"Classic, Hearty Beef Stew","[{'quantity': '1', 'unit': '(2 pound)', 'ingredient': 'boneless beef round steak, cut into 1-inch cubes'}, {'quantity': '', 'unit': '', 'ingredient': 'kosher salt and cracked black pepper to taste'}, {'quantity': '¼', 'unit': 'cup', 'ingredient': 'all-purpose flour'}, {'quantity': '1', 'unit': 'tablespoon', 'ingredient': 'smoked paprika'}, {'quantity': '1', 'unit': 'tablespoon', 'ingredient': 'canola oil'}, {'quantity': '3', 'unit': 'cups', 'ingredient': 'chopped onion'}, {'quantity': '6', 'unit': 'cloves', 'ingredient': 'garlic, minced'}, {'quantity': '4', 'unit': 'tablespoons', 'ingredient': 'tomato paste'}, {'quantity': '2', 'unit': 'cups', 'ingredient': 'dry red wine'}, {'quantity': '1', 'unit': 'tablespoon', 'ingredient': 'dried thyme'}, {'quantity': '1', 'unit': 'tablespoon', 'ingredient': 'dried rosemary'}, {'quantity': '1', 'unit': 'tablespoon', 'ingredient': 'herbes de Provence'}, {'quantity': '3', 'unit': '', 'ingredient': 'bay leaves'}, {'quantity': '2', 'unit': 'cups', 'ingredient': 'beef broth, or more as needed'}, {'quantity': '1', 'unit': 'tablespoon', 'ingredient': 'Worcestershire sauce'}, {'quantity': '3', 'unit': 'cups', 'ingredient': 'chopped carrots'}, {'quantity': '3', 'unit': 'cups', 'ingredient': 'cubed Yukon Gold potatoes'}, {'quantity': '1', 'unit': 'cup', 'ingredient': 'fresh peas'}, {'quantity': '1 ½', 'unit': 'teaspoons', 'ingredient': 'chopped fresh rosemary'}, {'quantity': '1', 'unit': 'teaspoon', 'ingredient': 'chopped fresh thyme, or to taste'}]",3 hrs 15 mins,8
https://www.allrecipes.com/recipe/213078/moms-hearty-beef-stew-with-dumplings/,Mom's Hearty Beef Stew with Dumplings,"[{'quantity': '1', 'unit': 'tablespoon', 'ingredient': 'extra-virgin olive oil'}, {'quantity': '2', 'unit': 'pounds', 'ingredient': 'cubed beef stew meat'}, {'quantity': '1', 'unit': '', 'ingredient': 'onion, coarsely chopped'}, {'quantity': '2', 'unit': 'teaspoons', 'ingredient': 'steak seasoning, divided'}, {'quantity': '2', 'unit': 'stalks', 'ingredient': 'celery, each cut into 4 pieces'}, {'quantity': '6', 'unit': 'cups', 'ingredient': 'water, divided, or as needed'}, {'quantity': '4', 'unit': '(.85 ounce) packages', 'ingredient': 'dry brown gravy mix'}, {'quantity': '4', 'unit': '', 'ingredient': 'carrots, peeled and quartered'}, {'quantity': '1', 'unit': 'small', 'ingredient': 'turnip, peeled and quartered'}, {'quantity': '7', 'unit': '', 'ingredient': 'potatoes, peeled and quartered'}, {'quantity': '1 ½', 'unit': 'cups', 'ingredient': 'all-purpose flour'}, {'quantity': '2', 'unit': 'teaspoons', 'ingredient': 'baking powder'}, {'quantity': '¾', 'unit': 'teaspoon', 'ingredient': 'salt'}, {'quantity': '3', 'unit': 'tablespoons', 'ingredient': 'shortening'}, {'quantity': '¾', 'unit': 'cup', 'ingredient': 'milk'}]",3 hrs 40 mins,8
https://www.allrecipes.com/recipe/284549/slow-cooker-beef-bourguignon/,Slow Cooker Beef Bourguignon,"[{'quantity': '3', 'unit': 'tablespoons', 'ingredient': 'butter'}, {'quantity': '3', 'unit': 'tablespoons', 'ingredient': 'vegetable oil'}, {'quantity': '2', 'unit': 'pounds', 'ingredient': 'beef stew meat'}, {'quantity': '2', 'unit': 'medium', 'ingredient': 'onions, quartered'}, {'quantity': '1', 'unit': '(750 milliliter) bottle', 'ingredient': 'red wine'}, {'quantity': '6', 'unit': '', 'ingredient': 'carrots, chopped into large chunks'}, {'quantity': '3', 'unit': 'sprigs', 'ingredient': 'fresh thyme'}, {'quantity': '2', 'unit': 'large', 'ingredient': 'bay leaves'}, {'quantity': '', 'unit': '', 'ingredient': 'salt and freshly ground black pepper to taste'}]",6 hrs 40 mins,6
https://www.allrecipes.com/recipe/268640/beef-stifado-in-the-slow-cooker/,Beef Stifado in the Slow Cooker,"[{'quantity': '3', 'unit': 'tablespoons', 'ingredient': 'olive oil, divided'}, {'quantity': '2', 'unit': 'pounds', 'ingredient': 'cubed beef stew meat'}, {'quantity': '1', 'unit': 'large', 'ingredient': 'onion, roughly chopped'}, {'quantity': '2', 'unit': 'cloves', 'ingredient': 'garlic, crushed'}, {'quantity': '1', 'unit': '(14.5 ounce) can', 'ingredient': 'diced tomatoes'}, {'quantity': '1', 'unit': '(3 inch)', 'ingredient': 'cinnamon stick'}, {'quantity': '2', 'unit': 'large', 'ingredient': 'bay leaves'}, {'quantity': '1', 'unit': 'sprig', 'ingredient': 'fresh rosemary'}, {'quantity': '1', 'unit': 'teaspoon', 'ingredient': 'ground nutmeg'}, {'quantity': '1⁄16', 'unit': 'teaspoon', 'ingredient': 'ground black pepper, or to taste'}, {'quantity': '', 'unit': '', 'ingredient': 'salt to taste'}, {'quantity': '1', 'unit': 'cup', 'ingredient': 'red wine'}, {'quantity': '2', 'unit': 'tablespoons', 'ingredient': 'vinegar'}, {'quantity': '2', 'unit': 'tablespoons', 'ingredient': 'ketchup, or more to taste'}, {'quantity': '1', 'unit': 'pound', 'ingredient': 'baby shallots, peeled'}]",6 hrs 25 mins,6
https://www.allrecipes.com/recipe/244952/slow-cooker-beef-neck-bones-and-gravy/,Slow Cooker Beef Neck Bones and Gravy,"[{'quantity': '1 ½', 'unit': 'pounds', 'ingredient': 'beef neck bones, or more to taste'}, {'quantity': '1', 'unit': 'teaspoon', 'ingredient': 'ground cumin'}, {'quantity': '1', 'unit': 'teaspoon', 'ingredient': 'ground allspice'}, {'quantity': '1', 'unit': 'teaspoon', 'ingredient': 'ground black pepper'}, {'quantity': '½', 'unit': 'teaspoon', 'ingredient': 'red pepper flakes'}, {'quantity': '½', 'unit': 'teaspoon', 'ingredient': 'salt'}, {'quantity': '½', 'unit': 'cup', 'ingredient': 'all-purpose flour, divided'}, {'quantity': '3', 'unit': 'tablespoons', 'ingredient': 'olive oil'}, {'quantity': '3', 'unit': 'cloves', 'ingredient': 'garlic, minced'}, {'quantity': '2', 'unit': 'cups', 'ingredient': 'beef broth'}, {'quantity': '1', 'unit': '', 'ingredient': 'onion, sliced into long pieces'}]",5 hrs 30 mins,6
https://www.allrecipes.com/recipe/241310/chef-johns-beef-and-barley-stew/,Chef John's Beef and Barley Stew,"[{'quantity': '2', 'unit': 'thick slices', 'ingredient': 'beef shank'}, {'quantity': '', 'unit': '', 'ingredient': 'kosher salt and ground black pepper to taste'}, {'quantity': '1', 'unit': 'tablespoon', 'ingredient': 'vegetable oil'}, {'quantity': '1', 'unit': 'large', 'ingredient': 'onion, diced'}, {'quantity': '4', 'unit': 'cloves', 'ingredient': 'garlic, minced'}, {'quantity': '2', 'unit': 'tablespoons', 'ingredient': 'tomato paste'}, {'quantity': '4', 'unit': 'cups', 'ingredient': 'chicken broth, or more as needed'}, {'quantity': '⅔', 'unit': 'cup', 'ingredient': 'diced celery'}, {'quantity': '⅔', 'unit': 'cup', 'ingredient': 'diced carrots'}, {'quantity': '¼', 'unit': 'teaspoon', 'ingredient': 'dried rosemary'}, {'quantity': '1', 'unit': '', 'ingredient': 'bay leaf'}, {'quantity': '½', 'unit': 'cup', 'ingredient': 'pearl barley'}, {'quantity': '1', 'unit': 'tablespoon', 'ingredient': 'chopped fresh parsley, or to taste'}, {'quantity': '1', 'unit': 'tablespoon', 'ingredient': 'freshly grated raw horseradish, or to taste'}]",3 hrs 50 mins,4
https://www.allrecipes.com/recipe/55610/get-a-husband-brunswick-stew/,Brunswick Stew,"[{'quantity': '1', 'unit': 'tablespoon', 'ingredient': 'olive oil'}, {'quantity': '1', 'unit': 'cup', 'ingredient': 'chopped onions'}, {'quantity': '2', 'unit': 'stalks', 'ingredient': 'celery, chopped'}, {'quantity': '1 ½', 'unit': 'pounds', 'ingredient': 'ground pork'}, {'quantity': '1 ½', 'unit': 'pounds', 'ingredient': 'ground beef'}, {'quantity': '1', 'unit': '(3 pound)', 'ingredient': 'whole cooked chicken, deboned and shredded'}, {'quantity': '3', 'unit': '(14.5 ounce) cans', 'ingredient': 'whole peeled tomatoes with liquid, chopped'}, {'quantity': '1', 'unit': 'cup', 'ingredient': 'ketchup'}, {'quantity': '½', 'unit': 'cup', 'ingredient': 'hickory-flavored barbecue sauce'}, {'quantity': '1', 'unit': 'teaspoon', 'ingredient': 'hot sauce to taste'}, {'quantity': '', 'unit': '', 'ingredient': 'salt and pepper to taste'}, {'quantity': '1', 'unit': 'medium', 'ingredient': 'green bell pepper'}, {'quantity': '3', 'unit': '(14.75 ounce) cans', 'ingredient': 'cream style corn'}]",3 hrs 35 mins,16
https://www.allrecipes.com/recipe/82160/texas-cowboy-stew/,Texas Cowboy Stew,"[{'quantity': '2', 'unit': 'pounds', 'ingredient': 'ground beef'}, {'quantity': '2', 'unit': 'pounds', 'ingredient': 'kielbasa sausage, sliced into 1/2 inch pieces'}, {'quantity': '1', 'unit': 'medium', 'ingredient': 'onion, chopped'}, {'quantity': '2', 'unit': 'cloves', 'ingredient': 'garlic, chopped'}, {'quantity': '4', 'unit': 'cups', 'ingredient': 'water'}, {'quantity': '2', 'unit': '(15.2 ounce) cans', 'ingredient': 'whole kernel corn, with liquid'}, {'quantity': '2', 'unit': '(15 ounce) cans', 'ingredient': 'pinto beans, with liquid'}, {'quantity': '2', 'unit': '(14.5 ounce) cans', 'ingredient': 'peeled and diced tomatoes, drained'}, {'quantity': '1', 'unit': '(14.5 ounce) can', 'ingredient': 'diced tomatoes with green chile peppers, with liquid'}, {'quantity': '1', 'unit': '(10 ounce) package', 'ingredient': 'frozen mixed vegetables'}, {'quantity': '4', 'unit': 'medium', 'ingredient': 'baking potatoes, peeled and diced'}, {'quantity': '2', 'unit': 'teaspoons', 'ingredient': 'ground cumin'}, {'quantity': '2', 'unit': 'teaspoons', 'ingredient': 'chili powder'}, {'quantity': '', 'unit': '', 'ingredient': 'salt and pepper to taste'}]",1 hr 30 mins,10
https://www.allrecipes.com/recipe/259061/true-dominican-sancocho-latin-7-meat-stew/,True Dominican Sancocho (Meat and Vegetable Stew),"[{'quantity': '¼', 'unit': 'cup', 'ingredient': 'dried oregano'}, {'quantity': '5', 'unit': 'cloves', 'ingredient': 'garlic, minced'}, {'quantity': '2', 'unit': 'teaspoons', 'ingredient': 'salt, divided'}, {'quantity': '1', 'unit': 'pound', 'ingredient': 'bone-in beef chuck'}, {'quantity': '1', 'unit': 'pound', 'ingredient': 'bone-in pork loin roast'}, {'quantity': '5', 'unit': '', 'ingredient': 'chicken drumsticks, or more to taste'}, {'quantity': '2', 'unit': 'large', 'ingredient': 'lemons, juiced'}, {'quantity': '2', 'unit': 'large', 'ingredient': 'onions, quartered'}, {'quantity': '2', 'unit': 'tablespoons', 'ingredient': 'vegetable oil'}, {'quantity': '1', 'unit': 'tablespoon', 'ingredient': 'vinegar'}, {'quantity': '½', 'unit': 'cup', 'ingredient': 'vegetable oil'}, {'quantity': '1 ¼', 'unit': 'gallons', 'ingredient': 'water, or as needed'}, {'quantity': '1', 'unit': '(14 ounce) can', 'ingredient': 'chicken broth'}, {'quantity': '1', 'unit': '(10.5 ounce) can', 'ingredient': 'beef consomme'}, {'quantity': '4', 'unit': '', 'ingredient': 'beef bouillon cubes, divided'}, {'quantity': '1 ½', 'unit': 'pounds', 'ingredient': 'Spanish pumpkin, peeled and cut into 1 1/2-inch chunks'}, {'quantity': '1', 'unit': 'pound', 'ingredient': 'sweet potatoes, peeled and cut into 1 1/2-inch chunks'}, {'quantity': '1', 'unit': 'pound', 'ingredient': 'eddeos, peeled and cut into 1 1/2-inch chunks'}, {'quantity': '½', 'unit': 'pound', 'ingredient': 'yuca (cassava) roots, peeled and cut into 1 1/2-inch chunks'}, {'quantity': '½', 'unit': 'pound', 'ingredient': 'potatoes, peeled and cut into 1 1/2-inch chunks'}, {'quantity': '2', 'unit': '', 'ingredient': 'green plantains, peeled and cut into 1 1/2-inch chunks'}, {'quantity': '2', 'unit': 'ears', 'ingredient': 'corn on the cob, cut into quarters'}, {'quantity': '3', 'unit': 'stalks', 'ingredient': 'celery, diced'}, {'quantity': '2', 'unit': 'large', 'ingredient': 'carrots, chopped, or more to taste'}, {'quantity': '1', 'unit': 'large', 'ingredient': 'green bell pepper, diced'}, {'quantity': '1', 'unit': 'bunch', 'ingredient': 'cilantro, chopped'}, {'quantity': '1', 'unit': 'pinch', 'ingredient': 'adobo seasoning (Optional)'}]",2 hrs 40 mins,12
https://www.allrecipes.com/recipe/14609/veal-stew/,Veal Stew,"[{'quantity': '1/4', 'unit': 'cup', 'ingredient': 'olive oil'}, {'quantity': '1', 'unit': '', 'ingredient': 'onion, chopped'}, {'quantity': '2', 'unit': 'cloves', 'ingredient': 'garlic, minced'}, {'quantity': '2', 'unit': 'pounds', 'ingredient': 'veal, trimmed and cubed'}, {'quantity': '1', 'unit': '(8 ounce) can', 'ingredient': 'tomato sauce'}, {'quantity': '½', 'unit': 'cup', 'ingredient': 'white wine'}, {'quantity': '', 'unit': '', 'ingredient': 'salt and pepper to taste'}]",1 hr 50 mins,4
https://www.allrecipes.com/recipe/265384/instant-pot-shredded-flank-steak/,Instant Pot Shredded Flank Steak,"[{'quantity': '1', 'unit': '(1 1/4 pound)', 'ingredient': 'flank steak, cut into 8 pieces'}, {'quantity': '2', 'unit': 'tablespoons', 'ingredient': 'avocado oil'}, {'quantity': '1', 'unit': '(8 ounce) package', 'ingredient': 'cremini mushrooms, roughly chopped'}, {'quantity': '1', 'unit': 'medium', 'ingredient': 'onion, finely chopped'}, {'quantity': '2', 'unit': 'large cloves', 'ingredient': 'garlic, grated'}, {'quantity': '1', 'unit': 'teaspoon', 'ingredient': 'dried thyme'}, {'quantity': '¼', 'unit': 'cup', 'ingredient': 'dry red wine'}, {'quantity': '1 ½', 'unit': 'cups', 'ingredient': 'beef broth'}, {'quantity': '1', 'unit': 'tablespoon', 'ingredient': 'Worcestershire sauce'}, {'quantity': '¾', 'unit': 'teaspoon', 'ingredient': 'salt, or to taste'}, {'quantity': '', 'unit': '', 'ingredient': 'freshly ground black pepper to taste'}, {'quantity': '¼', 'unit': 'cup', 'ingredient': 'water'}, {'quantity': '3', 'unit': 'tablespoons', 'ingredient': 'all-purpose flour'}]",1 hr 40 mins,4
https://www.allrecipes.com/recipe/25200/slow-cooker-beef-stew-iv/,Easy Slow Cooker Beef Stew,"[{'quantity': '3', 'unit': 'pounds', 'ingredient': 'cubed beef stew meat'}, {'quantity': '¼', 'unit': 'cup', 'ingredient': 'all-purpose flour'}, {'quantity': '½', 'unit': 'teaspoon', 'ingredient': 'salt, or to taste'}, {'quantity': '3', 'unit': 'tablespoons', 'ingredient': 'olive oil'}, {'quantity': '3', 'unit': 'tablespoons', 'ingredient': 'butter'}, {'quantity': '3', 'unit': '', 'ingredient': 'onions, sliced'}, {'quantity': '¼', 'unit': 'cup', 'ingredient': 'red wine'}, {'quantity': '4', 'unit': 'large', 'ingredient': 'potatoes, cubed'}, {'quantity': '1', 'unit': 'cup', 'ingredient': 'baby carrots'}, {'quantity': '1', 'unit': 'tablespoon', 'ingredient': 'dried parsley'}, {'quantity': '1', 'unit': 'teaspoon', 'ingredient': 'ground black pepper'}, {'quantity': '2', 'unit': 'cups', 'ingredient': 'boiling water'}, {'quantity': '1', 'unit': '(1 ounce) package', 'ingredient': 'dry onion soup mix'}, {'quantity': '¼', 'unit': 'cup', 'ingredient': 'warm water'}, {'quantity': '2', 'unit': 'tablespoons', 'ingredient': 'all-purpose flour'}]",7 hrs 20 mins,12
https://www.allrecipes.com/recipe/165843/beef-and-lentil-soup/,Beef and Lentil Soup,"[{'quantity': '2', 'unit': 'tablespoons', 'ingredient': 'olive oil'}, {'quantity': '1', 'unit': 'pound', 'ingredient': 'beef chuck, cut into 1-inch cubes'}, {'quantity': '', 'unit': '', 'ingredient': 'salt and pepper to taste'}, {'quantity': '1', 'unit': 'large', 'ingredient': 'onion, chopped'}, {'quantity': '2', 'unit': 'large', 'ingredient': 'carrots, chopped'}, {'quantity': '2', 'unit': 'large stalks', 'ingredient': 'celery, chopped'}, {'quantity': '6', 'unit': 'cloves', 'ingredient': 'garlic, chopped'}, {'quantity': '1 ½', 'unit': 'teaspoons', 'ingredient': 'dried cilantro'}, {'quantity': '1', 'unit': 'teaspoon', 'ingredient': 'dried oregano'}, {'quantity': '2', 'unit': '(32 ounce) cartons', 'ingredient': 'chicken broth'}, {'quantity': '1', 'unit': '(28 ounce) can', 'ingredient': 'diced tomatoes'}, {'quantity': '2', 'unit': 'cups', 'ingredient': 'dry lentils'}, {'quantity': '¼', 'unit': 'cup', 'ingredient': 'chopped fresh parsley'}, {'quantity': '½', 'unit': 'cup', 'ingredient': 'grated Parmesan cheese, or to taste'}]",2 hrs 25 mins,8
https://www.allrecipes.com/recipe/229089/northern-italian-beef-stew/,Northern Italian Beef Stew,"[{'quantity': '2', 'unit': 'tablespoons', 'ingredient': 'olive oil'}, {'quantity': '2', 'unit': 'pounds', 'ingredient': 'lean top round, trimmed and cut into 1-inch cubes'}, {'quantity': '2', 'unit': 'large', 'ingredient': 'sweet onions, diced'}, {'quantity': '2', 'unit': 'cups', 'ingredient': 'large chunks of celery'}, {'quantity': '4', 'unit': 'large', 'ingredient': 'carrots, peeled and cut into large rounds'}, {'quantity': '1', 'unit': 'pound', 'ingredient': 'crimini mushrooms, sliced'}, {'quantity': '2', 'unit': 'tablespoons', 'ingredient': 'minced garlic'}, {'quantity': '2', 'unit': 'cups', 'ingredient': 'dry red wine'}, {'quantity': '4', 'unit': 'large', 'ingredient': 'tomatoes, chopped'}, {'quantity': '1 ½', 'unit': 'pounds', 'ingredient': 'red potatoes (such as Red Bliss), cut into 1-inch chunks'}, {'quantity': '1', 'unit': 'tablespoon', 'ingredient': 'dried basil'}, {'quantity': '1', 'unit': 'teaspoon', 'ingredient': 'dried thyme'}, {'quantity': '1', 'unit': 'teaspoon', 'ingredient': 'dried marjoram'}, {'quantity': '½', 'unit': 'teaspoon', 'ingredient': 'dried sage'}, {'quantity': '1', 'unit': 'quart', 'ingredient': 'beef stock'}, {'quantity': '2', 'unit': 'cups', 'ingredient': 'tomato sauce'}]",4 hrs 50 mins,8
https://www.allrecipes.com/recipe/184197/new-mexico-green-chile-stew/,New Mexico Green Chile Stew,"[{'quantity': '1', 'unit': 'pound', 'ingredient': 'beef tenderloin, cubed'}, {'quantity': '1', 'unit': 'pound', 'ingredient': 'boneless pork loin, cubed'}, {'quantity': '¼', 'unit': 'cup', 'ingredient': 'masa harina'}, {'quantity': '1', 'unit': 'tablespoon', 'ingredient': 'olive oil'}, {'quantity': '1', 'unit': '', 'ingredient': 'red onion, chopped'}, {'quantity': '3', 'unit': 'cups', 'ingredient': 'chopped fresh tomatoes'}, {'quantity': '2', 'unit': 'cups', 'ingredient': 'diced green chile peppers'}, {'quantity': '2', 'unit': 'cups', 'ingredient': 'low-sodium beef broth'}, {'quantity': '1', 'unit': 'tablespoon', 'ingredient': 'ground cumin'}, {'quantity': '1', 'unit': 'large', 'ingredient': 'potato, cubed'}, {'quantity': '3', 'unit': 'cloves', 'ingredient': 'garlic, minced'}, {'quantity': '2', 'unit': 'teaspoons', 'ingredient': 'chopped fresh oregano'}, {'quantity': '2', 'unit': 'teaspoons', 'ingredient': 'chopped fresh cilantro'}, {'quantity': '1', 'unit': 'dash', 'ingredient': 'cayenne pepper (Optional)'}, {'quantity': '', 'unit': '', 'ingredient': 'salt to taste'}, {'quantity': '', 'unit': '', 'ingredient': 'ground white pepper to taste'}]",8 hrs 45 mins,8
https://www.allrecipes.com/recipe/245704/rabo-encendido-cuban-oxtail-stew/,Rabo Encendido (Cuban Oxtail Stew),"[{'quantity': '1 ½', 'unit': 'cups', 'ingredient': 'vino seco (white cooking wine)'}, {'quantity': '¼', 'unit': 'cup', 'ingredient': 'olive oil'}, {'quantity': '1', 'unit': 'teaspoon', 'ingredient': 'salt'}, {'quantity': '4', 'unit': 'pounds', 'ingredient': 'beef oxtails'}, {'quantity': '2', 'unit': 'tablespoons', 'ingredient': 'olive oil, divided'}, {'quantity': '2', 'unit': '', 'ingredient': 'potatoes, peeled and quartered'}, {'quantity': '2', 'unit': 'cups', 'ingredient': 'diced onion'}, {'quantity': '1', 'unit': 'cup', 'ingredient': 'diced carrots'}, {'quantity': '6', 'unit': 'cloves', 'ingredient': 'garlic, coarsely chopped'}, {'quantity': '½', 'unit': 'teaspoon', 'ingredient': 'salt'}, {'quantity': '¼', 'unit': 'cup', 'ingredient': 'green olives, pitted and halved'}, {'quantity': '3', 'unit': '', 'ingredient': 'bay leaves'}, {'quantity': '2', 'unit': 'teaspoons', 'ingredient': 'Miami-style sazon seasoning (sazon completa)'}, {'quantity': '½', 'unit': '(.18 ounce) packet', 'ingredient': 'sazon seasoning (such as Sa-Son Accent®)'}, {'quantity': '½', 'unit': 'teaspoon', 'ingredient': 'allspice'}, {'quantity': '2', 'unit': '(15 ounce) cans', 'ingredient': 'tomato sauce'}, {'quantity': '3', 'unit': 'cups', 'ingredient': 'chicken broth'}]",16 hrs 49 mins,8
https://www.allrecipes.com/recipe/239150/santa-fe-stew/,Santa Fe Stew,"[{'quantity': '2', 'unit': 'pounds', 'ingredient': 'ground beef'}, {'quantity': '1', 'unit': '', 'ingredient': 'onion, chopped'}, {'quantity': '2', 'unit': '(1 ounce) packets', 'ingredient': 'taco seasoning mix'}, {'quantity': '2', 'unit': '(1 ounce) packets', 'ingredient': 'ranch dressing mix'}, {'quantity': '2', 'unit': '(16 ounce) cans', 'ingredient': 'shoepeg corn'}, {'quantity': '2', 'unit': '(10 ounce) cans', 'ingredient': 'diced tomatoes with green chile peppers (such as RO*TEL®)'}, {'quantity': '1', 'unit': '(15 ounce) can', 'ingredient': 'red kidney beans'}, {'quantity': '1', 'unit': '(15 ounce) can', 'ingredient': 'black beans'}, {'quantity': '1', 'unit': '(15 ounce) can', 'ingredient': 'pinto beans'}, {'quantity': '1', 'unit': '(14.5 ounce) can', 'ingredient': 'chicken broth'}, {'quantity': '1', 'unit': '(14.5 ounce) can', 'ingredient': 'diced tomatoes'}]",50 mins,8
https://www.allrecipes.com/recipe/279095/dutch-oven-beef-stew/,Dutch Oven Beef Stew,"[{'quantity': '½', 'unit': 'cup', 'ingredient': 'all-purpose flour'}, {'quantity': '1', 'unit': 'tablespoon', 'ingredient': 'ground paprika, or more to taste'}, {'quantity': '', 'unit': '', 'ingredient': 'salt and ground black pepper to taste'}, {'quantity': '2', 'unit': 'pounds', 'ingredient': 'cubed beef stew meat'}, {'quantity': '2', 'unit': 'tablespoons', 'ingredient': 'extra-virgin olive oil'}, {'quantity': '4', 'unit': 'cups', 'ingredient': 'beef broth'}, {'quantity': '2', 'unit': 'large', 'ingredient': 'potatoes, cubed'}, {'quantity': '1', 'unit': '(8 ounce) package', 'ingredient': 'mushrooms, quartered'}, {'quantity': '3', 'unit': 'medium', 'ingredient': 'carrots, sliced, or more to taste'}, {'quantity': '1', 'unit': 'medium', 'ingredient': 'onion, chopped'}, {'quantity': '1', 'unit': 'stalk', 'ingredient': 'celery, chopped'}, {'quantity': '1 ½', 'unit': 'tablespoons', 'ingredient': 'Worcestershire sauce'}, {'quantity': '2', 'unit': 'cloves', 'ingredient': 'garlic, minced'}, {'quantity': '2', 'unit': '', 'ingredient': 'bay leaves'}]",3 hrs 5 mins,8
https://www.allrecipes.com/recipe/272615/ropa-vieja-cuban-beef/,Ropa Vieja (Cuban Beef),"[{'quantity': '1', 'unit': '(1 1/2-pound)', 'ingredient': 'flank steak'}, {'quantity': '2', 'unit': 'teaspoons', 'ingredient': 'kosher salt, or more to taste'}, {'quantity': '1', 'unit': 'teaspoon', 'ingredient': 'freshly ground black pepper'}, {'quantity': '1', 'unit': 'pinch', 'ingredient': 'cayenne pepper, or to taste'}, {'quantity': '2', 'unit': 'tablespoons', 'ingredient': 'olive oil'}, {'quantity': '1', 'unit': 'large', 'ingredient': 'red onion, sliced'}, {'quantity': '4', 'unit': 'cloves', 'ingredient': 'garlic, sliced'}, {'quantity': '2', 'unit': 'teaspoons', 'ingredient': 'ground cumin'}, {'quantity': '2', 'unit': 'teaspoons', 'ingredient': 'paprika'}, {'quantity': '1', 'unit': 'teaspoon', 'ingredient': 'dried oregano'}, {'quantity': '¼', 'unit': 'teaspoon', 'ingredient': 'cayenne pepper'}, {'quantity': '⅛', 'unit': 'teaspoon', 'ingredient': 'ground cloves'}, {'quantity': '⅛', 'unit': 'teaspoon', 'ingredient': 'ground allspice'}, {'quantity': '½', 'unit': 'cup', 'ingredient': 'white wine'}, {'quantity': '1 ½', 'unit': 'cups', 'ingredient': 'tomato sauce'}, {'quantity': '1 ½', 'unit': 'cups', 'ingredient': 'chicken broth'}, {'quantity': '2', 'unit': '', 'ingredient': 'bay leaves'}, {'quantity': '2', 'unit': '', 'ingredient': 'bell peppers, sliced'}, {'quantity': '1', 'unit': '', 'ingredient': 'poblano pepper, sliced'}, {'quantity': '½', 'unit': 'teaspoon', 'ingredient': 'smoked paprika'}, {'quantity': '2', 'unit': 'tablespoons', 'ingredient': 'capers, drained'}, {'quantity': '1', 'unit': 'cup', 'ingredient': 'pimento-stuffed green olives, sliced'}, {'quantity': '1', 'unit': 'teaspoon', 'ingredient': 'white sugar, or to taste (Optional)'}, {'quantity': '⅓', 'unit': 'cup', 'ingredient': 'chopped fresh cilantro'}]",11 hrs 30 mins,8
https://www.allrecipes.com/recipe/49560/dads-new-zealand-mince-stew/,Dad's New Zealand Mince Stew,"[{'quantity': '1', 'unit': 'tablespoon', 'ingredient': 'vegetable oil'}, {'quantity': '3', 'unit': 'large', 'ingredient': 'onions, sliced'}, {'quantity': '2', 'unit': 'pounds', 'ingredient': 'ground beef'}, {'quantity': '2', 'unit': 'cloves', 'ingredient': 'garlic, chopped'}, {'quantity': '1', 'unit': 'cup', 'ingredient': 'water'}, {'quantity': '2', 'unit': 'cups', 'ingredient': 'ketchup'}, {'quantity': '1', 'unit': 'cup', 'ingredient': 'beef stock'}, {'quantity': '2', 'unit': 'tablespoons', 'ingredient': 'teriyaki sauce'}, {'quantity': '3', 'unit': 'tablespoons', 'ingredient': 'black pepper'}, {'quantity': '1', 'unit': 'tablespoon', 'ingredient': 'curry powder'}, {'quantity': '1', 'unit': 'teaspoon', 'ingredient': 'garlic powder'}, {'quantity': '1', 'unit': 'tablespoon', 'ingredient': 'onion powder'}, {'quantity': '1', 'unit': 'tablespoon', 'ingredient': 'all-purpose flour'}, {'quantity': '½', 'unit': 'cup', 'ingredient': 'water'}]",3 hrs 45 mins,8
https://www.allrecipes.com/recipe/16167/beef-bourguignon-i/,Beef Bourguignon,"[{'quantity': '3', 'unit': 'cups', 'ingredient': 'Burgundy wine'}, {'quantity': '2', 'unit': '', 'ingredient': 'onions, thinly sliced'}, {'quantity': '2', 'unit': '', 'ingredient': 'carrots, chopped'}, {'quantity': '2', 'unit': 'tablespoons', 'ingredient': 'brandy'}, {'quantity': '1', 'unit': 'clove', 'ingredient': 'garlic, crushed'}, {'quantity': '10', 'unit': '', 'ingredient': 'whole black peppercorns'}, {'quantity': '1', 'unit': 'teaspoon', 'ingredient': 'salt'}, {'quantity': '1', 'unit': 'sprig', 'ingredient': 'fresh parsley'}, {'quantity': '1', 'unit': '', 'ingredient': 'bay leaf'}, {'quantity': '2', 'unit': 'pounds', 'ingredient': 'cubed beef chuck roast'}, {'quantity': '4', 'unit': 'tablespoons', 'ingredient': 'olive oil, divided'}, {'quantity': '¼', 'unit': 'pound', 'ingredient': 'bacon, cubed'}, {'quantity': '2', 'unit': '', 'ingredient': 'onions, chopped'}, {'quantity': '3', 'unit': 'tablespoons', 'ingredient': 'all-purpose flour'}, {'quantity': '2', 'unit': 'cloves', 'ingredient': 'garlic, crushed'}, {'quantity': '1', 'unit': 'tablespoon', 'ingredient': 'tomato paste'}, {'quantity': '1', 'unit': '(10.5 ounce) can', 'ingredient': 'beef broth'}, {'quantity': '', 'unit': '', 'ingredient': 'salt and pepper to taste'}, {'quantity': '4', 'unit': 'tablespoons', 'ingredient': 'butter'}, {'quantity': '1', 'unit': 'pound', 'ingredient': 'fresh mushrooms, sliced'}]",2 days 3 hrs 30 mins,8
https://www.allrecipes.com/recipe/279251/simple-beef-stew/,Simple Beef Stew,"[{'quantity': '3', 'unit': 'tablespoons', 'ingredient': 'vegetable oil'}, {'quantity': '2', 'unit': 'pounds', 'ingredient': 'room temperature beef stew meat, cut into 1 1/2-inch cubes'}, {'quantity': '½', 'unit': 'cup', 'ingredient': 'all-purpose flour'}, {'quantity': '1', 'unit': '', 'ingredient': 'yellow onion, roughly chopped'}, {'quantity': '1', 'unit': 'teaspoon', 'ingredient': 'minced garlic'}, {'quantity': '1', 'unit': '(32 ounce) carton', 'ingredient': 'low-sodium beef broth'}, {'quantity': '1', 'unit': '(15 ounce) can', 'ingredient': 'crushed tomatoes'}, {'quantity': '3', 'unit': '', 'ingredient': 'yellow potatoes, or more to taste, cubed'}, {'quantity': '3', 'unit': 'stalks', 'ingredient': 'celery, chopped'}, {'quantity': '1', 'unit': 'cup', 'ingredient': 'baby carrots'}, {'quantity': '1', 'unit': 'teaspoon', 'ingredient': ""Creole seasoning (such as Tony Chachere's®)""}, {'quantity': '1', 'unit': 'teaspoon', 'ingredient': 'dried basil'}]",1 hr 30 mins,8
https://www.allrecipes.com/recipe/230335/5-hour-beef-stew/,5-Hour Beef Stew,"[{'quantity': '2', 'unit': 'pounds', 'ingredient': 'beef tenderloin steaks, diced'}, {'quantity': '8', 'unit': '', 'ingredient': 'potatoes, peeled and diced'}, {'quantity': '4', 'unit': '(12 ounce) cans', 'ingredient': 'tomato-vegetable juice cocktail (such as V8)'}, {'quantity': '3', 'unit': 'cups', 'ingredient': 'diced carrots'}, {'quantity': '1', 'unit': 'cup', 'ingredient': 'diced celery'}, {'quantity': '1', 'unit': '', 'ingredient': 'onion, diced'}, {'quantity': '3', 'unit': 'tablespoons', 'ingredient': 'tapioca'}, {'quantity': '1', 'unit': 'tablespoon', 'ingredient': 'white sugar'}, {'quantity': '', 'unit': '', 'ingredient': 'salt and ground black pepper to taste'}]",5 hrs 25 mins,10
https://www.allrecipes.com/recipe/229248/slow-cooker-ground-beef-stew/,Slow Cooker Ground Beef Stew,"[{'quantity': '1', 'unit': 'pound', 'ingredient': 'lean ground beef'}, {'quantity': '1', 'unit': 'small', 'ingredient': 'onion, chopped'}, {'quantity': '2', 'unit': 'cloves', 'ingredient': 'garlic, minced'}, {'quantity': '1', 'unit': '(10.5 ounce) can', 'ingredient': 'condensed cream of mushroom soup'}, {'quantity': '1', 'unit': 'cup', 'ingredient': 'vegetable broth'}, {'quantity': '½', 'unit': 'cup', 'ingredient': 'tomato-vegetable juice cocktail'}, {'quantity': '2', 'unit': 'tablespoons', 'ingredient': 'sherry wine (Optional)'}, {'quantity': '2', 'unit': 'teaspoons', 'ingredient': 'Worcestershire sauce'}, {'quantity': '4', 'unit': '', 'ingredient': 'potatoes, peeled and diced'}, {'quantity': '1', 'unit': '(8 ounce) can', 'ingredient': 'whole kernel corn, drained'}, {'quantity': '1', 'unit': 'cup', 'ingredient': 'frozen green peas, thawed'}, {'quantity': '1', 'unit': 'cup', 'ingredient': 'diced carrots'}, {'quantity': '1', 'unit': '(4.5 ounce) can', 'ingredient': 'mushroom pieces and stems, drained'}, {'quantity': '1', 'unit': 'teaspoon', 'ingredient': 'dried celery flakes'}, {'quantity': '1', 'unit': 'teaspoon', 'ingredient': 'salt'}, {'quantity': '½', 'unit': 'teaspoon', 'ingredient': 'ground black pepper'}, {'quantity': '½', 'unit': 'teaspoon', 'ingredient': 'dried marjoram'}, {'quantity': '½', 'unit': 'teaspoon', 'ingredient': 'dried thyme'}]",4 hrs 35 mins,6
https://www.allrecipes.com/recipe/193585/authentic-bangladeshi-beef-curry/,Authentic Bangladeshi Beef Curry,"[{'quantity': '3', 'unit': 'tablespoons', 'ingredient': 'olive oil'}, {'quantity': '1', 'unit': '', 'ingredient': 'onion, chopped'}, {'quantity': '6', 'unit': 'cloves', 'ingredient': 'garlic, minced'}, {'quantity': '5', 'unit': '', 'ingredient': 'green chile peppers, finely sliced'}, {'quantity': '1', 'unit': 'teaspoon', 'ingredient': 'ginger paste'}, {'quantity': '3', 'unit': '', 'ingredient': 'whole cardamom seeds'}, {'quantity': '2', 'unit': '', 'ingredient': 'whole cloves'}, {'quantity': '1 ½', 'unit': '(2 inch)', 'ingredient': 'cinnamon sticks'}, {'quantity': '1', 'unit': 'teaspoon', 'ingredient': 'ground cumin'}, {'quantity': '1', 'unit': 'teaspoon', 'ingredient': 'ground coriander'}, {'quantity': '1', 'unit': 'teaspoon', 'ingredient': 'ground turmeric'}, {'quantity': '1', 'unit': 'teaspoon', 'ingredient': 'garlic powder'}, {'quantity': '1', 'unit': 'teaspoon', 'ingredient': 'cayenne pepper'}, {'quantity': '1', 'unit': 'cup', 'ingredient': 'water'}, {'quantity': '2', 'unit': 'pounds', 'ingredient': 'boneless beef chuck, cut into 1-1/2-inch pieces'}]",2 hrs 15 mins,6
https://www.allrecipes.com/recipe/238412/slow-cooker-mexican-beef-stew/,Slow Cooker Mexican Beef Stew,"[{'quantity': '1', 'unit': '', 'ingredient': 'Reynolds® Slow Cooker Liner'}, {'quantity': '1', 'unit': 'pound', 'ingredient': 'beef stew meat, cut into 1-inch pieces'}, {'quantity': '2', 'unit': 'tablespoons', 'ingredient': 'all-purpose flour'}, {'quantity': '1', 'unit': 'tablespoon', 'ingredient': 'canola oil'}, {'quantity': '1', 'unit': '(15 ounce) can', 'ingredient': 'black beans, rinsed and drained'}, {'quantity': '2', 'unit': 'medium', 'ingredient': 'carrots, peeled and chopped'}, {'quantity': '1', 'unit': 'medium', 'ingredient': 'onion, chopped'}, {'quantity': '2', 'unit': 'cloves', 'ingredient': 'garlic, minced'}, {'quantity': '1', 'unit': '(14.5 ounce) can', 'ingredient': 'diced tomatoes, undrained'}, {'quantity': '1', 'unit': '(14.5 ounce) can', 'ingredient': 'reduced-sodium beef broth'}, {'quantity': '1 ½', 'unit': 'teaspoons', 'ingredient': 'chili powder'}, {'quantity': '1', 'unit': 'teaspoon', 'ingredient': 'ground cumin'}, {'quantity': '½', 'unit': 'teaspoon', 'ingredient': 'salt'}, {'quantity': '¼', 'unit': 'teaspoon', 'ingredient': 'ground black pepper'}, {'quantity': '1', 'unit': 'cup', 'ingredient': 'frozen whole kernel corn'}, {'quantity': '¼', 'unit': 'cup', 'ingredient': 'Chopped avocado, cilantro, and/or crushed red pepper (Optional)'}]",7 hrs 30 mins,6
https://www.allrecipes.com/recipe/8369933/greek-style-beef-stew-stifado/,Greek-Style Beef Stew (Stifado),"[{'quantity': '3', 'unit': 'pounds', 'ingredient': 'boneless beef chuck roast, cut into 2-inch cubes'}, {'quantity': '2', 'unit': 'teaspoons', 'ingredient': 'freshly ground black pepper'}, {'quantity': '1', 'unit': 'tablespoon', 'ingredient': 'kosher salt'}, {'quantity': '4', 'unit': 'tablespoons', 'ingredient': 'olive oil, divided'}, {'quantity': '1', 'unit': 'pound', 'ingredient': 'small shallots'}, {'quantity': '½', 'unit': 'cup', 'ingredient': 'diced onion'}, {'quantity': '4', 'unit': 'cloves', 'ingredient': 'garlic, minced'}, {'quantity': '1', 'unit': 'pinch', 'ingredient': 'kosher salt'}, {'quantity': '3', 'unit': 'tablespoons', 'ingredient': 'tomato paste'}, {'quantity': '¼', 'unit': 'cup', 'ingredient': 'red wine vinegar'}, {'quantity': '1', 'unit': 'cup', 'ingredient': 'white wine'}, {'quantity': '2', 'unit': 'teaspoons', 'ingredient': 'white sugar'}, {'quantity': '¼', 'unit': 'teaspoon', 'ingredient': 'ground cinnamon'}, {'quantity': '⅛', 'unit': 'teaspoon', 'ingredient': 'ground allspice'}, {'quantity': '1', 'unit': 'pinch', 'ingredient': 'ground cloves'}, {'quantity': '1', 'unit': 'teaspoon', 'ingredient': 'dried oregano'}, {'quantity': '2', 'unit': 'large', 'ingredient': 'bay leaves'}, {'quantity': '2', 'unit': 'sprigs', 'ingredient': 'fresh rosemary'}, {'quantity': '2', 'unit': 'cups', 'ingredient': 'beef broth, or more as needed'}]",3 hrs 5 mins,6
https://www.allrecipes.com/recipe/268644/beef-and-lentil-stew/,Beef and Lentil Stew,"[{'quantity': '2', 'unit': 'tablespoons', 'ingredient': 'all-purpose flour'}, {'quantity': '1', 'unit': 'pound', 'ingredient': 'flank steak, cut into 1/2-inch cubes'}, {'quantity': '2', 'unit': 'tablespoons', 'ingredient': 'oil, or more as needed'}, {'quantity': '4', 'unit': '', 'ingredient': 'carrots, chopped'}, {'quantity': '1', 'unit': '', 'ingredient': 'onion, diced'}, {'quantity': '1', 'unit': 'stalk', 'ingredient': 'celery, thinly sliced'}, {'quantity': '2', 'unit': 'cloves', 'ingredient': 'garlic, minced'}, {'quantity': '4', 'unit': 'cups', 'ingredient': 'beef broth'}, {'quantity': '1', 'unit': '(14.5 ounce) can', 'ingredient': 'diced tomatoes'}, {'quantity': '1', 'unit': 'cup', 'ingredient': 'dry lentils'}, {'quantity': '2', 'unit': 'teaspoons', 'ingredient': 'dried rosemary'}, {'quantity': '11', 'unit': 'ounces', 'ingredient': 'baby potatoes with skin'}, {'quantity': '1', 'unit': 'pinch', 'ingredient': 'salt and freshly ground black pepper, or to taste'}]",1 hr 30 mins,8
https://www.allrecipes.com/recipe/240939/alitas-tomato-beef-stew/,Alita's Tomato Beef Stew,"[{'quantity': '½', 'unit': 'cup', 'ingredient': 'all-purpose flour'}, {'quantity': '1', 'unit': 'teaspoon', 'ingredient': 'salt'}, {'quantity': '¼', 'unit': 'teaspoon', 'ingredient': 'ground black pepper'}, {'quantity': '3', 'unit': 'pounds', 'ingredient': 'beef stew meat, cut into 1-inch cubes'}, {'quantity': '¼', 'unit': 'cup', 'ingredient': 'oil'}, {'quantity': '3', 'unit': '(14.5 ounce) cans', 'ingredient': 'chopped tomatoes'}, {'quantity': '3', 'unit': 'large', 'ingredient': 'onions, chopped'}, {'quantity': '1', 'unit': '(16 ounce) can', 'ingredient': 'tomato sauce'}, {'quantity': '1 ½', 'unit': 'cups', 'ingredient': 'water'}, {'quantity': '3', 'unit': 'tablespoons', 'ingredient': 'Worcestershire sauce'}, {'quantity': '5', 'unit': 'teaspoons', 'ingredient': 'minced garlic, or to taste'}, {'quantity': '1', 'unit': 'tablespoon', 'ingredient': 'paprika'}, {'quantity': '1 ½', 'unit': 'teaspoons', 'ingredient': 'white sugar'}, {'quantity': '3', 'unit': '', 'ingredient': 'bay leaves'}, {'quantity': '3', 'unit': 'cups', 'ingredient': '3/4-inch carrot chunks'}, {'quantity': '3', 'unit': 'cups', 'ingredient': '3/4-inch potato chunks'}, {'quantity': '2', 'unit': 'cups', 'ingredient': 'quartered fresh mushrooms'}]",2 hrs 40 mins,12
https://www.allrecipes.com/recipe/268643/oven-baked-beef-stew/,Oven-Baked Beef Stew,"[{'quantity': '¼', 'unit': 'cup', 'ingredient': 'flour, or as needed'}, {'quantity': '¾', 'unit': 'pound', 'ingredient': 'cubed beef stew meat'}, {'quantity': '2', 'unit': 'tablespoons', 'ingredient': 'olive oil'}, {'quantity': '1', 'unit': '', 'ingredient': 'onion, chopped'}, {'quantity': '1', 'unit': 'stalk', 'ingredient': 'celery, chopped'}, {'quantity': '4', 'unit': '', 'ingredient': 'carrots, peeled and chopped'}, {'quantity': '4', 'unit': 'cloves', 'ingredient': 'garlic, minced'}, {'quantity': '2', 'unit': 'cups', 'ingredient': 'beef broth'}, {'quantity': '2', 'unit': '', 'ingredient': 'bay leaves'}, {'quantity': '', 'unit': '', 'ingredient': 'salt and freshly ground black pepper to taste'}]",2 hrs 10 mins,4
https://www.allrecipes.com/recipe/279096/red-wine-marinated-beef-stew/,Red Wine-Marinated Beef Stew,"[{'quantity': '2', 'unit': 'pounds', 'ingredient': 'beef stew meat, cubed'}, {'quantity': '3', 'unit': 'cups', 'ingredient': 'dry red wine (such as Pinot Noir or Chianti)'}, {'quantity': '3', 'unit': 'tablespoons', 'ingredient': 'olive oil, divided'}, {'quantity': '', 'unit': '', 'ingredient': 'salt and freshly ground black pepper to taste'}, {'quantity': '6', 'unit': 'slices', 'ingredient': 'center-cut bacon, cut into 1/2-inch pieces'}, {'quantity': '3', 'unit': 'medium', 'ingredient': 'potatoes, peeled and quartered'}, {'quantity': '3', 'unit': 'medium', 'ingredient': 'carrots, peeled and chopped into 1/2-inch pieces'}, {'quantity': '6', 'unit': 'ounces', 'ingredient': 'fresh green beans, trimmed and halved'}, {'quantity': '1', 'unit': 'stalk', 'ingredient': 'celery, chopped into 1/2-inch pieces'}, {'quantity': '2', 'unit': 'cloves', 'ingredient': 'garlic, peeled, or more to taste'}, {'quantity': '4', 'unit': 'cups', 'ingredient': 'low-sodium beef broth'}, {'quantity': '1', 'unit': '(15 ounce) can', 'ingredient': 'Italian-style stewed tomatoes'}, {'quantity': '1', 'unit': 'teaspoon', 'ingredient': 'dried rosemary'}, {'quantity': '½', 'unit': 'teaspoon', 'ingredient': 'dried sage'}, {'quantity': '¾', 'unit': 'cup', 'ingredient': 'sliced portobello mushrooms'}, {'quantity': '4', 'unit': 'tablespoons', 'ingredient': 'tapioca flour, or as needed (Optional)'}, {'quantity': '4', 'unit': 'tablespoons', 'ingredient': 'cold water, or as needed (Optional)'}]",6 hrs 50 mins,8
https://www.allrecipes.com/recipe/13294/old-fashioned-beef-stew/,Old-Fashioned Beef Stew,"[{'quantity': '1', 'unit': 'pound', 'ingredient': 'lean beef chuck, trimmed and cut into 1 inch cubes'}, {'quantity': '2', 'unit': 'tablespoons', 'ingredient': 'all-purpose flour'}, {'quantity': '2', 'unit': 'teaspoons', 'ingredient': 'vegetable oil'}, {'quantity': '2', 'unit': '', 'ingredient': 'onions, thinly sliced'}, {'quantity': '2', 'unit': 'cups', 'ingredient': 'fresh sliced mushrooms'}, {'quantity': '2', 'unit': 'cloves', 'ingredient': 'garlic, minced'}, {'quantity': '2', 'unit': 'teaspoons', 'ingredient': 'tomato paste'}, {'quantity': '2', 'unit': 'cups', 'ingredient': 'beef broth'}, {'quantity': '4', 'unit': 'cups', 'ingredient': 'sliced carrots'}, {'quantity': '2', 'unit': '', 'ingredient': 'russet potatoes, sliced into 1/4 inch slices'}, {'quantity': '1', 'unit': 'cup', 'ingredient': 'chopped fresh green beans'}, {'quantity': '1', 'unit': 'tablespoon', 'ingredient': 'cornstarch'}, {'quantity': '1', 'unit': 'tablespoon', 'ingredient': 'cold water'}, {'quantity': '¼', 'unit': 'cup', 'ingredient': 'chopped parsley'}]",,6
https://www.allrecipes.com/recipe/215565/make-ahead-slow-cooker-beef-stew/,Make-Ahead Slow Cooker Beef Stew,"[{'quantity': '⅓', 'unit': 'cup', 'ingredient': 'all-purpose flour'}, {'quantity': '2', 'unit': 'teaspoons', 'ingredient': 'Spanish smoked paprika, or to taste, divided'}, {'quantity': '½', 'unit': 'teaspoon', 'ingredient': 'seasoned salt'}, {'quantity': '½', 'unit': 'teaspoon', 'ingredient': 'ground black pepper'}, {'quantity': '2', 'unit': 'pounds', 'ingredient': 'beef chuck, cut into 1-inch cubes'}, {'quantity': '1', 'unit': 'tablespoon', 'ingredient': 'olive oil'}, {'quantity': '1', 'unit': '', 'ingredient': 'onion, chopped'}, {'quantity': '1', 'unit': '(8 ounce) package', 'ingredient': 'mushrooms, chopped'}, {'quantity': '5', 'unit': '', 'ingredient': 'carrots, sliced'}, {'quantity': '3', 'unit': '', 'ingredient': 'potatoes, diced'}, {'quantity': '3', 'unit': '(10.5 ounce) cans', 'ingredient': 'organic beef broth'}, {'quantity': '2', 'unit': 'stalks', 'ingredient': 'celery, chopped'}, {'quantity': '1', 'unit': '(14.5 ounce) can', 'ingredient': 'crushed tomatoes'}, {'quantity': '¼', 'unit': 'cup', 'ingredient': 'Marsala wine'}, {'quantity': '1', 'unit': '(1 ounce) package', 'ingredient': 'dry onion soup mix'}, {'quantity': '2', 'unit': 'cloves', 'ingredient': 'garlic, minced'}, {'quantity': '1', 'unit': 'tablespoon', 'ingredient': 'Worcestershire sauce'}, {'quantity': None, 'unit': None, 'ingredient': 'salt and ground black pepper to taste'}, {'quantity': '2', 'unit': 'tablespoons', 'ingredient': 'cornstarch (Optional)'}, {'quantity': '2', 'unit': 'tablespoons', 'ingredient': 'water (Optional)'}]",4 hrs 30 mins,6
https://www.allrecipes.com/recipe/130808/moms-portuguese-beef-stew/,Mom's Portuguese Beef Stew,"[{'quantity': '2', 'unit': 'tablespoons', 'ingredient': 'extra-virgin olive oil'}, {'quantity': '1', 'unit': 'pound', 'ingredient': 'beef stew meat, cut into cubes'}, {'quantity': '1', 'unit': 'tablespoon', 'ingredient': 'all-purpose flour'}, {'quantity': '8', 'unit': 'cloves', 'ingredient': 'garlic, minced'}, {'quantity': '2', 'unit': '', 'ingredient': 'bay leaves'}, {'quantity': '1', 'unit': 'pinch', 'ingredient': 'ground black pepper'}, {'quantity': '1', 'unit': 'pinch', 'ingredient': 'salt'}, {'quantity': '1', 'unit': '', 'ingredient': 'onion, chopped'}, {'quantity': '1', 'unit': '', 'ingredient': 'green bell pepper, chopped'}, {'quantity': '1', 'unit': '', 'ingredient': 'carrot, chopped'}, {'quantity': '1', 'unit': 'pinch', 'ingredient': 'paprika'}, {'quantity': '½', 'unit': '', 'ingredient': 'fresh tomato, chopped'}, {'quantity': '1', 'unit': 'cup', 'ingredient': 'white wine'}, {'quantity': '1', 'unit': 'cup', 'ingredient': 'water'}, {'quantity': '2', 'unit': 'sprigs', 'ingredient': 'fresh parsley'}, {'quantity': '3', 'unit': '', 'ingredient': 'red potatoes, peeled and cubed'}, {'quantity': '1', 'unit': '', 'ingredient': 'sweet potato, peeled and cubed'}, {'quantity': '1', 'unit': '(14.5 ounce) can', 'ingredient': 'green beans, drained'}]",2 hrs,6
https://www.allrecipes.com/recipe/74788/spicy-beef-curry-stew-for-the-slow-cooker/,Spicy Beef Curry Stew for the Slow Cooker,"[{'quantity': '1', 'unit': 'tablespoon', 'ingredient': 'olive oil'}, {'quantity': '1', 'unit': 'pound', 'ingredient': 'beef stew meat'}, {'quantity': '', 'unit': '', 'ingredient': 'salt and pepper to taste'}, {'quantity': '2', 'unit': 'cloves', 'ingredient': 'garlic, minced'}, {'quantity': '1', 'unit': 'teaspoon', 'ingredient': 'chopped fresh ginger'}, {'quantity': '1', 'unit': '', 'ingredient': 'fresh jalapeno peppers, diced'}, {'quantity': '1', 'unit': 'tablespoon', 'ingredient': 'curry powder'}, {'quantity': '1', 'unit': '(14.5 ounce) can', 'ingredient': 'diced tomatoes with juice'}, {'quantity': '1', 'unit': '', 'ingredient': 'onion, sliced and quartered'}, {'quantity': '1', 'unit': 'cup', 'ingredient': 'beef broth'}]",8 hrs 25 mins,4
https://www.allrecipes.com/recipe/265281/instant-pot-stew-using-frozen-meat/,Instant Pot® Stew Using Frozen Meat,"[{'quantity': '1', 'unit': 'tablespoon', 'ingredient': 'avocado oil'}, {'quantity': '1', 'unit': 'large', 'ingredient': 'onion, finely diced'}, {'quantity': '3', 'unit': 'cloves', 'ingredient': 'garlic, finely chopped'}, {'quantity': '¼', 'unit': 'cup', 'ingredient': 'dry red wine'}, {'quantity': '2', 'unit': 'cups', 'ingredient': 'beef broth'}, {'quantity': '1', 'unit': 'teaspoon', 'ingredient': 'thyme'}, {'quantity': '1', 'unit': 'teaspoon', 'ingredient': 'dried parsley'}, {'quantity': '1', 'unit': 'teaspoon', 'ingredient': 'dried oregano'}, {'quantity': '1', 'unit': '', 'ingredient': 'bay leaf'}, {'quantity': '1', 'unit': 'teaspoon', 'ingredient': 'salt, or to taste'}, {'quantity': '½', 'unit': 'teaspoon', 'ingredient': 'ground black pepper'}, {'quantity': '1', 'unit': 'tablespoon', 'ingredient': 'tomato paste'}, {'quantity': '2', 'unit': '(1 pound) packages', 'ingredient': 'cubed beef stew meat, frozen'}, {'quantity': '5', 'unit': 'large', 'ingredient': 'baking potato, peeled and cut into 3/4-inch pieces'}, {'quantity': '6', 'unit': 'medium', 'ingredient': 'carrots, sliced'}, {'quantity': '3', 'unit': '', 'ingredient': 'celery ribs, sliced'}, {'quantity': '2', 'unit': 'tablespoons', 'ingredient': 'water'}, {'quantity': '1', 'unit': 'tablespoon', 'ingredient': 'cornstarch'}]",1 hr 45 mins,6
https://www.allrecipes.com/recipe/26632/no-peek-beef-stew/,No-Peek Beef Stew,"[{'quantity': '2', 'unit': 'pounds', 'ingredient': 'beef stew meat, cut into 1 inch cubes'}, {'quantity': '1', 'unit': '(10.5 ounce) can', 'ingredient': 'condensed French onion soup'}, {'quantity': '1', 'unit': '(10.75 ounce) can', 'ingredient': 'condensed cream of mushroom soup'}, {'quantity': '1', 'unit': '(4.5 ounce) can', 'ingredient': 'mushrooms, drained'}, {'quantity': '½', 'unit': 'cup', 'ingredient': 'dry red wine'}]",8 hrs 28 mins,6
https://www.allrecipes.com/recipe/152032/bistec-encebollao/,Bistec Encebollao,"[{'quantity': '2', 'unit': 'pounds', 'ingredient': 'beef sirloin steak, thinly sliced against the grain'}, {'quantity': '2', 'unit': 'large', 'ingredient': 'white onions, sliced into rings'}, {'quantity': '1', 'unit': 'cup', 'ingredient': 'beef stock'}, {'quantity': '½', 'unit': 'cup', 'ingredient': 'olive oil'}, {'quantity': '¼', 'unit': 'cup', 'ingredient': 'distilled white vinegar'}, {'quantity': '2', 'unit': 'tablespoons', 'ingredient': 'minced garlic'}, {'quantity': '1', 'unit': '(.18 ounce) packet', 'ingredient': 'azón seasoning'}, {'quantity': '1', 'unit': 'teaspoon', 'ingredient': 'salt'}, {'quantity': '1', 'unit': 'pinch', 'ingredient': 'dried oregano'}]",4 hrs 55 mins,6
https://www.allrecipes.com/recipe/151006/korean-soft-tofu-stew-soon-du-bu-jigae/,Korean Soft Tofu Stew (Soon Du Bu Jigae),"[{'quantity': '1', 'unit': 'teaspoon', 'ingredient': 'vegetable oil'}, {'quantity': '1', 'unit': 'teaspoon', 'ingredient': 'Korean chile powder'}, {'quantity': '2', 'unit': 'tablespoons', 'ingredient': 'ground beef (Optional)'}, {'quantity': '1', 'unit': 'tablespoon', 'ingredient': 'Korean soy bean paste (doenjang)'}, {'quantity': '1', 'unit': 'cup', 'ingredient': 'water'}, {'quantity': '', 'unit': '', 'ingredient': 'salt and pepper to taste'}, {'quantity': '1', 'unit': '(12 ounce) package', 'ingredient': 'Korean soon tofu or soft tofu, drained and sliced'}, {'quantity': '1', 'unit': '', 'ingredient': 'egg'}, {'quantity': '1', 'unit': 'teaspoon', 'ingredient': 'sesame seeds'}, {'quantity': '1', 'unit': '', 'ingredient': 'green onion, chopped'}]",20 mins,2
https://www.allrecipes.com/recipe/254965/puerto-rican-mondongo/,Puerto Rican Mondongo,"[{'quantity': '3', 'unit': 'pounds', 'ingredient': 'beef tripe, trimmed of fat and cut into cubes'}, {'quantity': '4', 'unit': '', 'ingredient': 'lemons, juiced'}, {'quantity': '', 'unit': '', 'ingredient': 'water to cover'}, {'quantity': '3', 'unit': 'quarts', 'ingredient': 'beef stock, divided'}, {'quantity': '8', 'unit': 'ounces', 'ingredient': 'cassava, peeled and cubed'}, {'quantity': '8', 'unit': 'ounces', 'ingredient': 'potatoes, peeled and cubed'}, {'quantity': '8', 'unit': 'ounces', 'ingredient': 'yams, peeled and cubed'}, {'quantity': '8', 'unit': 'ounces', 'ingredient': 'pumpkin, peeled and cubed'}, {'quantity': '8', 'unit': 'ounces', 'ingredient': 'sweet potatoes, peeled and cubed'}, {'quantity': '½', 'unit': '(16 ounce) can', 'ingredient': 'tomato sauce'}, {'quantity': '⅔', 'unit': 'cup', 'ingredient': 'sofrito'}, {'quantity': '1', 'unit': 'ear', 'ingredient': 'corn, cut into 1-inch pieces'}, {'quantity': '', 'unit': '', 'ingredient': 'salt and ground black pepper to taste'}]",3 hrs 30 mins,8
https://www.allrecipes.com/recipe/213023/easy-hoppin-john/,Easy Hoppin' John,"[{'quantity': '1', 'unit': 'pound', 'ingredient': 'smoked beef sausage, cut into bite-size pieces'}, {'quantity': '1', 'unit': 'small', 'ingredient': 'onion, chopped'}, {'quantity': '3', 'unit': '(15 ounce) cans', 'ingredient': 'black-eyed peas, rinsed and drained'}, {'quantity': '2', 'unit': '(10.75 ounce) cans', 'ingredient': 'low sodium chicken stock'}, {'quantity': '1', 'unit': 'cup', 'ingredient': 'water'}, {'quantity': '½', 'unit': 'teaspoon', 'ingredient': 'cayenne pepper, or to taste'}, {'quantity': '2', 'unit': 'cups', 'ingredient': 'uncooked instant rice'}]",45 mins,8
https://www.allrecipes.com/recipe/228239/caldereta-filipino-beef-stew/,Caldereta (Filipino Beef Stew),"[{'quantity': '3', 'unit': 'tablespoons', 'ingredient': 'vegetable oil'}, {'quantity': '1 ½', 'unit': 'pounds', 'ingredient': 'cubed beef stew meat'}, {'quantity': '', 'unit': '', 'ingredient': 'salt and ground black pepper to taste'}, {'quantity': '3', 'unit': 'cloves', 'ingredient': 'garlic, crushed'}, {'quantity': '3', 'unit': 'cups', 'ingredient': 'water'}, {'quantity': '½', 'unit': 'cup', 'ingredient': 'unsweetened pineapple juice'}, {'quantity': '1', 'unit': '', 'ingredient': 'onion, chopped'}, {'quantity': '1', 'unit': '(14 ounce) can', 'ingredient': 'tomato sauce'}, {'quantity': '¼', 'unit': 'cup', 'ingredient': 'tomato paste'}, {'quantity': '2', 'unit': '', 'ingredient': 'red potatoes, diced'}, {'quantity': '1', 'unit': '', 'ingredient': 'red bell pepper, sliced'}, {'quantity': '1', 'unit': 'large', 'ingredient': 'carrot, sliced diagonally'}, {'quantity': '½', 'unit': 'pound', 'ingredient': 'miniature cocktail sausages'}, {'quantity': '1', 'unit': '(8 ounce) can', 'ingredient': 'pineapple chunks, undrained'}, {'quantity': '1', 'unit': '(6 ounce) can', 'ingredient': 'medium pitted ripe olives, drained'}, {'quantity': '3', 'unit': 'large', 'ingredient': 'bay leaves'}, {'quantity': '1', 'unit': 'tablespoon', 'ingredient': 'hot pepper sauce (such as Tabasco®) (Optional)'}]",1 hr 25 mins,6
https://www.allrecipes.com/recipe/278274/instant-pot-beef-stew-with-red-wine/,Instant Pot Beef Stew with Red Wine,"[{'quantity': '4', 'unit': 'tablespoons', 'ingredient': 'all-purpose flour'}, {'quantity': '1 ½', 'unit': 'tablespoons', 'ingredient': 'Italian seasoning'}, {'quantity': '1 ½', 'unit': 'tablespoons', 'ingredient': 'onion powder'}, {'quantity': '½', 'unit': 'teaspoon', 'ingredient': 'salt'}, {'quantity': '½', 'unit': 'teaspoon', 'ingredient': 'ground black pepper'}, {'quantity': '1 ½', 'unit': 'pounds', 'ingredient': 'beef stew meat, cubed'}, {'quantity': '2 ¾', 'unit': 'cups', 'ingredient': 'beef broth'}, {'quantity': '1', 'unit': 'cup', 'ingredient': 'dry red wine'}, {'quantity': '2', 'unit': 'tablespoons', 'ingredient': 'tomato paste'}, {'quantity': '3', 'unit': 'cloves', 'ingredient': 'garlic, minced'}, {'quantity': '1', 'unit': 'cup', 'ingredient': 'chopped red potatoes'}, {'quantity': '1', 'unit': 'medium', 'ingredient': 'white onion, quartered'}, {'quantity': '½', 'unit': 'cup', 'ingredient': 'chopped carrots'}, {'quantity': '½', 'unit': 'cup', 'ingredient': 'chopped celery'}, {'quantity': '2', 'unit': 'sprigs', 'ingredient': 'fresh rosemary'}, {'quantity': '1', 'unit': '', 'ingredient': 'bay leaf'}, {'quantity': '½', 'unit': '(8 ounce) package', 'ingredient': 'egg noodles'}]",1 hr 15 mins,4
https://www.allrecipes.com/recipe/213340/beer-braised-irish-stew-and-colcannon/,Beer-Braised Irish Stew and Colcannon,"[{'quantity': '1', 'unit': 'tablespoon', 'ingredient': 'vegetable oil'}, {'quantity': '1', 'unit': '(3 pound)', 'ingredient': 'beef chuck roast, trimmed of fat and cut into ½-inch cubes'}, {'quantity': '2', 'unit': 'tablespoons', 'ingredient': 'all-purpose flour'}, {'quantity': '1', 'unit': '(12 fluid ounce) can or bottle', 'ingredient': 'dark beer'}, {'quantity': '1', 'unit': 'cup', 'ingredient': 'coarsely chopped onion'}, {'quantity': '1', 'unit': 'cup', 'ingredient': 'coarsely chopped carrot'}, {'quantity': '2', 'unit': '', 'ingredient': 'bay leaves'}, {'quantity': '2', 'unit': 'tablespoons', 'ingredient': 'Worcestershire sauce'}, {'quantity': '2', 'unit': 'cloves', 'ingredient': 'garlic, minced'}, {'quantity': '1', 'unit': 'teaspoon', 'ingredient': 'dried thyme'}, {'quantity': '1', 'unit': 'teaspoon', 'ingredient': 'salt'}, {'quantity': '½', 'unit': 'teaspoon', 'ingredient': 'ground black pepper'}, {'quantity': '3', 'unit': 'slices', 'ingredient': 'bacon'}, {'quantity': '2', 'unit': 'pounds', 'ingredient': 'russet potatoes, peeled and cut into chunks'}, {'quantity': '2', 'unit': 'cups', 'ingredient': 'thinly sliced cabbage'}, {'quantity': '¼', 'unit': 'cup', 'ingredient': 'milk, warmed'}, {'quantity': '2', 'unit': 'tablespoons', 'ingredient': 'butter'}, {'quantity': '½', 'unit': 'teaspoon', 'ingredient': 'salt'}, {'quantity': '¼', 'unit': 'teaspoon', 'ingredient': 'ground black pepper'}, {'quantity': '2', 'unit': 'tablespoons', 'ingredient': 'minced fresh parsley'}]",3 hrs,8
https://www.allrecipes.com/recipe/254718/beef-tinaktak/,Beef Tinaktak,"[{'quantity': '1', 'unit': 'pound', 'ingredient': 'lean ground beef'}, {'quantity': '2', 'unit': 'tablespoons', 'ingredient': 'olive oil'}, {'quantity': '1', 'unit': '', 'ingredient': 'onion, diced'}, {'quantity': '1', 'unit': 'cup', 'ingredient': 'halved cherry tomatoes'}, {'quantity': '1', 'unit': 'cup', 'ingredient': '(1-inch) sliced green onions'}, {'quantity': '¼', 'unit': 'cup', 'ingredient': 'light soy sauce, divided'}, {'quantity': '1', 'unit': '', 'ingredient': 'lemon, juiced, divided'}, {'quantity': '3', 'unit': 'cloves', 'ingredient': 'garlic, minced'}, {'quantity': '1', 'unit': 'cube', 'ingredient': 'beef bouillon (Optional)'}, {'quantity': '½', 'unit': 'teaspoon', 'ingredient': 'ground black pepper'}, {'quantity': '1', 'unit': '(8 ounce) can', 'ingredient': 'sliced water chestnuts, halved'}, {'quantity': '1', 'unit': 'cup', 'ingredient': '1-inch cut green beans'}, {'quantity': '1', 'unit': '(13.5 ounce) can', 'ingredient': 'coconut milk'}, {'quantity': '1', 'unit': '', 'ingredient': ""hot red chile pepper (donne'sali), chopped (Optional)""}]",45 mins,4
https://www.allrecipes.com/recipe/200618/momma-made-em-chicken-and-sausage-gumbo/,'Momma Made Em' Chicken and Sausage Gumbo,"[{'quantity': '1', 'unit': '(3 pound)', 'ingredient': 'whole chicken'}, {'quantity': '½', 'unit': 'cup', 'ingredient': 'all-purpose flour'}, {'quantity': '½', 'unit': 'cup', 'ingredient': 'vegetable oil'}, {'quantity': '1', 'unit': '(10 ounce) package', 'ingredient': 'frozen chopped onions'}, {'quantity': '1', 'unit': '(10 ounce) package', 'ingredient': 'frozen green bell peppers'}, {'quantity': '5', 'unit': 'stalks', 'ingredient': 'celery, finely chopped'}, {'quantity': '1', 'unit': 'tablespoon', 'ingredient': ""Cajun seasoning (such as Tony Chachere's), or to taste""}, {'quantity': '2', 'unit': '', 'ingredient': 'whole bay leaves'}, {'quantity': '1', 'unit': '(28 ounce) can', 'ingredient': 'diced tomatoes'}, {'quantity': '1', 'unit': 'pound', 'ingredient': 'fully-cooked smoked beef sausage (such as Hillshire Farm®), sliced'}, {'quantity': '1', 'unit': '(10 ounce) package', 'ingredient': 'frozen sliced okra'}, {'quantity': '', 'unit': '', 'ingredient': 'salt and black pepper to taste'}]",3 hrs 55 mins,10
https://www.allrecipes.com/recipe/281335/instant-pot-jamaican-oxtail-stew/,Instant Pot Jamaican Oxtail Stew,"[{'quantity': '¼', 'unit': 'cup', 'ingredient': 'brown sugar'}, {'quantity': '1', 'unit': 'tablespoon', 'ingredient': 'soy sauce'}, {'quantity': '1', 'unit': 'tablespoon', 'ingredient': 'Worcestershire sauce'}, {'quantity': '1', 'unit': 'tablespoon', 'ingredient': 'salt'}, {'quantity': '2', 'unit': 'teaspoons', 'ingredient': 'garlic powder'}, {'quantity': '1', 'unit': 'teaspoon', 'ingredient': 'ground black pepper'}, {'quantity': '1', 'unit': 'teaspoon', 'ingredient': 'ground allspice'}, {'quantity': '1', 'unit': 'teaspoon', 'ingredient': 'ground cinnamon'}, {'quantity': '1', 'unit': 'teaspoon', 'ingredient': 'hickory-flavored liquid smoke'}, {'quantity': '2 ½', 'unit': 'pounds', 'ingredient': 'beef oxtails'}, {'quantity': '2', 'unit': 'tablespoons', 'ingredient': 'vegetable oil'}, {'quantity': '1', 'unit': 'cup', 'ingredient': 'beef broth, divided'}, {'quantity': '2', 'unit': 'medium', 'ingredient': 'carrots, chopped'}, {'quantity': '1', 'unit': 'medium', 'ingredient': 'yellow onion, chopped'}, {'quantity': '4', 'unit': 'medium', 'ingredient': 'green onions, chopped'}, {'quantity': '1', 'unit': 'tablespoon', 'ingredient': 'minced garlic'}, {'quantity': '1', 'unit': '', 'ingredient': 'Scotch bonnet chile pepper, chopped'}, {'quantity': '1', 'unit': 'tablespoon', 'ingredient': 'ketchup'}, {'quantity': '1', 'unit': 'teaspoon', 'ingredient': 'dried thyme'}, {'quantity': '2', 'unit': 'tablespoons', 'ingredient': 'water'}, {'quantity': '1', 'unit': 'tablespoon', 'ingredient': 'cornstarch'}, {'quantity': '1', 'unit': '(16 ounce) can', 'ingredient': 'pinto beans, rinsed and drained'}]",1 hr 55 mins,4
https://www.allrecipes.com/slow-cooker-ground-beef-stroganoff-recipe-8778867,Slow Cooker Ground Beef Stroganoff,"[{'quantity': '1', 'unit': 'pound', 'ingredient': 'ground beef'}, {'quantity': '1', 'unit': 'tablespoon', 'ingredient': 'butter'}, {'quantity': '1', 'unit': None, 'ingredient': 'onion,'}, {'quantity': '8', 'unit': 'ounces', 'ingredient': 'sliced mushrooms'}, {'quantity': None, 'unit': None, 'ingredient': 'salt and freshly ground black pepper to taste'}, {'quantity': '1', 'unit': '10.5-ounce) can', 'ingredient': 'beef consomme'}, {'quantity': '2', 'unit': 'tablespoons', 'ingredient': 'tomato paste'}, {'quantity': '8', 'unit': 'ounces', 'ingredient': 'plain Greek yogurt'}, {'quantity': '4', 'unit': 'ounces', 'ingredient': 'whipped cream cheese'}, {'quantity': '1', 'unit': 'tablespoon', 'ingredient': 'Worcestershire sauce'}, {'quantity': '1', 'unit': 'tablespoon', 'ingredient': 'soy sauce'}, {'quantity': '3 3/4', 'unit': 'cups', 'ingredient': 'egg noodles'}, {'quantity': '2', 'unit': 'tablespoons', 'ingredient': 'beef broth'}]",4 hrs 50 mins,5
https://www.allrecipes.com/corned-beef-stroganoff-recipe-11692154,Corned Beef Stroganoff,"[{'quantity': '1', 'unit': '(3 pound) corned beef brisket', 'ingredient': ') corned beef brisket'}, {'quantity': '2', 'unit': 'tablespoons', 'ingredient': 'vegetable oil'}, {'quantity': '8', 'unit': 'ounces', 'ingredient': 'mushrooms,'}, {'quantity': '1/4', 'unit': 'teaspoon', 'ingredient': 'salt'}, {'quantity': '1', 'unit': 'cup', 'ingredient': 'onions'}, {'quantity': '2', 'unit': 'tablespoons', 'ingredient': 'unsalted butter'}, {'quantity': '3', 'unit': 'cloves', 'ingredient': 'garlic, minced'}, {'quantity': '2', 'unit': 'tablespoons', 'ingredient': 'all-purpose flour'}, {'quantity': '1/2', 'unit': 'cup', 'ingredient': 'white wine'}, {'quantity': '1', 'unit': 'cup', 'ingredient': 'corned beef cooking liquid'}, {'quantity': '2', 'unit': 'cups', 'ingredient': 'low-sodium beef broth'}, {'quantity': '3/4', 'unit': 'cup', 'ingredient': 'creme fraiche,'}, {'quantity': '1/4', 'unit': 'cup', 'ingredient': 'dill,'}]",3 hrs 30 mins,6
https://www.allrecipes.com/recipe/262069/hamburger-stroganoff/,Hamburger Stroganoff,"[{'quantity': '1', 'unit': 'pound', 'ingredient': 'ground beef chuck'}, {'quantity': '1', 'unit': '(8 ounce) package', 'ingredient': 'sliced fresh mushrooms'}, {'quantity': '1', 'unit': 'medium', 'ingredient': 'onion, chopped'}, {'quantity': '2', 'unit': 'cloves', 'ingredient': 'garlic, minced'}, {'quantity': '2', 'unit': 'tablespoons', 'ingredient': 'all-purpose flour'}, {'quantity': '1', 'unit': '(14 ounce) can', 'ingredient': 'beef broth'}, {'quantity': '1', 'unit': '(10.5 ounce) can', 'ingredient': 'condensed cream of mushroom soup'}, {'quantity': '2', 'unit': 'tablespoons', 'ingredient': 'Worcestershire sauce'}, {'quantity': '1', 'unit': 'teaspoon', 'ingredient': 'ground black pepper'}, {'quantity': '½', 'unit': 'teaspoon', 'ingredient': 'salt'}, {'quantity': '1', 'unit': '(12 ounce) package', 'ingredient': 'egg noodles'}, {'quantity': '1', 'unit': 'cup', 'ingredient': 'sour cream'}, {'quantity': '2', 'unit': 'teaspoons', 'ingredient': 'finely grated raw horseradish (Optional)'}]",45 mins,4
https://www.allrecipes.com/recipe/282441/hamburger-stew-with-cabbage/,Hamburger Stew with Cabbage,"[{'quantity': '1', 'unit': 'pound', 'ingredient': 'lean ground beef'}, {'quantity': '1', 'unit': 'medium', 'ingredient': 'green bell pepper, chopped'}, {'quantity': '1', 'unit': 'medium', 'ingredient': 'onion, chopped'}, {'quantity': '2', 'unit': 'stalks', 'ingredient': 'celery, sliced'}, {'quantity': '2', 'unit': '(15 ounce) cans', 'ingredient': 'dark red kidney beans, drained and rinsed'}, {'quantity': '1', 'unit': '(28 ounce) can', 'ingredient': 'crushed tomatoes'}, {'quantity': '½', 'unit': 'head', 'ingredient': 'cabbage, shredded'}, {'quantity': '2', 'unit': 'cups', 'ingredient': 'beef broth'}, {'quantity': '2', 'unit': 'cups', 'ingredient': 'water'}, {'quantity': '1', 'unit': 'tablespoon', 'ingredient': 'Worcestershire sauce'}, {'quantity': '2', 'unit': 'cubes', 'ingredient': 'beef bouillon'}, {'quantity': '2', 'unit': 'cloves', 'ingredient': 'garlic, minced'}, {'quantity': '', 'unit': '', 'ingredient': 'salt to taste'}]",1 hr,8
https://www.allrecipes.com/recipe/23260/simple-hamburger-stroganoff/,Simple Hamburger Stroganoff,"[{'quantity': '1', 'unit': '(16 ounce) package', 'ingredient': 'egg noodles'}, {'quantity': '1', 'unit': 'pound', 'ingredient': 'lean ground beef'}, {'quantity': '1', 'unit': '(8 ounce) package', 'ingredient': 'cream cheese, cut into pieces'}, {'quantity': '1', 'unit': '(6 ounce) can', 'ingredient': 'chopped mushrooms, with liquid'}, {'quantity': '1', 'unit': '(.75 ounce) packet', 'ingredient': 'dry brown gravy mix'}, {'quantity': '2', 'unit': '(10.5 ounce) cans', 'ingredient': 'condensed cream of mushroom soup'}, {'quantity': '1', 'unit': '(8 ounce) container', 'ingredient': 'sour cream'}, {'quantity': '½', 'unit': 'cup', 'ingredient': 'milk'}]",20 mins,6
https://www.allrecipes.com/recipe/16352/slow-cooker-beef-stroganoff-i/,Slow Cooker Beef Stroganoff,"[{'quantity': '1', 'unit': 'pound', 'ingredient': 'cubed beef stew meat'}, {'quantity': '1', 'unit': '(10.75 ounce) can', 'ingredient': 'condensed golden mushroom soup'}, {'quantity': '½', 'unit': 'cup', 'ingredient': 'chopped onion'}, {'quantity': '¼', 'unit': 'cup', 'ingredient': 'water'}, {'quantity': '1', 'unit': 'tablespoon', 'ingredient': 'Worcestershire sauce'}, {'quantity': '4', 'unit': 'ounces', 'ingredient': 'cream cheese'}]",5 hrs 15 mins,4
https://www.allrecipes.com/recipe/25202/beef-stroganoff-iii/,Beef Stroganoff,"[{'quantity': '2', 'unit': 'pounds', 'ingredient': 'beef chuck roast'}, {'quantity': '½', 'unit': 'teaspoon', 'ingredient': 'salt'}, {'quantity': '½', 'unit': 'teaspoon', 'ingredient': 'ground black pepper'}, {'quantity': '4', 'unit': 'ounces', 'ingredient': 'butter'}, {'quantity': '4', 'unit': '', 'ingredient': 'green onions, sliced (white parts only)'}, {'quantity': '4', 'unit': 'tablespoons', 'ingredient': 'all-purpose flour'}, {'quantity': '1', 'unit': '(10.5 ounce) can', 'ingredient': 'condensed beef broth'}, {'quantity': '1', 'unit': 'teaspoon', 'ingredient': 'prepared mustard'}, {'quantity': '1', 'unit': '(6 ounce) can', 'ingredient': 'sliced mushrooms, drained'}, {'quantity': '⅓', 'unit': 'cup', 'ingredient': 'sour cream'}, {'quantity': '⅓', 'unit': 'cup', 'ingredient': 'white wine'}, {'quantity': None, 'unit': None, 'ingredient': 'salt and ground black pepper to taste'}]",1 hr 30 mins,8
https://www.allrecipes.com/chicken-stroganoff-stuffed-baked-potatoes-recipe-7970457,Chicken Stroganoff-Stuffed Baked Potatoes,"[{'quantity': '4', 'unit': '(8 ounce)', 'ingredient': 'baking potatoes'}, {'quantity': '2', 'unit': 'teaspoons', 'ingredient': 'olive oil'}, {'quantity': '1/4', 'unit': None, 'ingredient': 'sea salt, or to taste'}, {'quantity': '2', 'unit': 'tablespoons', 'ingredient': 'unsalted butter'}, {'quantity': '1', 'unit': None, 'ingredient': 'onion, diced'}, {'quantity': '8', 'unit': 'ounces', 'ingredient': 'mushrooms, diced'}, {'quantity': '1/2', 'unit': 'teaspoon', 'ingredient': 'salt, or to taste'}, {'quantity': '1/4', 'unit': 'teaspoon', 'ingredient': 'ground black pepper, or to taste'}, {'quantity': '2', 'unit': 'cloves', 'ingredient': 'garlic, minced'}, {'quantity': '1/2', 'unit': 'cup', 'ingredient': 'white wine'}, {'quantity': '2', 'unit': 'tablespoons', 'ingredient': 'all-purpose flour'}, {'quantity': '1 1/2', 'unit': 'cups', 'ingredient': 'stock'}, {'quantity': '1', 'unit': 'tablespoon', 'ingredient': 'ijon mustard'}, {'quantity': '2', 'unit': 'cups', 'ingredient': 'cooked chicken'}, {'quantity': '1', 'unit': 'cup', 'ingredient': 'sour cream'}, {'quantity': '2', 'unit': 'tablespoons', 'ingredient': 'fresh parsley (optional)'}]",1 hr,4
https://www.allrecipes.com/gallery/what-to-make-with-stew-meat/,18 Recipes to Make with Stew Meat Besides Stew,[],,
https://www.allrecipes.com/recipe/16311/simple-beef-stroganoff/,Simple Beef Stroganoff,"[{'quantity': '1', 'unit': '(8 ounce) package', 'ingredient': 'egg noodles'}, {'quantity': '1', 'unit': 'pound', 'ingredient': 'ground beef'}, {'quantity': '1', 'unit': '(10.5 ounce) can', 'ingredient': 'fat-free condensed cream of mushroom soup'}, {'quantity': '1', 'unit': 'tablespoon', 'ingredient': 'garlic powder, or to taste'}, {'quantity': '½', 'unit': 'cup', 'ingredient': 'sour cream'}, {'quantity': '', 'unit': '', 'ingredient': 'salt and ground black pepper to taste'}]",20 mins,4
https://www.allrecipes.com/recipe/258468/beef-stroganoff-for-instant-pot/,Beef Stroganoff for Instant Pot,"[{'quantity': '2', 'unit': 'tablespoons', 'ingredient': 'canola oil'}, {'quantity': '½', 'unit': '', 'ingredient': 'onion, diced'}, {'quantity': '2', 'unit': 'teaspoons', 'ingredient': 'salt, divided'}, {'quantity': '2', 'unit': 'pounds', 'ingredient': 'beef stew meat, cut into 1-inch cubes'}, {'quantity': '1', 'unit': 'teaspoon', 'ingredient': 'freshly ground black pepper'}, {'quantity': '3', 'unit': 'cloves', 'ingredient': 'garlic, minced'}, {'quantity': '½', 'unit': 'teaspoon', 'ingredient': 'dried thyme'}, {'quantity': '2', 'unit': 'tablespoons', 'ingredient': 'soy sauce'}, {'quantity': '3', 'unit': 'cups', 'ingredient': 'chopped mushrooms'}, {'quantity': '2', 'unit': 'tablespoons', 'ingredient': 'all-purpose flour'}, {'quantity': '3', 'unit': 'cups', 'ingredient': 'chicken broth'}, {'quantity': '1', 'unit': '(16 ounce) package', 'ingredient': 'wide egg noodles'}, {'quantity': '¾', 'unit': 'cup', 'ingredient': 'sour cream, or to taste'}]",1 hr,8
https://www.allrecipes.com/recipe/219046/rich-and-creamy-beef-stroganoff/,Rich and Creamy Beef Stroganoff,"[{'quantity': '2', 'unit': '(2 pound)', 'ingredient': 'beef chuck roast, cut into 1/2-inch thick strips'}, {'quantity': '½', 'unit': 'cup', 'ingredient': 'red wine'}, {'quantity': '1', 'unit': 'teaspoon', 'ingredient': 'salt, or more to taste'}, {'quantity': '½', 'unit': 'teaspoon', 'ingredient': 'ground black pepper, or more to taste'}, {'quantity': '1', 'unit': 'tablespoon', 'ingredient': 'extra-virgin olive oil'}, {'quantity': '½', 'unit': 'cup', 'ingredient': 'butter, divided'}, {'quantity': '1', 'unit': 'large', 'ingredient': 'onion, diced'}, {'quantity': '3', 'unit': 'cloves', 'ingredient': 'garlic, minced'}, {'quantity': '1', 'unit': 'cup', 'ingredient': 'sliced mushrooms'}, {'quantity': '¼', 'unit': 'cup', 'ingredient': 'all-purpose flour'}, {'quantity': '1 ⅓', 'unit': 'cups', 'ingredient': 'beef stock'}, {'quantity': '1', 'unit': 'tablespoon', 'ingredient': 'Worcestershire sauce'}, {'quantity': '2', 'unit': 'teaspoons', 'ingredient': 'crushed red pepper flakes'}, {'quantity': '1', 'unit': 'teaspoon', 'ingredient': 'prepared yellow mustard'}, {'quantity': '1', 'unit': '(3 ounce) package', 'ingredient': 'cream cheese, softened'}, {'quantity': '⅓', 'unit': 'cup', 'ingredient': 'sour cream'}]",1 hr 50 mins,8
https://www.allrecipes.com/recipe/234799/poor-mans-stroganoff/,Simple Stroganoff,"[{'quantity': '1', 'unit': '(12 ounce) package', 'ingredient': 'egg noodles'}, {'quantity': '1', 'unit': 'pound', 'ingredient': 'ground beef'}, {'quantity': '1', 'unit': 'teaspoon', 'ingredient': ""Greek seasoning (such as Cavender's®)""}, {'quantity': '', 'unit': '', 'ingredient': 'salt and ground black pepper to taste'}, {'quantity': '1', 'unit': 'teaspoon', 'ingredient': 'vegetable oil'}, {'quantity': '1', 'unit': '(16 ounce) package', 'ingredient': 'sliced fresh mushrooms'}, {'quantity': '1', 'unit': 'pint', 'ingredient': 'sour cream'}]",30 mins,4
https://www.allrecipes.com/recipe/220059/chef-johns-classic-beef-stroganoff/,Chef John's Classic Beef Stroganoff,"[{'quantity': '2', 'unit': 'pounds', 'ingredient': 'beef chuck roast, cut into 1/2-inch thick strips'}, {'quantity': '', 'unit': '', 'ingredient': 'salt and pepper to taste'}, {'quantity': '1', 'unit': 'tablespoon', 'ingredient': 'vegetable oil'}, {'quantity': '8', 'unit': 'ounces', 'ingredient': 'sliced mushrooms'}, {'quantity': '½', 'unit': 'medium', 'ingredient': 'onion, sliced or diced'}, {'quantity': '1', 'unit': 'tablespoon', 'ingredient': 'butter'}, {'quantity': '2', 'unit': 'cloves', 'ingredient': 'garlic, minced'}, {'quantity': '1 ½', 'unit': 'tablespoons', 'ingredient': 'all-purpose flour'}, {'quantity': '½', 'unit': 'cup', 'ingredient': 'white wine'}, {'quantity': '2', 'unit': 'cups', 'ingredient': 'beef broth, divided'}, {'quantity': '¾', 'unit': 'cup', 'ingredient': 'creme fraiche'}, {'quantity': '1', 'unit': 'tablespoon', 'ingredient': 'fresh chopped chives'}, {'quantity': '', 'unit': '', 'ingredient': 'salt and pepper to taste'}]",1 hr 45 mins,8
https://www.allrecipes.com/recipe/240773/quick-and-easy-hamburger-stroganoff/,Quick and Easy Hamburger Stroganoff,"[{'quantity': '1', 'unit': '(16 ounce) package', 'ingredient': 'egg noodles'}, {'quantity': '2', 'unit': 'tablespoons', 'ingredient': 'butter'}, {'quantity': '1', 'unit': '', 'ingredient': 'onion, chopped'}, {'quantity': '1', 'unit': 'pound', 'ingredient': 'ground beef'}, {'quantity': '1', 'unit': 'tablespoon', 'ingredient': 'all-purpose flour'}, {'quantity': '1', 'unit': '(4.5 ounce) can', 'ingredient': 'sliced mushrooms, drained (Optional)'}, {'quantity': '1', 'unit': 'tablespoon', 'ingredient': 'garlic salt, or to taste'}, {'quantity': '1', 'unit': '(10.5 ounce) can', 'ingredient': 'cream of mushroom soup (such as Campbell’s)'}, {'quantity': '1', 'unit': '(10.5 ounce) can', 'ingredient': 'cream of chicken soup (such as Campbell’s)'}, {'quantity': '1', 'unit': 'cup', 'ingredient': 'sour cream'}]",30 mins,6
https://www.allrecipes.com/recipe/87524/no-sour-cream-beef-stroganoff/,No Sour Cream Beef Stroganoff,"[{'quantity': '1 ½', 'unit': 'pounds', 'ingredient': 'ground beef'}, {'quantity': '', 'unit': '', 'ingredient': 'salt to taste'}, {'quantity': '1', 'unit': '', 'ingredient': 'onion, chopped'}, {'quantity': '1', 'unit': '(8 ounce) can', 'ingredient': 'mushrooms, drained'}, {'quantity': '1', 'unit': 'tablespoon', 'ingredient': 'butter'}, {'quantity': '1', 'unit': 'clove', 'ingredient': 'garlic, minced'}, {'quantity': '½', 'unit': 'cup', 'ingredient': 'white wine'}, {'quantity': '1/4', 'unit': 'cup', 'ingredient': 'flour'}, {'quantity': '1', 'unit': '(10.5 ounce) can', 'ingredient': 'cream of mushroom soup'}, {'quantity': '½', 'unit': '(10.5 ounce) can', 'ingredient': 'beef broth, or more as needed'}, {'quantity': '1', 'unit': 'dash', 'ingredient': 'Worcestershire sauce, or to taste'}]",40 mins,4
https://www.allrecipes.com/recipe/236867/super-duper-slow-cooker-beef-stroganoff/,Easy Slow Cooker Beef Stroganoff,"[{'quantity': '1 ½', 'unit': 'pounds', 'ingredient': 'cubed beef stew meat'}, {'quantity': '', 'unit': '', 'ingredient': 'salt and ground black pepper to taste'}, {'quantity': '1', 'unit': '', 'ingredient': 'onion, chopped'}, {'quantity': '1', 'unit': '(10.75 ounce) can', 'ingredient': 'condensed cream of mushroom soup'}, {'quantity': '¼', 'unit': 'cup', 'ingredient': 'water'}, {'quantity': '1', 'unit': 'tablespoon', 'ingredient': 'dried chives'}, {'quantity': '2', 'unit': 'cloves', 'ingredient': 'garlic, minced'}, {'quantity': '1', 'unit': 'tablespoon', 'ingredient': 'Worcestershire sauce'}, {'quantity': '1', 'unit': 'cube', 'ingredient': 'beef bouillon'}, {'quantity': '½', 'unit': 'cup', 'ingredient': 'red wine'}, {'quantity': '1', 'unit': 'tablespoon', 'ingredient': 'cornstarch'}, {'quantity': '1', 'unit': 'tablespoon', 'ingredient': 'all-purpose flour'}, {'quantity': '1', 'unit': '(8 ounce) container', 'ingredient': 'sour cream'}, {'quantity': '1', 'unit': '(8 ounce) package', 'ingredient': 'sliced fresh mushrooms'}, {'quantity': '4', 'unit': 'ounces', 'ingredient': 'cream cheese'}, {'quantity': '½', 'unit': 'cup', 'ingredient': 'chopped fresh parsley'}]",6 hrs 15 mins,6
https://www.allrecipes.com/recipe/11880/easy-beef-stroganoff/,Easy Beef Stroganoff,"[{'quantity': '4', 'unit': 'tablespoons', 'ingredient': 'butter, divided'}, {'quantity': '6', 'unit': 'ounces', 'ingredient': 'fresh mushrooms, sliced'}, {'quantity': '1', 'unit': 'medium', 'ingredient': 'onion, chopped'}, {'quantity': '1', 'unit': '(12 ounce) package', 'ingredient': 'egg noodles'}, {'quantity': '2', 'unit': 'pounds', 'ingredient': 'lean ground beef'}, {'quantity': '¼', 'unit': 'cup', 'ingredient': 'all-purpose flour'}, {'quantity': '2', 'unit': 'cups', 'ingredient': 'beef broth'}, {'quantity': '1', 'unit': 'cup', 'ingredient': 'sour cream'}, {'quantity': '', 'unit': '', 'ingredient': 'salt and black pepper to taste'}]",25 mins,8
https://www.allrecipes.com/recipe/230302/nanas-beef-stroganoff/,Nana's Beef Stroganoff,"[{'quantity': '1', 'unit': 'tablespoon', 'ingredient': 'all-purpose flour'}, {'quantity': '½', 'unit': 'teaspoon', 'ingredient': 'salt'}, {'quantity': '1 ½', 'unit': 'pounds', 'ingredient': 'beef sirloin, cut into 1/4-inch wide strips'}, {'quantity': '2', 'unit': 'tablespoons unsalted', 'ingredient': 'butter'}, {'quantity': '1', 'unit': 'cup', 'ingredient': 'mushrooms'}, {'quantity': '½', 'unit': 'cup', 'ingredient': 'chopped onion'}, {'quantity': '1', 'unit': 'clove', 'ingredient': 'garlic, crushed'}, {'quantity': '2', 'unit': 'tablespoons unsalted', 'ingredient': 'butter'}, {'quantity': '3', 'unit': 'tablespoons', 'ingredient': 'all-purpose flour'}, {'quantity': '2', 'unit': 'tablespoons', 'ingredient': 'tomato paste'}, {'quantity': '1 ¼', 'unit': 'cups', 'ingredient': 'chilled beef stock'}, {'quantity': '1', 'unit': 'cup', 'ingredient': 'sour cream'}, {'quantity': '¼', 'unit': 'cup', 'ingredient': 'dry white wine'}]",2 hrs 40 mins,4
https://www.allrecipes.com/recipe/15919/easy-stroganoff/,Easy Stroganoff,"[{'quantity': '1', 'unit': '(16 ounce) package', 'ingredient': 'wide egg noodles'}, {'quantity': '1', 'unit': 'pound', 'ingredient': 'lean ground beef'}, {'quantity': '1', 'unit': 'tablespoon', 'ingredient': 'Worcestershire sauce'}, {'quantity': '1', 'unit': 'teaspoon', 'ingredient': 'seasoned salt'}, {'quantity': '1', 'unit': 'teaspoon', 'ingredient': 'minced garlic'}, {'quantity': '1', 'unit': '(8 ounce) can', 'ingredient': 'sliced mushrooms'}, {'quantity': '2', 'unit': '(10.75 ounce) cans', 'ingredient': 'condensed cream of mushroom soup'}, {'quantity': '10 ¾', 'unit': 'fluid ounces', 'ingredient': 'milk'}, {'quantity': '1', 'unit': 'cup', 'ingredient': 'sour cream'}]",30 mins,6
https://www.allrecipes.com/recipe/278031/instant-pot-ground-beef-stroganoff/,Instant Pot Ground Beef Stroganoff,"[{'quantity': '1', 'unit': 'pound', 'ingredient': 'ground beef'}, {'quantity': '16', 'unit': 'ounces', 'ingredient': 'chopped fresh mushrooms'}, {'quantity': '2', 'unit': '', 'ingredient': 'onions, minced'}, {'quantity': '4', 'unit': 'cloves', 'ingredient': 'garlic, minced'}, {'quantity': '4', 'unit': 'cups', 'ingredient': 'water'}, {'quantity': '2', 'unit': '(10.75 ounce) cans', 'ingredient': 'condensed cream of mushroom soup'}, {'quantity': '1', 'unit': '(16 ounce) package', 'ingredient': 'egg noodles'}, {'quantity': '2', 'unit': 'tablespoons', 'ingredient': 'Worcestershire sauce'}, {'quantity': '1', 'unit': '(1 ounce) package', 'ingredient': 'dry onion soup mix'}, {'quantity': '1', 'unit': 'cup', 'ingredient': 'sour cream'}]",40 mins,8
https://www.allrecipes.com/recipe/262806/best-ever-russian-beef-stroganoff/,Best Ever Russian Beef Stroganoff,"[{'quantity': '1 ½', 'unit': 'tablespoons', 'ingredient': 'all-purpose flour'}, {'quantity': '¾', 'unit': 'teaspoon', 'ingredient': 'salt'}, {'quantity': '⅛', 'unit': 'teaspoon', 'ingredient': 'ground black pepper'}, {'quantity': '1', 'unit': 'pound', 'ingredient': 'beef sirloin, cut into 1/4-inch wide strips'}, {'quantity': '3', 'unit': 'tablespoons', 'ingredient': 'butter'}, {'quantity': '1', 'unit': 'cup', 'ingredient': 'thinly sliced mushrooms'}, {'quantity': '½', 'unit': 'cup', 'ingredient': 'chopped onion'}, {'quantity': '1', 'unit': 'clove', 'ingredient': 'garlic, minced, or more to taste'}, {'quantity': '3', 'unit': 'tablespoons', 'ingredient': 'butter'}, {'quantity': '3', 'unit': 'tablespoons', 'ingredient': 'all-purpose flour'}, {'quantity': '1', 'unit': 'tablespoon', 'ingredient': 'tomato paste'}, {'quantity': '1 ¼', 'unit': 'cups', 'ingredient': 'cold beef stock'}, {'quantity': '1', 'unit': 'cup', 'ingredient': 'sour cream'}, {'quantity': '3', 'unit': 'tablespoons', 'ingredient': 'cooking sherry'}]",40 mins,4
https://www.allrecipes.com/recipe/149198/beef-stroganoff-with-white-wine/,Beef Stroganoff with White Wine,"[{'quantity': '3', 'unit': 'tablespoons', 'ingredient': 'butter'}, {'quantity': '1', 'unit': '(8 ounce) package', 'ingredient': 'sliced mushrooms'}, {'quantity': '1', 'unit': 'large', 'ingredient': 'onion, diced'}, {'quantity': '4', 'unit': 'cloves', 'ingredient': 'garlic, diced'}, {'quantity': '', 'unit': '', 'ingredient': 'salt and ground black pepper to taste'}, {'quantity': '1 ½', 'unit': 'pounds', 'ingredient': 'beef sirloin steak, cut into 1 inch cubes'}, {'quantity': '1', 'unit': 'cup', 'ingredient': 'white wine'}, {'quantity': '2', 'unit': 'cups', 'ingredient': 'beef bouillon'}, {'quantity': '1', 'unit': 'teaspoon', 'ingredient': 'crumbled dried thyme'}, {'quantity': '1', 'unit': 'teaspoon', 'ingredient': 'dried basil'}, {'quantity': '½', 'unit': 'teaspoon', 'ingredient': 'dried oregano'}, {'quantity': '2', 'unit': '', 'ingredient': 'bay leaves'}, {'quantity': '½', 'unit': 'teaspoon', 'ingredient': 'ground black pepper'}, {'quantity': '¼', 'unit': 'cup', 'ingredient': 'all-purpose flour'}, {'quantity': '2', 'unit': 'cups', 'ingredient': 'half-and-half cream'}]",1 hr 5 mins,6
https://www.allrecipes.com/recipe/151643/campbells-kitchen-beef-stroganoff/,Campbell's Kitchen Beef Stroganoff,"[{'quantity': '1', 'unit': 'pound', 'ingredient': 'boneless beef sirloin steak or beef top round steak'}, {'quantity': '2', 'unit': 'tablespoons', 'ingredient': 'vegetable oil'}, {'quantity': '1', 'unit': 'medium', 'ingredient': 'onion, chopped'}, {'quantity': '1', 'unit': '(10.75 ounce) can', 'ingredient': ""Campbell's® Condensed Cream of Mushroom Soup or Campbell's® Condensed 98% Fat Free Cream of Mushroom Soup""}, {'quantity': '½', 'unit': 'teaspoon', 'ingredient': 'paprika'}, {'quantity': '½', 'unit': 'cup', 'ingredient': 'sour cream or yogurt'}, {'quantity': '4', 'unit': 'cups', 'ingredient': 'hot cooked medium egg noodles'}, {'quantity': '', 'unit': '', 'ingredient': 'Chopped fresh parsley'}]",25 mins,4
https://www.allrecipes.com/recipe/14626/ground-beef-stroganoff/,Ground Beef Stroganoff,"[{'quantity': '1', 'unit': 'pound', 'ingredient': 'ground beef'}, {'quantity': '½', 'unit': 'cup', 'ingredient': 'chopped onion'}, {'quantity': '1', 'unit': '(4.5 ounce) can', 'ingredient': 'mushrooms, drained'}, {'quantity': '½', 'unit': 'teaspoon', 'ingredient': 'garlic powder'}, {'quantity': '½', 'unit': 'teaspoon', 'ingredient': 'mustard powder'}, {'quantity': '½', 'unit': 'cup', 'ingredient': 'sour cream'}, {'quantity': '½', 'unit': 'cup', 'ingredient': 'mayonnaise'}, {'quantity': '½', 'unit': 'cup', 'ingredient': 'beef broth'}, {'quantity': '1', 'unit': '(8 ounce) package', 'ingredient': 'wide egg noodles'}]",30 mins,4
https://www.allrecipes.com/recipe/16105/beef-stroganoff-ii/,Beef Stroganoff with Steak,"[{'quantity': '1', 'unit': 'pound', 'ingredient': 'sirloin steak, cut into bite size strips'}, {'quantity': '1', 'unit': '', 'ingredient': 'onion, chopped'}, {'quantity': '1 ½', 'unit': 'tablespoons', 'ingredient': 'all-purpose flour'}, {'quantity': '¾', 'unit': 'teaspoon', 'ingredient': 'salt'}, {'quantity': '¼', 'unit': 'teaspoon', 'ingredient': 'paprika'}, {'quantity': '⅛', 'unit': 'teaspoon', 'ingredient': 'ground black pepper'}, {'quantity': '1', 'unit': '(10.75 ounce) can', 'ingredient': 'condensed cream of mushroom soup'}, {'quantity': '1 ¼', 'unit': 'cups', 'ingredient': 'fat free sour cream'}, {'quantity': '1', 'unit': '(8 ounce) package', 'ingredient': 'egg noodles'}]",45 mins,4
https://www.allrecipes.com/recipe/8331266/best-home-style-beef-stroganoff/,Best Home-Style Beef Stroganoff,"[{'quantity': '1 ¼', 'unit': 'pounds', 'ingredient': 'beef sirloin steak'}, {'quantity': '3', 'unit': 'teaspoons', 'ingredient': 'kosher salt, divided, or to taste'}, {'quantity': '½', 'unit': 'teaspoon', 'ingredient': 'ground black pepper, or to taste'}, {'quantity': '½', 'unit': 'teaspoon', 'ingredient': 'garlic powder'}, {'quantity': '4', 'unit': 'teaspoons', 'ingredient': 'olive oil'}, {'quantity': '3', 'unit': 'tablespoons', 'ingredient': 'butter, divided'}, {'quantity': '1', 'unit': 'medium', 'ingredient': 'onion, thinly sliced'}, {'quantity': '1', 'unit': '(8 ounce) package', 'ingredient': 'sliced mushrooms'}, {'quantity': '2', 'unit': 'tablespoons', 'ingredient': 'all-purpose flour'}, {'quantity': '1', 'unit': 'tablespoon', 'ingredient': 'tomato paste'}, {'quantity': '2', 'unit': 'cups', 'ingredient': 'unsalted beef broth, or more to taste'}, {'quantity': '2', 'unit': 'teaspoons', 'ingredient': 'Dijon mustard'}, {'quantity': '2', 'unit': 'teaspoons', 'ingredient': 'Worcestershire sauce'}, {'quantity': '1', 'unit': '(16 ounce) package', 'ingredient': 'wide egg noodles'}, {'quantity': '1', 'unit': 'cup', 'ingredient': 'sour cream'}, {'quantity': '1', 'unit': 'tablespoon', 'ingredient': 'chopped fresh parsley'}]",40 mins,6
https://www.allrecipes.com/recipe/241630/creamy-beef-tips-with-egg-noodles/,Creamy Beef Tips with Egg Noodles,"[{'quantity': '2', 'unit': 'pounds', 'ingredient': 'sirloin tips, cubed'}, {'quantity': '½', 'unit': '', 'ingredient': 'yellow onion, chopped'}, {'quantity': '2', 'unit': '(10.5 ounce) cans', 'ingredient': 'condensed cream of mushroom soup (such as Campbell’s)'}, {'quantity': '1', 'unit': 'cup', 'ingredient': 'milk'}, {'quantity': '½', 'unit': 'cup', 'ingredient': 'red wine'}, {'quantity': '1', 'unit': '(1.25 ounce) package', 'ingredient': 'beef with onion soup mix'}, {'quantity': '2', 'unit': '(16 ounce) packages', 'ingredient': 'egg noodles'}]",6 hrs 20 mins,8
https://www.allrecipes.com/recipe/16433/stroganoff/,Stroganoff,"[{'quantity': '1', 'unit': 'pound', 'ingredient': 'ground beef'}, {'quantity': '½', 'unit': 'cup', 'ingredient': 'chopped onion'}, {'quantity': '1', 'unit': 'tablespoon', 'ingredient': 'all-purpose flour'}, {'quantity': '½', 'unit': 'teaspoon', 'ingredient': 'salt'}, {'quantity': '¼', 'unit': 'teaspoon', 'ingredient': 'paprika'}, {'quantity': '1', 'unit': '(10.75 ounce) can', 'ingredient': 'condensed cream of mushroom soup'}, {'quantity': '1', 'unit': 'cup', 'ingredient': 'sour cream'}, {'quantity': '8', 'unit': 'ounces', 'ingredient': 'egg noodles'}]",40 mins,7
https://www.allrecipes.com/recipe/276859/beef-stroganoff-with-ground-beef/,Beef Stroganoff with Ground Beef,"[{'quantity': '2', 'unit': 'tablespoons', 'ingredient': 'butter'}, {'quantity': '1', 'unit': 'cup', 'ingredient': 'sliced fresh mushrooms'}, {'quantity': '⅓', 'unit': 'cup', 'ingredient': 'chopped onion'}, {'quantity': '1', 'unit': 'pound', 'ingredient': 'lean ground beef'}, {'quantity': '2', 'unit': 'tablespoons', 'ingredient': 'all-purpose flour'}, {'quantity': '1', 'unit': 'teaspoon', 'ingredient': 'garlic powder'}, {'quantity': '1', 'unit': 'teaspoon', 'ingredient': 'seasoning salt'}, {'quantity': '½', 'unit': 'teaspoon', 'ingredient': 'ground paprika'}, {'quantity': '¼', 'unit': 'teaspoon', 'ingredient': 'ground black pepper'}, {'quantity': '1', 'unit': '(10.75 ounce) can', 'ingredient': 'condensed cream of mushroom soup'}, {'quantity': '¾', 'unit': 'cup', 'ingredient': 'sour cream, or more to taste'}, {'quantity': '1', 'unit': 'tablespoon', 'ingredient': 'liquid smoke, or to taste (Optional)'}, {'quantity': '1', 'unit': 'tablespoon', 'ingredient': 'Worcestershire sauce'}]",30 mins,4
https://www.allrecipes.com/recipe/230301/so-simple-beef-stroganoff/,So Simple Beef Stroganoff,"[{'quantity': '1', 'unit': '(10.75 ounce) can', 'ingredient': 'condensed cream of mushroom soup'}, {'quantity': '½', 'unit': 'cup', 'ingredient': 'water, or more as needed'}, {'quantity': '1', 'unit': '(1 ounce) package', 'ingredient': 'dry onion soup mix'}, {'quantity': '1', 'unit': 'pound', 'ingredient': 'cubed beef stew meat'}, {'quantity': '4', 'unit': 'ounces', 'ingredient': 'cream cheese'}]",4 hrs 10 mins,4
https://www.allrecipes.com/recipe/16196/darias-slow-cooker-beef-stroganoff/,Daria's Slow Cooker Beef Stroganoff,"[{'quantity': '1 ½', 'unit': 'pounds', 'ingredient': 'top round steak, cut into strips'}, {'quantity': '', 'unit': '', 'ingredient': 'salt and pepper to taste'}, {'quantity': '½', 'unit': '', 'ingredient': 'onion, chopped'}, {'quantity': '1', 'unit': '(10.75 ounce) can', 'ingredient': 'condensed cream of mushroom soup'}, {'quantity': '1', 'unit': '(8 ounce) can', 'ingredient': 'canned mushrooms'}, {'quantity': '¼', 'unit': 'cup', 'ingredient': 'water'}, {'quantity': '1', 'unit': 'tablespoon', 'ingredient': 'dried chives'}, {'quantity': '1', 'unit': 'clove', 'ingredient': 'garlic, minced'}, {'quantity': '1', 'unit': 'teaspoon', 'ingredient': 'Worcestershire sauce'}, {'quantity': '1', 'unit': 'cube', 'ingredient': 'beef bouillon'}, {'quantity': '¼', 'unit': 'cup', 'ingredient': 'white wine'}, {'quantity': '1', 'unit': 'tablespoon', 'ingredient': 'all-purpose flour'}, {'quantity': '1', 'unit': '(16 ounce) container', 'ingredient': 'sour cream'}, {'quantity': '½', 'unit': 'cup', 'ingredient': 'chopped fresh parsley'}]",8 hrs 15 mins,6
https://www.allrecipes.com/recipe/262072/classic-beef-stroganoff-in-a-slow-cooker/,Classic Beef Stroganoff in a Slow Cooker,"[{'quantity': '1', 'unit': 'pound', 'ingredient': 'beef top round steak, cut into 1/4-inch strips'}, {'quantity': '1', 'unit': '(8 ounce) package', 'ingredient': 'sliced fresh mushrooms'}, {'quantity': '1', 'unit': 'cup', 'ingredient': 'chopped onion'}, {'quantity': '2', 'unit': 'tablespoons', 'ingredient': 'Dijon mustard'}, {'quantity': '2', 'unit': 'tablespoons', 'ingredient': 'chopped fresh parsley'}, {'quantity': '3', 'unit': 'cloves', 'ingredient': 'garlic, minced'}, {'quantity': '½', 'unit': 'teaspoon', 'ingredient': 'salt'}, {'quantity': '½', 'unit': 'teaspoon', 'ingredient': 'dried dill'}, {'quantity': '½', 'unit': 'teaspoon', 'ingredient': 'freshly ground black pepper'}, {'quantity': '⅓', 'unit': 'cup', 'ingredient': 'all-purpose flour (spooned and leveled)'}, {'quantity': '1', 'unit': 'cup', 'ingredient': 'fat-free reduced-sodium beef broth'}, {'quantity': '1', 'unit': '(8 ounce) container', 'ingredient': 'reduced-fat sour cream'}, {'quantity': '2', 'unit': 'cups', 'ingredient': 'hot cooked egg noodles'}]",8 hrs 25 mins,4
https://www.allrecipes.com/recipe/234486/cream-cheese-steak-stroganoff/,Cream Cheese Steak Stroganoff,"[{'quantity': '1', 'unit': '(8 ounce) package', 'ingredient': 'farfalle (bow tie) pasta'}, {'quantity': '2', 'unit': 'teaspoons', 'ingredient': 'olive oil'}, {'quantity': '1', 'unit': 'teaspoon unsalted', 'ingredient': 'butter'}, {'quantity': '1', 'unit': '(6 ounce) package', 'ingredient': 'sliced white mushrooms'}, {'quantity': '¼', 'unit': 'cup', 'ingredient': 'French-fried onions'}, {'quantity': '1', 'unit': 'clove', 'ingredient': 'garlic, minced'}, {'quantity': '½', 'unit': '(8 ounce) package', 'ingredient': 'cream cheese, cubed'}, {'quantity': '⅓', 'unit': 'cup', 'ingredient': 'white wine'}, {'quantity': '2', 'unit': 'tablespoons', 'ingredient': 'tomato paste'}, {'quantity': '1', 'unit': 'tablespoon', 'ingredient': 'lemon juice'}, {'quantity': '1', 'unit': 'tablespoon', 'ingredient': 'cornstarch'}, {'quantity': '1', 'unit': '', 'ingredient': 'beef bouillon cube'}, {'quantity': '½', 'unit': 'teaspoon', 'ingredient': 'dried parsley'}, {'quantity': '½', 'unit': 'teaspoon', 'ingredient': 'seasoned salt'}, {'quantity': '¼', 'unit': 'teaspoon', 'ingredient': 'smoked paprika'}, {'quantity': None, 'unit': '12 ounces', 'ingredient': 'cooked steak, thinly sliced'}, {'quantity': '¼', 'unit': 'cup', 'ingredient': 'milk, or as needed'}, {'quantity': '', 'unit': '', 'ingredient': 'freshly ground black pepper to taste'}]",45 mins,4
https://www.allrecipes.com/recipe/261152/easy-beef-stroganoff-in-the-slow-cooker/,Easy Beef Stroganoff in the Slow Cooker,"[{'quantity': '1 ⅓', 'unit': 'pounds', 'ingredient': 'cubed beef stew meat'}, {'quantity': '2', 'unit': 'cups', 'ingredient': 'fresh mushrooms, thickly sliced'}, {'quantity': '1', 'unit': '(10.75 ounce) can', 'ingredient': 'condensed cream of mushroom soup'}, {'quantity': '1', 'unit': 'cup', 'ingredient': 'milk'}, {'quantity': '2', 'unit': '', 'ingredient': 'onions, chopped'}, {'quantity': '2', 'unit': 'tablespoons', 'ingredient': 'Worcestershire sauce'}, {'quantity': '6', 'unit': 'ounces', 'ingredient': 'herb and garlic-flavored cream cheese'}, {'quantity': '1', 'unit': 'cup', 'ingredient': 'fusilli pasta'}, {'quantity': '¼', 'unit': 'cup', 'ingredient': 'sour cream (Optional)'}]",4 hrs 10 mins,5
https://www.allrecipes.com/recipe/262061/one-pot-ground-beef-stroganoff/,One-Pot Ground Beef Stroganoff,"[{'quantity': '1', 'unit': 'pound', 'ingredient': 'ground beef'}, {'quantity': '1 ½', 'unit': 'tablespoons', 'ingredient': 'cornstarch'}, {'quantity': '1 ½', 'unit': 'teaspoons', 'ingredient': 'salt'}, {'quantity': '1 ½', 'unit': 'teaspoons', 'ingredient': 'dried parsley'}, {'quantity': '1', 'unit': 'teaspoon', 'ingredient': 'garlic powder'}, {'quantity': '1', 'unit': 'teaspoon', 'ingredient': 'onion powder'}, {'quantity': '1 ¾', 'unit': 'cups', 'ingredient': 'milk'}, {'quantity': '1 ¼', 'unit': 'cups', 'ingredient': 'beef stock'}, {'quantity': '1', 'unit': '(8 ounce) package', 'ingredient': 'egg noodles'}, {'quantity': '½', 'unit': 'cup', 'ingredient': 'sour cream'}, {'quantity': '¼', 'unit': 'cup', 'ingredient': 'freshly grated Parmesan cheese'}]",20 mins,4
https://www.allrecipes.com/recipe/87025/best-beef-stroganoff/,Best Beef Stroganoff,"[{'quantity': '1', 'unit': '(16 ounce) package', 'ingredient': 'egg noodles'}, {'quantity': '2', 'unit': 'tablespoons', 'ingredient': 'butter, softened'}, {'quantity': '2', 'unit': '', 'ingredient': 'onions, finely chopped'}, {'quantity': '2', 'unit': 'cloves', 'ingredient': 'garlic, minced'}, {'quantity': '1', 'unit': '(8 ounce) package', 'ingredient': 'fresh mushrooms, thinly sliced'}, {'quantity': '1', 'unit': 'pound', 'ingredient': 'beef loin steak, cut into thin strips'}, {'quantity': '1', 'unit': '(14 ounce) can', 'ingredient': 'beef consomme'}, {'quantity': '¼', 'unit': 'cup', 'ingredient': 'Burgundy wine (Optional)'}, {'quantity': '3', 'unit': 'tablespoons', 'ingredient': 'lemon juice'}, {'quantity': '2', 'unit': 'tablespoons', 'ingredient': 'all-purpose flour'}, {'quantity': '2', 'unit': 'tablespoons', 'ingredient': 'cold water, or as needed'}, {'quantity': '1', 'unit': '(8 ounce) container', 'ingredient': 'sour cream'}]",45 mins,8
https://www.allrecipes.com/recipe/230299/easy-slow-cooker-stroganoff/,Easy Slow Cooker Stroganoff,"[{'quantity': '2', 'unit': '(10.75 ounce) cans', 'ingredient': 'cream of mushroom soup'}, {'quantity': '1', 'unit': '(8 ounce) package', 'ingredient': 'sliced fresh mushrooms (Optional)'}, {'quantity': '½', 'unit': 'cup', 'ingredient': 'butter'}, {'quantity': '1', 'unit': 'small', 'ingredient': 'onion, chopped'}, {'quantity': '3', 'unit': 'pounds', 'ingredient': 'beef tips, cut into bite-size pieces'}, {'quantity': '1', 'unit': '(8 ounce) package', 'ingredient': 'wide egg noodles'}]",8 hrs 15 mins,6
https://www.allrecipes.com/recipe/236433/elegant-beef-stroganoff/,Elegant Beef Stroganoff,"[{'quantity': '2', 'unit': 'pounds', 'ingredient': 'sirloin steak, pounded to 1/4-inch thickness and cut into 1 x 1 1/2-inch strips'}, {'quantity': '½', 'unit': 'cup', 'ingredient': 'red wine'}, {'quantity': '¼', 'unit': 'cup', 'ingredient': 'all-purpose flour'}, {'quantity': '1', 'unit': 'teaspoon', 'ingredient': 'salt'}, {'quantity': '1', 'unit': 'teaspoon', 'ingredient': 'paprika'}, {'quantity': '½', 'unit': 'teaspoon', 'ingredient': 'ground black pepper'}, {'quantity': '¼', 'unit': 'cup', 'ingredient': 'unsalted butter'}, {'quantity': '1', 'unit': 'small', 'ingredient': 'onion, diced'}, {'quantity': '3', 'unit': 'cloves', 'ingredient': 'garlic, minced'}, {'quantity': '2', 'unit': 'cups', 'ingredient': 'canned sliced mushrooms'}, {'quantity': '1', 'unit': '(10 ounce) can', 'ingredient': 'beef broth'}, {'quantity': '½', 'unit': 'cup', 'ingredient': 'water'}, {'quantity': '1', 'unit': 'tablespoon', 'ingredient': 'Worcestershire sauce'}, {'quantity': '2', 'unit': 'teaspoons', 'ingredient': 'red pepper flakes'}, {'quantity': '1', 'unit': 'teaspoon', 'ingredient': 'prepared yellow mustard'}, {'quantity': '⅓', 'unit': 'cup', 'ingredient': 'cream cheese'}, {'quantity': '⅓', 'unit': 'cup', 'ingredient': 'sour cream'}, {'quantity': '2', 'unit': 'cups', 'ingredient': 'hot cooked noodles'}]",1 hr 45 mins,6
https://www.allrecipes.com/recipe/276861/instant-pot-beef-stroganoff/,Instant Pot Beef Stroganoff,"[{'quantity': '2', 'unit': 'tablespoons', 'ingredient': 'vegetable oil'}, {'quantity': '1', 'unit': 'small', 'ingredient': 'onion, diced'}, {'quantity': '2', 'unit': 'pounds', 'ingredient': 'beef steak, cubed or cut into 1/2-inch to 1-inch strips'}, {'quantity': '4', 'unit': 'cloves', 'ingredient': 'garlic, minced'}, {'quantity': '1', 'unit': 'teaspoon', 'ingredient': 'chopped fresh thyme'}, {'quantity': '4', 'unit': 'cups', 'ingredient': 'beef broth, divided'}, {'quantity': '3', 'unit': 'tablespoons', 'ingredient': 'Worcestershire sauce, or more to taste'}, {'quantity': '3', 'unit': 'cups', 'ingredient': 'chopped fresh mushrooms'}, {'quantity': '1', 'unit': '(16 ounce) package', 'ingredient': 'egg noodles'}, {'quantity': '1', 'unit': '(24 ounce) container', 'ingredient': 'sour cream'}, {'quantity': '2', 'unit': 'tablespoons', 'ingredient': 'cornstarch, or more as needed (Optional)'}, {'quantity': '', 'unit': '', 'ingredient': 'salt and freshly ground black pepper to taste'}]",1 hr 15 mins,8
https://www.allrecipes.com/recipe/219448/healthier-beef-stroganoff-iii/,Healthier Beef Stroganoff,"[{'quantity': '2', 'unit': 'pounds', 'ingredient': 'beef chuck roast'}, {'quantity': '½', 'unit': 'teaspoon', 'ingredient': 'salt, plus more to taste'}, {'quantity': '½', 'unit': 'teaspoon', 'ingredient': 'ground black pepper, plus more to taste'}, {'quantity': '3', 'unit': 'tablespoons', 'ingredient': 'unsalted butter, divided'}, {'quantity': '8', 'unit': 'ounces', 'ingredient': 'white button mushrooms, sliced'}, {'quantity': '4', 'unit': '', 'ingredient': 'green onions, sliced (white and green parts)'}, {'quantity': '⅓', 'unit': 'cup', 'ingredient': 'white wine'}, {'quantity': '1 ¼', 'unit': 'cups', 'ingredient': 'reduced-sodium beef stock, divided'}, {'quantity': '¼', 'unit': 'cup', 'ingredient': 'all-purpose flour'}, {'quantity': '1', 'unit': 'teaspoon', 'ingredient': 'prepared mustard'}, {'quantity': '⅓', 'unit': 'cup', 'ingredient': 'light sour cream'}]",1 hr 35 mins,8
https://www.allrecipes.com/recipe/262060/simple-ground-beef-stroganoff/,Simple Ground Beef Stroganoff,"[{'quantity': '1 ½', 'unit': 'tablespoons', 'ingredient': 'unsalted butter, divided'}, {'quantity': '1', 'unit': 'tablespoon', 'ingredient': 'olive oil'}, {'quantity': '½', 'unit': '', 'ingredient': 'onion, diced'}, {'quantity': '¼', 'unit': 'teaspoon', 'ingredient': 'garlic powder'}, {'quantity': '1', 'unit': 'pound', 'ingredient': 'ground beef'}, {'quantity': '1', 'unit': '(12 ounce) package', 'ingredient': 'egg noodles'}, {'quantity': '2', 'unit': 'tablespoons', 'ingredient': 'sour cream'}, {'quantity': '1', 'unit': '(10.5 ounce) can', 'ingredient': 'condensed cream of mushroom soup'}, {'quantity': '1', 'unit': '(10.5 ounce) can', 'ingredient': 'condensed cream of celery soup'}, {'quantity': '½', 'unit': 'teaspoon', 'ingredient': 'paprika'}, {'quantity': '¼', 'unit': 'teaspoon', 'ingredient': 'salt'}, {'quantity': '¼', 'unit': 'teaspoon', 'ingredient': 'ground black pepper'}]",35 mins,6
https://www.allrecipes.com/recipe/23924/beef-stroganoff-with-noodles/,Beef Stroganoff with Noodles,"[{'quantity': '2', 'unit': 'tablespoons', 'ingredient': 'vegetable oil'}, {'quantity': '1 ½', 'unit': 'pounds', 'ingredient': 'beef stew meat, cut into 1/2-inch pieces'}, {'quantity': '½', 'unit': 'pound', 'ingredient': 'bacon, cut into 1/4-inch pieces'}, {'quantity': '½', 'unit': None, 'ingredient': 'onion, diced'}, {'quantity': '3', 'unit': 'strips', 'ingredient': 'celery, diced'}, {'quantity': '2', 'unit': 'tablespoons', 'ingredient': 'seasoning salt'}, {'quantity': '¼', 'unit': 'cup', 'ingredient': 'Worcestershire sauce'}, {'quantity': '3', 'unit': '(14 ounce) cans', 'ingredient': 'beef broth'}, {'quantity': '1', 'unit': '(8 ounce) package', 'ingredient': 'dry egg noodles'}, {'quantity': '1', 'unit': 'teaspoon', 'ingredient': 'butter'}, {'quantity': '2', 'unit': '(4 ounce) cans', 'ingredient': 'sliced mushrooms'}, {'quantity': '¼', 'unit': 'cup', 'ingredient': 'cornstarch'}, {'quantity': '⅓', 'unit': 'cup', 'ingredient': 'cold water'}, {'quantity': '1', 'unit': '(8 ounce) container', 'ingredient': 'sour cream'}]",2 hrs,6
https://www.allrecipes.com/recipe/262065/beef-stroganoff-casserole/,Beef Stroganoff Casserole,"[{'quantity': '1', 'unit': '(12 ounce) package', 'ingredient': 'penne pasta'}, {'quantity': '1', 'unit': '(17 ounce) package', 'ingredient': 'refrigerated beef roast au jus'}, {'quantity': '2', 'unit': 'tablespoons', 'ingredient': 'butter'}, {'quantity': '2', 'unit': 'large', 'ingredient': 'fresh Portobello mushrooms, stems removed, coarsely chopped'}, {'quantity': '1', 'unit': '', 'ingredient': 'sweet onion, cut into thin wedges'}, {'quantity': '2', 'unit': '', 'ingredient': 'garlic cloves, minced'}, {'quantity': '3', 'unit': 'tablespoons', 'ingredient': 'all-purpose flour'}, {'quantity': '2', 'unit': 'tablespoons', 'ingredient': 'tomato paste'}, {'quantity': '1', 'unit': '(14 ounce) can', 'ingredient': 'beef broth'}, {'quantity': '1', 'unit': 'tablespoon', 'ingredient': 'Worcestershire sauce'}, {'quantity': '1', 'unit': 'teaspoon', 'ingredient': 'smoked paprika'}, {'quantity': '¼', 'unit': 'teaspoon', 'ingredient': 'salt'}, {'quantity': '¼', 'unit': 'teaspoon', 'ingredient': 'ground black pepper'}, {'quantity': '1', 'unit': '(8 ounce) carton', 'ingredient': 'sour cream, divided'}, {'quantity': '1', 'unit': 'tablespoon', 'ingredient': 'prepared horseradish'}, {'quantity': '1', 'unit': 'teaspoon', 'ingredient': 'chopped fresh dill'}]",1 hr,8
https://www.allrecipes.com/recipe/18044/slow-cooker-beef-stroganoff-ii/,Slow Cooker Beef Stroganoff II,"[{'quantity': '2', 'unit': 'tablespoons', 'ingredient': 'vegetable oil'}, {'quantity': '1 ½', 'unit': 'pounds', 'ingredient': 'round steak, cubed'}, {'quantity': '¼', 'unit': 'cup', 'ingredient': 'all-purpose flour for coating'}, {'quantity': '2', 'unit': '(10.75 ounce) cans', 'ingredient': 'condensed golden mushroom soup'}, {'quantity': '3 ½', 'unit': 'cups', 'ingredient': 'water'}, {'quantity': '3', 'unit': 'cubes', 'ingredient': 'beef bouillon'}, {'quantity': '1', 'unit': 'cup', 'ingredient': 'sour cream'}, {'quantity': '1', 'unit': '(16 ounce) package', 'ingredient': 'egg noodles'}]",8 hrs 50 mins,6
https://www.allrecipes.com/recipe/8354586/instant-pot-beef-and-noodles/,Instant Pot Beef and Noodles,"[{'quantity': '1', 'unit': '(16 ounce) package', 'ingredient': 'frozen egg noodles'}, {'quantity': '2', 'unit': 'tablespoons', 'ingredient': 'all-purpose flour'}, {'quantity': '½', 'unit': 'teaspoon', 'ingredient': 'salt'}, {'quantity': '½', 'unit': 'teaspoon', 'ingredient': 'granulated onion'}, {'quantity': '½', 'unit': 'teaspoon', 'ingredient': 'granulated garlic'}, {'quantity': '½', 'unit': 'teaspoon', 'ingredient': 'salt-free seasoning blend'}, {'quantity': '1', 'unit': 'pound', 'ingredient': 'beef stew meat'}, {'quantity': '1', 'unit': 'tablespoon', 'ingredient': 'olive oil'}, {'quantity': '1', 'unit': 'tablespoon', 'ingredient': 'butter'}, {'quantity': '6', 'unit': 'ounces', 'ingredient': 'portobello mushrooms, quartered'}, {'quantity': '1', 'unit': 'medium', 'ingredient': 'onion, halved and thinly sliced'}, {'quantity': '1', 'unit': 'cup', 'ingredient': 'beef broth'}, {'quantity': '2', 'unit': 'cups', 'ingredient': 'water'}, {'quantity': '1', 'unit': '(1.8 ounce) package', 'ingredient': 'dry onion and mushroom soup mix'}]",9 hrs 5 mins,5
https://www.allrecipes.com/recipe/50757/beef-and-mushroom-stroganoff-aussie-style/,"Beef and Mushroom Stroganoff, Aussie Style","[{'quantity': '1', 'unit': 'tablespoon', 'ingredient': 'butter'}, {'quantity': '1', 'unit': '', 'ingredient': 'onion, chopped'}, {'quantity': '1', 'unit': 'teaspoon', 'ingredient': 'minced garlic'}, {'quantity': '8', 'unit': '', 'ingredient': 'fresh mushrooms, sliced'}, {'quantity': '2', 'unit': 'teaspoons', 'ingredient': 'curry powder'}, {'quantity': '1', 'unit': 'pound', 'ingredient': 'beef top sirloin, thinly sliced'}, {'quantity': '2', 'unit': 'cubes', 'ingredient': 'beef bouillon'}, {'quantity': '1 ½', 'unit': 'cups', 'ingredient': 'boiling water'}, {'quantity': '1', 'unit': '(6 ounce) can', 'ingredient': 'mushroom stems and pieces, drained'}, {'quantity': '¼', 'unit': 'cup', 'ingredient': 'dried shiitake mushrooms'}, {'quantity': '1 ¼', 'unit': 'cups', 'ingredient': 'heavy cream'}, {'quantity': '1', 'unit': '(8 ounce) package', 'ingredient': 'uncooked egg noodles'}]",1 hr,4
https://www.allrecipes.com/recipe/262063/super-easy-ground-beef-stroganoff/,Super Easy Ground Beef Stroganoff,"[{'quantity': '5', 'unit': 'teaspoons', 'ingredient': 'beef bouillon granules'}, {'quantity': '5', 'unit': 'cups', 'ingredient': 'boiling water'}, {'quantity': '½', 'unit': 'teaspoon', 'ingredient': 'onion powder, or to taste, divided (Optional)'}, {'quantity': '½', 'unit': 'teaspoon', 'ingredient': 'dried minced onion, or to taste (Optional)'}, {'quantity': '1', 'unit': 'pinch', 'ingredient': 'garlic powder, or to taste (Optional)'}, {'quantity': '1', 'unit': '(10 ounce) package', 'ingredient': 'egg noodles, or more to taste'}, {'quantity': '1', 'unit': 'cup', 'ingredient': 'frozen peas'}, {'quantity': '1', 'unit': 'tablespoon', 'ingredient': 'butter'}, {'quantity': '½', 'unit': '', 'ingredient': 'white onion, chopped'}, {'quantity': '½', 'unit': 'pound', 'ingredient': 'ground beef'}, {'quantity': '1', 'unit': 'dash', 'ingredient': 'ground black pepper'}, {'quantity': '¼', 'unit': 'cup', 'ingredient': 'all-purpose flour, or more as needed'}]",33 mins,4
https://www.allrecipes.com/recipe/229090/mitzies-beef-stroganoff/,Mitzie's Beef Stroganoff,"[{'quantity': '1', 'unit': 'pound', 'ingredient': 'ground beef'}, {'quantity': '¼', 'unit': 'teaspoon', 'ingredient': 'salt'}, {'quantity': '¼', 'unit': 'teaspoon', 'ingredient': 'ground black pepper'}, {'quantity': '1', 'unit': 'tablespoon', 'ingredient': 'butter'}, {'quantity': '1', 'unit': '', 'ingredient': 'onion, diced'}, {'quantity': '2', 'unit': 'teaspoons', 'ingredient': 'minced garlic'}, {'quantity': '3', 'unit': 'tablespoons', 'ingredient': 'all-purpose flour'}, {'quantity': '1', 'unit': 'cup', 'ingredient': 'beef broth'}, {'quantity': '2', 'unit': 'teaspoons', 'ingredient': 'Worcestershire sauce'}, {'quantity': '¾', 'unit': 'teaspoon', 'ingredient': 'prepared mustard'}, {'quantity': '¼', 'unit': 'cup', 'ingredient': 'light sour cream'}, {'quantity': '¼', 'unit': 'cup', 'ingredient': 'light cream cheese, softened'}]",1 hr 25 mins,4
https://www.allrecipes.com/recipe/217144/marlenes-beef-stroganoff/,Marlene's Beef Stroganoff,"[{'quantity': '', 'unit': '', 'ingredient': 'cooking spray'}, {'quantity': '2', 'unit': 'pounds', 'ingredient': 'beef flank steak, cut into bite-size pieces'}, {'quantity': '2', 'unit': '', 'ingredient': 'green bell peppers, seeded and chopped'}, {'quantity': '1', 'unit': '(10.5 ounce) can', 'ingredient': ""condensed beef consomme (such as Campbell's ®)""}, {'quantity': '1', 'unit': '(10.5 ounce) can', 'ingredient': ""condensed French onion soup (such as Campbell's ®)""}, {'quantity': '1', 'unit': '(8 ounce) package', 'ingredient': 'egg noodles'}, {'quantity': '1', 'unit': '(16 ounce) container', 'ingredient': 'sour cream'}]",1 hr 45 mins,6
https://www.allrecipes.com/recipe/239199/show-off-stroganoff/,Show-Off Stroganoff,"[{'quantity': '5', 'unit': 'tablespoons', 'ingredient': 'olive oil, or more as needed'}, {'quantity': '2', 'unit': 'ounces', 'ingredient': 'butter'}, {'quantity': '1', 'unit': 'cup', 'ingredient': 'all-purpose flour'}, {'quantity': '', 'unit': '', 'ingredient': 'salt and ground black pepper to taste'}, {'quantity': '1', 'unit': 'pound', 'ingredient': 'beef chuck steak, cut across the grain into 1 1/2-inch-thin strips'}, {'quantity': '1', 'unit': '(8 ounce) package', 'ingredient': 'button mushrooms'}, {'quantity': '½', 'unit': 'cup', 'ingredient': 'dry red cooking wine'}, {'quantity': '½', 'unit': 'cup', 'ingredient': 'beef broth'}, {'quantity': '1', 'unit': '(8 ounce) package', 'ingredient': 'egg noodles'}, {'quantity': '1', 'unit': '(15 ounce) jar', 'ingredient': 'Holland-style pearl onions, drained'}, {'quantity': '1 ½', 'unit': 'cups', 'ingredient': 'sour cream'}]",55 mins,6
https://www.allrecipes.com/recipe/262076/hybrid-hamburger-stroganoff/,Hybrid Hamburger Stroganoff,"[{'quantity': '1', 'unit': 'pound', 'ingredient': 'lean ground beef'}, {'quantity': '1', 'unit': '(8 ounce) package', 'ingredient': 'sliced white mushrooms'}, {'quantity': '1', 'unit': '', 'ingredient': 'onion, chopped'}, {'quantity': '2', 'unit': 'cloves', 'ingredient': 'garlic, minced'}, {'quantity': '1', 'unit': 'teaspoon', 'ingredient': 'vegetable oil'}, {'quantity': '1', 'unit': 'cup', 'ingredient': 'red wine'}, {'quantity': '1', 'unit': 'cup', 'ingredient': 'beef stock'}, {'quantity': '1', 'unit': 'cup', 'ingredient': 'sour cream'}, {'quantity': '2', 'unit': 'tablespoons', 'ingredient': 'cornstarch'}, {'quantity': '1', 'unit': 'teaspoon', 'ingredient': 'ground black pepper'}, {'quantity': '1', 'unit': 'teaspoon', 'ingredient': 'salt, or more to taste'}]",40 mins,4
https://www.allrecipes.com/recipe/41651/burgundy-stroganoff/,Burgundy Stroganoff,"[{'quantity': '2', 'unit': 'tablespoons', 'ingredient': 'margarine'}, {'quantity': '2', 'unit': 'pounds', 'ingredient': 'beef round steak, cut into thin strips'}, {'quantity': '¼', 'unit': 'cup', 'ingredient': 'all-purpose flour for dusting'}, {'quantity': '1', 'unit': 'medium', 'ingredient': 'onion, sliced'}, {'quantity': '1', 'unit': 'cup', 'ingredient': 'beef broth'}, {'quantity': '½', 'unit': 'cup', 'ingredient': 'Burgundy wine'}, {'quantity': '3', 'unit': 'tablespoons', 'ingredient': 'tomato paste'}, {'quantity': '½', 'unit': 'teaspoon', 'ingredient': 'ground thyme'}, {'quantity': '1', 'unit': '(12 ounce) package', 'ingredient': 'wide egg noodles'}, {'quantity': '¾', 'unit': 'cup', 'ingredient': 'sour cream'}]",1 hr 20 mins,6
https://www.allrecipes.com/recipe/15336/individual-beef-wellingtons/,Individual Beef Wellingtons,"[{'quantity': '1', 'unit': 'pound', 'ingredient': 'fresh mushrooms, sliced'}, {'quantity': '½', 'unit': 'cup', 'ingredient': 'dry sherry'}, {'quantity': '½', 'unit': 'cup', 'ingredient': 'chopped onion'}, {'quantity': '¼', 'unit': 'cup', 'ingredient': 'butter'}, {'quantity': '¼', 'unit': 'cup', 'ingredient': 'chopped parsley'}, {'quantity': '6', 'unit': '(8 ounce) fillets', 'ingredient': 'beef tenderloin'}, {'quantity': '1', 'unit': '(17.5 ounce) package', 'ingredient': 'frozen puff pastry, partially thawed'}]",1 hr 15 mins,6
https://www.allrecipes.com/recipe/16899/beef-wellington/,Beef Wellington,"[{'quantity': '2 ½', 'unit': 'pounds', 'ingredient': 'beef tenderloin'}, {'quantity': '4', 'unit': 'tablespoons', 'ingredient': 'butter, softened, divided'}, {'quantity': '2', 'unit': 'tablespoons', 'ingredient': 'butter'}, {'quantity': '1', 'unit': '', 'ingredient': 'onion, chopped'}, {'quantity': '½', 'unit': 'cup', 'ingredient': 'sliced fresh mushrooms'}, {'quantity': '2', 'unit': 'ounces', 'ingredient': 'liver paté'}, {'quantity': None, 'unit': None, 'ingredient': 'salt and pepper to taste'}, {'quantity': '1', 'unit': '(17.5 ounce) package', 'ingredient': 'frozen puff pastry, thawed'}, {'quantity': '1', 'unit': 'large', 'ingredient': 'egg yolk, beaten'}, {'quantity': '1', 'unit': '(10.5 ounce) can', 'ingredient': 'beef broth'}, {'quantity': '2', 'unit': 'tablespoons', 'ingredient': 'red wine'}]",1 hr 10 mins,8
https://www.allrecipes.com/beef-tenderloin-with-dijon-cream-sauce-recipe-8741691,Beef Tenderloin with Dijon Cream Sauce,"[{'quantity': '1', 'unit': '(2-pound)', 'ingredient': 'beef tenderloin, trimmed, with silver skin removed'}, {'quantity': '2', 'unit': 'tablespoons', 'ingredient': 'butter, softened'}, {'quantity': '3 1/2', 'unit': 'teaspoons', 'ingredient': 'orcestershire sauce'}, {'quantity': '1', 'unit': 'teaspoon', 'ingredient': 'salt'}, {'quantity': '1', 'unit': 'teaspoon', 'ingredient': 'black pepper'}, {'quantity': '3/4', 'unit': 'cup', 'ingredient': 'mayonnaise'}, {'quantity': '1/4', 'unit': 'cup', 'ingredient': 'ijon mustard'}, {'quantity': '2', 'unit': 'dashes', 'ingredient': 'hot sauce'}, {'quantity': None, 'unit': None, 'ingredient': 'fresh parsley, for garnish'}]",40 mins,8
https://www.allrecipes.com/easy-roasted-beef-tenderloin-recipe-8756280,Easy Roasted Beef Tenderloin,"[{'quantity': None, 'unit': None, 'ingredient': ""butcher's twine""}, {'quantity': '1', 'unit': '(3 pound)', 'ingredient': 'beef tenderloin'}, {'quantity': '1', 'unit': 'tablespoon', 'ingredient': 'kosher salt'}, {'quantity': '2', 'unit': 'teaspoons', 'ingredient': 'ground black pepper'}, {'quantity': '2', 'unit': 'tablespoons', 'ingredient': 'olive oil'}]",1 hr 40 mins,8
https://www.allrecipes.com/the-best-beef-carpaccio-recipe-8403938,The Best Beef Carpaccio,"[{'quantity': '1', 'unit': 'pound', 'ingredient': 'beef tenderloin'}, {'quantity': '1/2', 'unit': 'cup', 'ingredient': 'mayonnaise'}, {'quantity': '3', 'unit': 'tablespoons', 'ingredient': 'lemon juice, divided'}, {'quantity': '2', 'unit': None, 'ingredient': 'anchovies'}, {'quantity': '1/2', 'unit': 'teaspoon', 'ingredient': 'ground black pepper, divided'}, {'quantity': '4', 'unit': 'cups', 'ingredient': 'arugula'}, {'quantity': '1', 'unit': 'tablespoon', 'ingredient': 'extra-virgin olive oil'}, {'quantity': '1/4', 'unit': 'teaspoon', 'ingredient': 'kosher salt'}, {'quantity': '1/4', 'unit': 'cup', 'ingredient': 'capers'}, {'quantity': '1/2', 'unit': 'cup', 'ingredient': 'shaved Parmesan cheese'}, {'quantity': None, 'unit': None, 'ingredient': 'baguette slices for serving (optional)'}]",1 hr 20 mins,4
https://www.allrecipes.com/recipe/8524014/sous-vide-beef-tenderloin-roast/,Sous Vide Beef Tenderloin Roast,"[{'quantity': '4 ½', 'unit': 'pounds', 'ingredient': 'whole beef tenderloin'}, {'quantity': '1', 'unit': 'tablespoon', 'ingredient': 'sea salt/kosher salt (such as Redmonds®)'}, {'quantity': '1', 'unit': 'teaspoon', 'ingredient': 'freshly ground black pepper, or more to taste'}, {'quantity': '6', 'unit': 'cloves', 'ingredient': 'garlic'}, {'quantity': '3', 'unit': '', 'ingredient': 'fresh thyme sprigs, or to taste'}, {'quantity': '', 'unit': '', 'ingredient': 'rosemary sprig'}, {'quantity': '3', 'unit': 'tablespoons', 'ingredient': 'unsalted butter, divided, or more as needed'}, {'quantity': '2', 'unit': 'tablespoons', 'ingredient': 'olive oil, or as needed'}, {'quantity': '1', 'unit': 'splash', 'ingredient': 'red wine'}, {'quantity': '1', 'unit': 'tablespoon', 'ingredient': 'gelatin powder'}, {'quantity': '1', 'unit': 'cup', 'ingredient': 'cold water'}, {'quantity': '', 'unit': '', 'ingredient': 'salt and freshly ground black pepper to taste'}]",10 hrs 50 mins,10
https://www.allrecipes.com/bihari-kabab-recipe-7509081,Bihari Kabab,"[{'quantity': '1 1/4', 'unit': 'pounds', 'ingredient': 'tenderloin,'}, {'quantity': '1/4', 'unit': 'cup', 'ingredient': 'avocado oil'}, {'quantity': '1/2', 'unit': None, 'ingredient': 'onion, thinly sliced'}, {'quantity': '1', 'unit': None, 'ingredient': 'kiwi, peeled and quartered'}, {'quantity': '1 1/2', 'unit': 'tablespoons', 'ingredient': 'gram flour'}, {'quantity': '1/2', 'unit': 'tablespoon', 'ingredient': 'poppy seeds'}, {'quantity': '1', 'unit': 'tablespoon', 'ingredient': 'garlic paste'}, {'quantity': '1', 'unit': 'tablespoon', 'ingredient': 'ginger paste'}, {'quantity': '1', 'unit': 'small', 'ingredient': 'serrano chile pepper'}, {'quantity': '1/4', 'unit': 'cup', 'ingredient': 'mustard oil'}, {'quantity': '2', 'unit': 'tablespoons', 'ingredient': 'white vinegar'}, {'quantity': '1/4', 'unit': 'cup', 'ingredient': 'plain full fat yogurt'}, {'quantity': '1/2', 'unit': None, 'ingredient': 'nutmeg seed'}, {'quantity': '1', 'unit': 'tablespoon', 'ingredient': 'mace'}, {'quantity': '5', 'unit': None, 'ingredient': 'star anise pods'}, {'quantity': '5', 'unit': 'whole', 'ingredient': 'dried red Kashmiri chilies'}, {'quantity': '1', 'unit': 'teaspoon', 'ingredient': 'chili powder'}, {'quantity': '1', 'unit': 'teaspoon', 'ingredient': 'ground cumin'}, {'quantity': '1', 'unit': 'teaspoon', 'ingredient': 'garam masala'}, {'quantity': '1', 'unit': 'teaspoon', 'ingredient': 'ground black pepper'}, {'quantity': '1', 'unit': 'teaspoon', 'ingredient': 'salt'}]",7 hrs,4
https://www.allrecipes.com/recipe/107086/grilled-beef-tenderloin-with-herb-garlic-pepper-coating/,Grilled Beef Tenderloin with Herb-Garlic-Pepper Coating,"[{'quantity': '1', 'unit': '(5 pound)', 'ingredient': 'whole beef tenderloin'}, {'quantity': '8', 'unit': 'large', 'ingredient': 'garlic cloves, minced'}, {'quantity': '6', 'unit': 'tablespoons', 'ingredient': 'olive oil'}, {'quantity': '2', 'unit': 'tablespoons', 'ingredient': 'minced fresh rosemary'}, {'quantity': '2', 'unit': 'tablespoons', 'ingredient': 'coarsely ground black pepper'}, {'quantity': '1', 'unit': 'tablespoon', 'ingredient': 'dried thyme leaves'}, {'quantity': '1', 'unit': 'tablespoon', 'ingredient': 'salt'}]",1 hr 25 mins,16
https://www.allrecipes.com/recipe/233259/surf-and-turf-for-two/,Surf and Turf,"[{'quantity': '1', 'unit': 'tablespoon', 'ingredient': 'olive oil'}, {'quantity': '1', 'unit': 'tablespoon', 'ingredient': 'butter, melted'}, {'quantity': '1', 'unit': 'tablespoon', 'ingredient': 'finely minced onion'}, {'quantity': '1', 'unit': 'tablespoon', 'ingredient': 'white wine'}, {'quantity': '1', 'unit': 'teaspoon', 'ingredient': 'Worcestershire sauce'}, {'quantity': '1', 'unit': 'teaspoon', 'ingredient': 'lemon juice'}, {'quantity': '1', 'unit': 'teaspoon', 'ingredient': 'dried parsley'}, {'quantity': '1', 'unit': 'teaspoon', 'ingredient': 'seafood seasoning (such as Old Bay)'}, {'quantity': '1', 'unit': 'clove', 'ingredient': 'garlic, minced'}, {'quantity': '⅛', 'unit': 'teaspoon', 'ingredient': 'freshly ground black pepper'}, {'quantity': '12', 'unit': '', 'ingredient': 'medium shrimp, peeled and deveined'}, {'quantity': '2', 'unit': '(4 ounce)', 'ingredient': 'filet mignon steaks'}, {'quantity': '2', 'unit': 'teaspoons', 'ingredient': 'olive oil'}, {'quantity': '1', 'unit': 'teaspoon', 'ingredient': 'steak seasoning'}]",45 mins,2
https://www.allrecipes.com/recipe/132351/fabulous-beef-tenderloin/,Fabulous Beef Tenderloin,"[{'quantity': '1', 'unit': '(3 pound)', 'ingredient': 'beef tenderloin roast'}, {'quantity': '¾', 'unit': 'cup', 'ingredient': 'soy sauce'}, {'quantity': '½', 'unit': 'cup', 'ingredient': 'melted butter'}]",1 hr,6
https://www.allrecipes.com/recipe/60315/original-steak-tartare/,Original Steak Tartare,"[{'quantity': '1', 'unit': 'pound', 'ingredient': 'finely ground beef tenderloin'}, {'quantity': '1', 'unit': 'teaspoon', 'ingredient': 'brown mustard'}, {'quantity': '½', 'unit': 'teaspoon', 'ingredient': 'hot pepper sauce (e.g. Tabasco™), or to taste'}, {'quantity': '1', 'unit': 'teaspoon', 'ingredient': 'Worcestershire sauce'}, {'quantity': '1', 'unit': 'teaspoon', 'ingredient': 'brandy'}, {'quantity': '1', 'unit': 'pinch', 'ingredient': 'salt, or to taste'}, {'quantity': '', 'unit': '', 'ingredient': 'ground white pepper to taste'}, {'quantity': '1', 'unit': '', 'ingredient': 'egg'}]",40 mins,6
https://www.allrecipes.com/recipe/184197/new-mexico-green-chile-stew/,New Mexico Green Chile Stew,"[{'quantity': '1', 'unit': 'pound', 'ingredient': 'beef tenderloin, cubed'}, {'quantity': '1', 'unit': 'pound', 'ingredient': 'boneless pork loin, cubed'}, {'quantity': '¼', 'unit': 'cup', 'ingredient': 'masa harina'}, {'quantity': '1', 'unit': 'tablespoon', 'ingredient': 'olive oil'}, {'quantity': '1', 'unit': '', 'ingredient': 'red onion, chopped'}, {'quantity': '3', 'unit': 'cups', 'ingredient': 'chopped fresh tomatoes'}, {'quantity': '2', 'unit': 'cups', 'ingredient': 'diced green chile peppers'}, {'quantity': '2', 'unit': 'cups', 'ingredient': 'low-sodium beef broth'}, {'quantity': '1', 'unit': 'tablespoon', 'ingredient': 'ground cumin'}, {'quantity': '1', 'unit': 'large', 'ingredient': 'potato, cubed'}, {'quantity': '3', 'unit': 'cloves', 'ingredient': 'garlic, minced'}, {'quantity': '2', 'unit': 'teaspoons', 'ingredient': 'chopped fresh oregano'}, {'quantity': '2', 'unit': 'teaspoons', 'ingredient': 'chopped fresh cilantro'}, {'quantity': '1', 'unit': 'dash', 'ingredient': 'cayenne pepper (Optional)'}, {'quantity': '', 'unit': '', 'ingredient': 'salt to taste'}, {'quantity': '', 'unit': '', 'ingredient': 'ground white pepper to taste'}]",8 hrs 45 mins,8
https://www.allrecipes.com/recipe/229447/chef-johns-steak-pizzaiola/,Chef John's Steak Pizzaiola,"[{'quantity': '1', 'unit': 'pound', 'ingredient': 'beef tenderloin steaks, cut into 4 medallions'}, {'quantity': '', 'unit': '', 'ingredient': 'salt and pepper to taste'}, {'quantity': '1', 'unit': 'tablespoon', 'ingredient': 'olive oil'}, {'quantity': '1', 'unit': 'cup', 'ingredient': 'sliced fresh mushrooms'}, {'quantity': '2', 'unit': 'teaspoons', 'ingredient': 'butter'}, {'quantity': '1', 'unit': 'pinch', 'ingredient': 'salt'}, {'quantity': '1', 'unit': 'cup', 'ingredient': 'sliced sweet and hot peppers'}, {'quantity': '4', 'unit': 'cloves', 'ingredient': 'garlic, crushed'}, {'quantity': '½', 'unit': 'cup', 'ingredient': 'white wine'}, {'quantity': '¼', 'unit': 'teaspoon', 'ingredient': 'dried oregano'}, {'quantity': '1', 'unit': 'cup', 'ingredient': 'tomato concassé\xa0(see Recipe Tip for the recipe link)'}, {'quantity': '2', 'unit': 'tablespoons', 'ingredient': 'chopped fresh oregano'}, {'quantity': '1', 'unit': 'teaspoon', 'ingredient': 'balsamic vinegar'}, {'quantity': '1', 'unit': 'pinch', 'ingredient': 'red pepper flakes'}, {'quantity': '1', 'unit': 'pinch', 'ingredient': 'salt and ground black pepper to taste'}]",35 mins,4
https://www.allrecipes.com/recipe/280268/air-fryer-beef-tenderloin/,Air Fryer Beef Tenderloin,"[{'quantity': '2', 'unit': 'pounds', 'ingredient': 'beef tenderloin, at room temperature'}, {'quantity': '1', 'unit': 'tablespoon', 'ingredient': 'vegetable oil'}, {'quantity': '1', 'unit': 'teaspoon', 'ingredient': 'dried oregano'}, {'quantity': '1', 'unit': 'teaspoon', 'ingredient': 'salt'}, {'quantity': '½', 'unit': 'teaspoon', 'ingredient': 'cracked black pepper'}]",50 mins,8
https://www.allrecipes.com/recipe/30578/filet-mignon-with-rich-balsamic-glaze/,Filet Mignon with Rich Balsamic Glaze,"[{'quantity': '2', 'unit': '(4 ounce)', 'ingredient': 'filet mignon steaks'}, {'quantity': '½', 'unit': 'teaspoon', 'ingredient': 'ground black pepper, or to taste'}, {'quantity': '', 'unit': '', 'ingredient': 'salt to taste'}, {'quantity': '¼', 'unit': 'cup', 'ingredient': 'balsamic vinegar'}, {'quantity': '¼', 'unit': 'cup', 'ingredient': 'dry red wine'}]",15 mins,2
https://www.allrecipes.com/recipe/16254/beef-with-vegetables/,Beef with Vegetables,"[{'quantity': '8', 'unit': 'ounces', 'ingredient': 'beef filet, cut into 1/2 inch strips'}, {'quantity': '2', 'unit': 'tablespoons', 'ingredient': 'vegetable oil'}, {'quantity': '1', 'unit': '', 'ingredient': 'onion, chopped'}, {'quantity': '1', 'unit': 'clove', 'ingredient': 'garlic, minced'}, {'quantity': '1', 'unit': 'teaspoon', 'ingredient': 'chopped fresh ginger root'}, {'quantity': '1', 'unit': '', 'ingredient': 'green bell pepper, chopped'}, {'quantity': '1', 'unit': '', 'ingredient': 'carrot, chopped'}, {'quantity': '1', 'unit': '(10.5 ounce) can', 'ingredient': 'beef broth'}, {'quantity': '1', 'unit': 'tablespoon', 'ingredient': 'cornstarch'}, {'quantity': '1', 'unit': 'teaspoon', 'ingredient': 'white sugar'}, {'quantity': '1', 'unit': 'tablespoon', 'ingredient': 'soy sauce'}, {'quantity': '1', 'unit': 'tablespoon', 'ingredient': 'oyster sauce'}, {'quantity': '', 'unit': '', 'ingredient': 'salt and pepper to taste'}]",40 mins,4
https://www.allrecipes.com/recipe/230335/5-hour-beef-stew/,5-Hour Beef Stew,"[{'quantity': '2', 'unit': 'pounds', 'ingredient': 'beef tenderloin steaks, diced'}, {'quantity': '8', 'unit': '', 'ingredient': 'potatoes, peeled and diced'}, {'quantity': '4', 'unit': '(12 ounce) cans', 'ingredient': 'tomato-vegetable juice cocktail (such as V8)'}, {'quantity': '3', 'unit': 'cups', 'ingredient': 'diced carrots'}, {'quantity': '1', 'unit': 'cup', 'ingredient': 'diced celery'}, {'quantity': '1', 'unit': '', 'ingredient': 'onion, diced'}, {'quantity': '3', 'unit': 'tablespoons', 'ingredient': 'tapioca'}, {'quantity': '1', 'unit': 'tablespoon', 'ingredient': 'white sugar'}, {'quantity': '', 'unit': '', 'ingredient': 'salt and ground black pepper to taste'}]",5 hrs 25 mins,10
https://www.allrecipes.com/recipe/221962/roast-beef-tenderloin/,Roast Beef Tenderloin,"[{'quantity': '⅓', 'unit': 'cup', 'ingredient': 'dried porcini mushrooms'}, {'quantity': '1', 'unit': 'cup', 'ingredient': 'warm water'}, {'quantity': '2 ½', 'unit': 'pounds', 'ingredient': 'trimmed beef tenderloin roast, tied'}, {'quantity': '', 'unit': '', 'ingredient': 'salt and ground black pepper to taste'}, {'quantity': '1', 'unit': 'tablespoon', 'ingredient': 'vegetable oil'}, {'quantity': '1', 'unit': 'tablespoon', 'ingredient': 'unsalted butter'}, {'quantity': '½', 'unit': 'cup', 'ingredient': 'sliced shallots'}, {'quantity': '1', 'unit': 'pinch', 'ingredient': 'salt'}, {'quantity': '¼', 'unit': 'cup', 'ingredient': 'tarragon vinegar'}, {'quantity': '1', 'unit': 'cup', 'ingredient': 'veal stock'}, {'quantity': '¼', 'unit': 'cup', 'ingredient': 'heavy cream'}, {'quantity': '1', 'unit': 'tablespoon', 'ingredient': 'unsalted butter'}, {'quantity': '1', 'unit': 'tablespoon', 'ingredient': 'chopped fresh tarragon'}, {'quantity': '', 'unit': '', 'ingredient': 'salt and ground black pepper to taste'}]",2 hrs 20 mins,6
https://www.allrecipes.com/recipe/14568/easy-barbeque-beef-tenderloin-steak/,Easy Barbeque Beef Tenderloin Steak,"[{'quantity': '2', 'unit': '(2 inch thick) steaks', 'ingredient': 'beef tenderloin'}, {'quantity': '1', 'unit': 'tablespoon', 'ingredient': 'olive oil'}, {'quantity': '2', 'unit': 'cloves', 'ingredient': 'crushed garlic'}, {'quantity': '1', 'unit': 'teaspoon', 'ingredient': 'meat tenderizer'}]",,2
https://www.allrecipes.com/recipe/221898/beef-medallions-with-caramelized-pan-sauce/,Beef Medallions with Caramelized Pan Sauce,"[{'quantity': '2', 'unit': 'pounds', 'ingredient': 'beef tenderloin, trimmed, cut into 8 (4-ounce) medallions'}, {'quantity': '', 'unit': '', 'ingredient': 'salt and freshly ground black pepper to taste'}, {'quantity': '1', 'unit': 'tablespoon', 'ingredient': 'vegetable oil'}, {'quantity': '8', 'unit': '', 'ingredient': 'sliced fresh mushrooms'}, {'quantity': '1', 'unit': 'tablespoon', 'ingredient': 'unsalted butter'}, {'quantity': '1', 'unit': 'tablespoon', 'ingredient': 'olive oil'}, {'quantity': '1', 'unit': 'pinch', 'ingredient': 'salt'}, {'quantity': '½', 'unit': 'cup', 'ingredient': 'tomato sauce'}, {'quantity': '⅓', 'unit': 'cup', 'ingredient': 'Marsala wine'}, {'quantity': '1', 'unit': 'cup', 'ingredient': 'chicken broth'}, {'quantity': '1 ½', 'unit': 'tablespoons', 'ingredient': 'chilled unsalted butter, cut into cubes'}, {'quantity': '2', 'unit': 'teaspoons', 'ingredient': 'chopped fresh oregano'}]",35 mins,4
https://www.allrecipes.com/recipe/72267/blue-cheese-crusted-filet-mignon-with-port-wine-sauce/,Blue Cheese Crusted Filet Mignon with Port Wine Sauce,"[{'quantity': '1', 'unit': 'tablespoon', 'ingredient': 'butter'}, {'quantity': '½', 'unit': 'cup', 'ingredient': 'minced white onion'}, {'quantity': '3', 'unit': 'cloves', 'ingredient': 'garlic, minced'}, {'quantity': '1', 'unit': 'tablespoon', 'ingredient': 'chopped fresh thyme'}, {'quantity': '¾', 'unit': 'cup', 'ingredient': 'low-sodium beef broth'}, {'quantity': '½', 'unit': 'cup', 'ingredient': 'port wine'}, {'quantity': '1', 'unit': 'tablespoon', 'ingredient': 'vegetable oil'}, {'quantity': '4', 'unit': '', 'ingredient': 'filet mignon steaks (1 1/2 inch thick)'}, {'quantity': '¾', 'unit': 'cup', 'ingredient': 'crumbled blue cheese'}, {'quantity': '¼', 'unit': 'cup', 'ingredient': 'panko bread crumbs'}]",50 mins,4
https://www.allrecipes.com/recipe/236174/japchae/,Japchae,"[{'quantity': '3', 'unit': 'tablespoons', 'ingredient': 'soy sauce'}, {'quantity': '2 ½', 'unit': 'tablespoons', 'ingredient': 'white sugar'}, {'quantity': '2', 'unit': 'tablespoons', 'ingredient': 'sesame oil'}, {'quantity': '2', 'unit': 'teaspoons', 'ingredient': 'minced garlic'}, {'quantity': '8', 'unit': 'ounces', 'ingredient': 'sweet potato noodles'}, {'quantity': '4', 'unit': 'ounces', 'ingredient': 'lean beef, cut into 2-inch long strips'}, {'quantity': '6', 'unit': 'ounces', 'ingredient': 'fresh spinach'}, {'quantity': None, 'unit': None, 'ingredient': 'salt and ground black pepper to taste'}, {'quantity': '1', 'unit': 'tablespoon', 'ingredient': 'vegetable oil, divided'}, {'quantity': '1', 'unit': 'small', 'ingredient': 'sweet onion, thinly sliced'}, {'quantity': '4', 'unit': '', 'ingredient': 'mushrooms, stemmed and sliced'}, {'quantity': '1', 'unit': 'small', 'ingredient': 'carrot, cut into matchsticks'}]",45 mins,8
https://www.allrecipes.com/recipe/40286/beefs-portuguese-style/,Beefs Portuguese Style,"[{'quantity': '¾', 'unit': 'cup', 'ingredient': 'red wine'}, {'quantity': '¼', 'unit': 'cup', 'ingredient': 'water'}, {'quantity': '10', 'unit': 'cloves', 'ingredient': 'garlic, chopped'}, {'quantity': '1', 'unit': 'tablespoon', 'ingredient': 'chile paste'}, {'quantity': '½', 'unit': 'teaspoon', 'ingredient': 'white pepper'}, {'quantity': '½', 'unit': 'teaspoon', 'ingredient': 'salt'}, {'quantity': '6', 'unit': '(4 ounce)', 'ingredient': 'beef tenderloin steaks'}, {'quantity': '⅓', 'unit': 'cup', 'ingredient': 'vegetable oil'}]",30 mins,6
https://www.allrecipes.com/recipe/26595/chateaubriand/,Chateaubriand,"[{'quantity': '2', 'unit': '(8 ounce) fillets', 'ingredient': 'beef tenderloin filet, 1 1/2 inch thick'}, {'quantity': '2', 'unit': 'tablespoons', 'ingredient': 'vegetable oil'}, {'quantity': '', 'unit': '', 'ingredient': 'freshly ground black pepper to taste'}, {'quantity': '2', 'unit': 'tablespoons', 'ingredient': 'butter'}]",1 hr 10 mins,2
https://www.allrecipes.com/recipe/247365/chef-johns-steak-diane/,Chef John's Steak Diane,"[{'quantity': '½', 'unit': 'cup', 'ingredient': 'demi-glace'}, {'quantity': '1', 'unit': 'tablespoon', 'ingredient': 'Dijon mustard'}, {'quantity': '2', 'unit': 'teaspoons', 'ingredient': 'Worcestershire sauce'}, {'quantity': '1', 'unit': 'teaspoon', 'ingredient': 'tomato paste'}, {'quantity': '1', 'unit': 'pinch', 'ingredient': 'cayenne pepper'}, {'quantity': '2', 'unit': 'teaspoons', 'ingredient': 'vegetable oil'}, {'quantity': '2', 'unit': '(8 ounce)', 'ingredient': 'beef tenderloin steaks, fully trimmed, pounded to ½-inch thick'}, {'quantity': None, 'unit': None, 'ingredient': 'k'}, {'quantity': '1', 'unit': 'tablespoon', 'ingredient': 'unsalted butter, cut into small chunks'}, {'quantity': '3', 'unit': 'tablespoons', 'ingredient': 'shallot, minced'}, {'quantity': '¼', 'unit': 'cup', 'ingredient': 'Cognac or brandy'}, {'quantity': '¼', 'unit': 'cup', 'ingredient': 'heavy cream'}, {'quantity': '2', 'unit': 'teaspoons', 'ingredient': 'sliced fresh chives'}]",30 mins,2
https://www.allrecipes.com/recipe/213468/mouthwatering-crabmeat-pan-seared-filets/,Mouthwatering Crabmeat Pan Seared Filets,"[{'quantity': '2', 'unit': '(8 ounce)', 'ingredient': 'filet mignon steaks'}, {'quantity': None, 'unit': None, 'ingredient': 'coarse sea salt and coarsely ground black pepper to taste'}, {'quantity': '1', 'unit': 'pound', 'ingredient': 'fresh lump crabmeat'}, {'quantity': '3', 'unit': 'tablespoons', 'ingredient': 'unsalted butter, melted and cooled'}, {'quantity': '2', 'unit': 'tablespoons', 'ingredient': 'olive oil'}]",25 mins,2
https://www.allrecipes.com/recipe/282602/chef-johns-individual-beef-wellingtons/,Chef John's Individual Beef Wellingtons,"[{'quantity': '3', 'unit': 'tablespoons', 'ingredient': 'unsalted butter'}, {'quantity': '10', 'unit': 'large', 'ingredient': 'brown mushrooms, finely chopped'}, {'quantity': '¼', 'unit': 'teaspoon', 'ingredient': 'salt'}, {'quantity': '2', 'unit': 'tablespoons', 'ingredient': 'minced shallots'}, {'quantity': '', 'unit': '', 'ingredient': 'freshly ground black pepper to taste'}, {'quantity': '1', 'unit': 'pinch', 'ingredient': 'cayenne pepper, or to taste'}, {'quantity': '3', 'unit': 'tablespoons', 'ingredient': 'white wine'}, {'quantity': '2', 'unit': 'ounces', 'ingredient': 'pate'}, {'quantity': '4', 'unit': '(8 ounce)', 'ingredient': 'filet mignon steaks'}, {'quantity': '', 'unit': '', 'ingredient': 'salt and freshly ground black pepper to taste'}, {'quantity': '2', 'unit': 'tablespoons', 'ingredient': 'salted butter'}, {'quantity': '1', 'unit': '(17.25 ounce) package', 'ingredient': 'frozen puff pastry'}, {'quantity': '2', 'unit': 'tablespoons', 'ingredient': 'Dijon mustard'}, {'quantity': '1', 'unit': 'large', 'ingredient': 'egg, beaten'}, {'quantity': '1', 'unit': 'teaspoon', 'ingredient': 'water'}]",2 hrs 20 mins,4
https://www.allrecipes.com/recipe/244962/asian-garlic-beef-cubes-vietnamese-bo-luc-lac-or-shaking-beef/,Asian Garlic Beef Cubes (Vietnamese Bo Luc Lac or Shaking Beef),"[{'quantity': '1 ½', 'unit': 'pounds', 'ingredient': 'beef tenderloin, cut into cubes'}, {'quantity': '2', 'unit': 'tablespoons', 'ingredient': 'olive oil'}, {'quantity': '2', 'unit': 'tablespoons', 'ingredient': 'oyster sauce (such as Maekrua®)'}, {'quantity': '4', 'unit': 'large cloves', 'ingredient': 'garlic, minced, or more to taste'}, {'quantity': '1', 'unit': 'tablespoon', 'ingredient': 'Cabernet Sauvignon wine'}, {'quantity': '1', 'unit': 'teaspoon', 'ingredient': 'fish sauce (Optional)'}, {'quantity': '1', 'unit': 'teaspoon', 'ingredient': 'ground black pepper, or more to taste (Optional)'}, {'quantity': '1', 'unit': 'teaspoon', 'ingredient': 'soy sauce (Optional)'}, {'quantity': '1', 'unit': 'teaspoon', 'ingredient': 'dark soy sauce (Optional)'}, {'quantity': '2', 'unit': 'drops', 'ingredient': 'sesame oil, or more to taste'}, {'quantity': '1', 'unit': 'tablespoon', 'ingredient': 'fish sauce (Optional)'}, {'quantity': '1', 'unit': 'tablespoon', 'ingredient': 'lemon juice (Optional)'}, {'quantity': '1', 'unit': 'tablespoon', 'ingredient': 'ground black pepper (Optional)'}, {'quantity': '2', 'unit': 'tablespoons', 'ingredient': 'olive oil'}, {'quantity': '2', 'unit': 'tablespoons', 'ingredient': 'oyster sauce (such as Maekrua®)'}, {'quantity': '4', 'unit': 'cloves', 'ingredient': 'garlic, minced, or more to taste'}]",45 mins,6
https://www.allrecipes.com/recipe/132814/easy-yet-romantic-filet-mignon/,Easy Yet Romantic Filet Mignon,"[{'quantity': '2', 'unit': '(8 ounce)', 'ingredient': '(1 inch thick) filet mignon steaks'}, {'quantity': '2', 'unit': 'teaspoons', 'ingredient': 'olive oil'}, {'quantity': '¼', 'unit': 'teaspoon', 'ingredient': 'onion powder'}, {'quantity': '', 'unit': '', 'ingredient': 'Salt and pepper to taste'}, {'quantity': '2', 'unit': 'tablespoons', 'ingredient': 'minced shallot'}, {'quantity': '2', 'unit': 'slices', 'ingredient': 'bacon'}]",20 mins,2
https://www.allrecipes.com/recipe/14606/beef-tenderloin-with-roasted-shallots/,Beef Tenderloin With Roasted Shallots,"[{'quantity': '¾', 'unit': 'pound', 'ingredient': 'shallots, halved lengthwise and peeled'}, {'quantity': '1 ½', 'unit': 'tablespoons', 'ingredient': 'olive oil'}, {'quantity': '', 'unit': '', 'ingredient': 'salt and pepper to taste'}, {'quantity': '3', 'unit': 'cups', 'ingredient': 'beef broth'}, {'quantity': '¾', 'unit': 'cup', 'ingredient': 'port wine'}, {'quantity': '1 ½', 'unit': 'teaspoons', 'ingredient': 'tomato paste'}, {'quantity': '2', 'unit': 'pounds', 'ingredient': 'beef tenderloin roast, trimmed'}, {'quantity': '1', 'unit': 'teaspoon', 'ingredient': 'dried thyme'}, {'quantity': '3', 'unit': 'slices', 'ingredient': 'bacon, diced'}, {'quantity': '3', 'unit': 'tablespoons', 'ingredient': 'butter'}, {'quantity': '1', 'unit': 'tablespoon', 'ingredient': 'all-purpose flour'}, {'quantity': '4', 'unit': 'sprigs', 'ingredient': 'watercress, for garnish'}]",1 hr 45 mins,6
https://www.allrecipes.com/recipe/213506/filet-mignon-with-garlic-shrimp-cream-sauce/,Filet Mignon with Garlic Shrimp Cream Sauce,"[{'quantity': '2', 'unit': '(4 ounce)', 'ingredient': '1 1/2 inch thick filet mignon steaks'}, {'quantity': '1', 'unit': 'tablespoon', 'ingredient': 'olive oil'}, {'quantity': '', 'unit': '', 'ingredient': 'salt to taste'}, {'quantity': '2', 'unit': 'tablespoons', 'ingredient': 'butter'}, {'quantity': '2', 'unit': 'tablespoons', 'ingredient': 'olive oil'}, {'quantity': '1', 'unit': 'large', 'ingredient': 'shallot, minced'}, {'quantity': '2', 'unit': 'tablespoons', 'ingredient': 'minced garlic'}, {'quantity': '¼', 'unit': 'cup', 'ingredient': 'Chardonnay wine'}, {'quantity': '½', 'unit': 'pound', 'ingredient': 'uncooked shrimp - peeled, deveined, and cut into 3 pieces'}, {'quantity': '¼', 'unit': 'cup', 'ingredient': 'heavy cream'}, {'quantity': '1', 'unit': 'tablespoon', 'ingredient': 'butter'}, {'quantity': '', 'unit': '', 'ingredient': 'salt and pepper to taste'}]",35 mins,2
https://www.allrecipes.com/recipe/213505/filet-mignons-with-pepper-cream-sauce/,Filet Mignons with Pepper Cream Sauce,"[{'quantity': '¼', 'unit': 'cup', 'ingredient': 'coarsely crushed black peppercorns'}, {'quantity': '4', 'unit': '(6 ounce)', 'ingredient': '1 1/2 inch thick filet mignon steaks'}, {'quantity': '', 'unit': '', 'ingredient': 'salt to taste'}, {'quantity': '1', 'unit': 'tablespoon', 'ingredient': 'butter'}, {'quantity': '1', 'unit': 'teaspoon', 'ingredient': 'olive oil'}, {'quantity': '⅓', 'unit': 'cup', 'ingredient': 'beef broth'}, {'quantity': '1', 'unit': 'cup', 'ingredient': 'heavy cream'}]",25 mins,4
https://www.allrecipes.com/recipe/246241/the-best-no-mushroom-beef-tips/,The Best No-Mushroom Beef Tips,"[{'quantity': '1', 'unit': 'tablespoon', 'ingredient': 'olive oil'}, {'quantity': '2', 'unit': 'pounds', 'ingredient': 'beef tenderloin, trimmed and cut into chunks'}, {'quantity': '1', 'unit': '', 'ingredient': 'green bell pepper, thinly sliced'}, {'quantity': '1', 'unit': 'small', 'ingredient': 'onion, thinly sliced'}, {'quantity': '1', 'unit': 'teaspoon', 'ingredient': 'steak seasoning'}, {'quantity': '', 'unit': '', 'ingredient': 'salt and ground black pepper to taste'}, {'quantity': '8', 'unit': 'fluid ounces', 'ingredient': 'beef broth'}, {'quantity': '2', 'unit': 'cloves', 'ingredient': 'garlic, minced, or more to taste'}, {'quantity': '5', 'unit': 'dashes', 'ingredient': 'Worcestershire sauce'}, {'quantity': '1', 'unit': '', 'ingredient': 'bay leaf'}, {'quantity': '1', 'unit': '(.75 ounce) packet', 'ingredient': 'dry brown gravy mix'}]",1 hr,6
https://www.allrecipes.com/recipe/213510/filet-mignon-with-mushroom-cabernet-gravy/,Filet Mignon with Mushroom-Cabernet Gravy,"[{'quantity': '1', 'unit': 'tablespoon', 'ingredient': 'olive oil'}, {'quantity': '2', 'unit': '(8 ounce)', 'ingredient': '(1 inch thick) filet mignon steaks'}, {'quantity': '½', 'unit': 'teaspoon', 'ingredient': 'sea salt'}, {'quantity': '¼', 'unit': 'teaspoon', 'ingredient': 'ground black pepper'}, {'quantity': '1', 'unit': 'tablespoon', 'ingredient': 'unsalted butter'}, {'quantity': '1', 'unit': 'large', 'ingredient': 'shallot, chopped'}, {'quantity': '12', 'unit': 'ounces', 'ingredient': 'sliced fresh white mushrooms'}, {'quantity': '1', 'unit': 'cup', 'ingredient': 'Cabernet Sauvignon or other dry red wine'}, {'quantity': '½', 'unit': 'cup', 'ingredient': 'beef broth'}, {'quantity': '1 ½', 'unit': 'teaspoons', 'ingredient': 'chopped fresh thyme'}, {'quantity': '1', 'unit': 'teaspoon', 'ingredient': 'cornstarch'}, {'quantity': '2', 'unit': 'tablespoons', 'ingredient': 'water'}]",40 mins,4
https://www.allrecipes.com/recipe/283805/confit-olive-oil-steak/,Confit Olive Oil Steak,"[{'quantity': '1', 'unit': '(4 ounce)', 'ingredient': 'filet mignon'}, {'quantity': '⅓', 'unit': 'teaspoon', 'ingredient': 'salt'}, {'quantity': '2', 'unit': 'cloves', 'ingredient': 'garlic, minced'}, {'quantity': '2', 'unit': 'sprigs', 'ingredient': 'fresh thyme'}, {'quantity': '¾', 'unit': 'cup', 'ingredient': 'olive oil, or as needed'}, {'quantity': '1', 'unit': 'tablespoon', 'ingredient': 'olive oil'}]",45 mins,1
https://www.allrecipes.com/recipe/100072/lobster-colorado/,Lobster Colorado,"[{'quantity': '4', 'unit': '(8 ounce)', 'ingredient': 'filet mignon (beef tenderloin)'}, {'quantity': '', 'unit': '', 'ingredient': 'salt and pepper to taste'}, {'quantity': '½', 'unit': 'teaspoon', 'ingredient': 'garlic powder'}, {'quantity': '4', 'unit': 'slices', 'ingredient': 'bacon'}, {'quantity': '½', 'unit': 'cup', 'ingredient': 'butter, divided'}, {'quantity': '1', 'unit': 'teaspoon', 'ingredient': 'OLD BAY® Seasoning'}, {'quantity': '8', 'unit': 'ounces', 'ingredient': 'lobster tail, cleaned and chopped'}]",40 mins,4
https://www.allrecipes.com/recipe/256877/steak-au-poivre/,Steak au Poivre,"[{'quantity': '1', 'unit': 'tablespoon', 'ingredient': 'whole black peppercorns, or more to taste'}, {'quantity': '2', 'unit': '(6 ounce)', 'ingredient': '(1 1/4-inch-thick) tenderloin steaks'}, {'quantity': '2', 'unit': 'tablespoons', 'ingredient': 'butter'}, {'quantity': '1', 'unit': 'tablespoon', 'ingredient': 'minced shallot'}, {'quantity': '2', 'unit': 'tablespoons', 'ingredient': 'cognac'}, {'quantity': '2', 'unit': 'tablespoons', 'ingredient': 'red wine'}, {'quantity': '¼', 'unit': 'cup', 'ingredient': 'beef broth'}, {'quantity': '2', 'unit': 'tablespoons', 'ingredient': 'heavy whipping cream'}]",29 mins,2
https://www.allrecipes.com/recipe/19636/filet-with-a-merlot-sauce/,Filet with a Merlot Sauce,"[{'quantity': '1', 'unit': '(750 milliliter) bottle', 'ingredient': 'Merlot wine'}, {'quantity': '2', 'unit': '(14.5 ounce) cans', 'ingredient': 'low-sodium chicken broth'}, {'quantity': '1', 'unit': '(14.5 ounce) can', 'ingredient': 'beef broth'}, {'quantity': '2', 'unit': 'tablespoons', 'ingredient': 'unsalted butter, softened'}, {'quantity': '1', 'unit': 'tablespoon', 'ingredient': 'all-purpose flour'}, {'quantity': '1', 'unit': 'tablespoon', 'ingredient': 'olive oil'}, {'quantity': '6', 'unit': '(6 ounce) fillets', 'ingredient': 'beef tenderloin'}, {'quantity': '', 'unit': '', 'ingredient': 'freshly ground black pepper to taste'}, {'quantity': '¼', 'unit': 'cup', 'ingredient': 'chopped shallots'}, {'quantity': '1', 'unit': 'tablespoon', 'ingredient': 'chopped garlic'}, {'quantity': '1', 'unit': 'teaspoon', 'ingredient': 'fresh thyme'}]",1 hr 45 mins,6
https://www.allrecipes.com/recipe/256165/boeuf-bourguignon/,Boeuf Bourguignon,"[{'quantity': '¼', 'unit': 'cup', 'ingredient': 'vegetable oil'}, {'quantity': '5', 'unit': '', 'ingredient': 'onions, sliced'}, {'quantity': '2', 'unit': 'pounds', 'ingredient': 'lean beef, cut into 1-inch cubes'}, {'quantity': '1 ½', 'unit': 'tablespoons', 'ingredient': 'all-purpose flour'}, {'quantity': '¼', 'unit': 'teaspoon', 'ingredient': 'dried marjoram'}, {'quantity': '¼', 'unit': 'teaspoon', 'ingredient': 'dried thyme'}, {'quantity': '', 'unit': '', 'ingredient': 'freshly ground black pepper to taste'}, {'quantity': '1', 'unit': 'cup', 'ingredient': 'dry red wine, or more as needed'}, {'quantity': '½', 'unit': 'cup', 'ingredient': 'beef broth, or more as needed'}, {'quantity': '1', 'unit': '(8 ounce) package', 'ingredient': 'sliced fresh mushrooms'}]",2 hrs 35 mins,8
https://www.allrecipes.com/recipe/200340/grilled-filet-mignon-with-gorgonzola-cream-sauce/,Grilled Filet Mignon with Gorgonzola Cream Sauce,"[{'quantity': '4', 'unit': 'cups', 'ingredient': 'heavy cream'}, {'quantity': '3', 'unit': 'ounces', 'ingredient': 'crumbled Gorgonzola cheese'}, {'quantity': '3', 'unit': 'tablespoons', 'ingredient': 'grated Parmesan cheese'}, {'quantity': '¾', 'unit': 'teaspoon', 'ingredient': 'salt'}, {'quantity': '¾', 'unit': 'teaspoon', 'ingredient': 'ground black pepper'}, {'quantity': '⅛', 'unit': 'teaspoon', 'ingredient': 'ground nutmeg'}, {'quantity': '4', 'unit': '(8 ounce) fillets', 'ingredient': 'beef tenderloin'}, {'quantity': '¼', 'unit': 'teaspoon', 'ingredient': 'lemon pepper, or to taste'}, {'quantity': '¼', 'unit': 'teaspoon', 'ingredient': 'garlic powder, or to taste'}, {'quantity': '¼', 'unit': 'teaspoon', 'ingredient': 'onion powder, or to taste'}, {'quantity': '', 'unit': '', 'ingredient': 'salt and ground black pepper to taste'}, {'quantity': '', 'unit': '', 'ingredient': 'cooking spray'}, {'quantity': '12', 'unit': 'slices', 'ingredient': 'thick sliced bacon, chopped'}, {'quantity': '4', 'unit': '', 'ingredient': 'green onions, chopped'}]",1 hr 20 mins,4
https://www.allrecipes.com/recipe/213512/boeuf-en-croute/,Boeuf en Croûte (Beef in Puff Pastry),"[{'quantity': '1', 'unit': 'teaspoon', 'ingredient': 'olive oil'}, {'quantity': '2', 'unit': '(6 ounce)', 'ingredient': 'beef tenderloin filets'}, {'quantity': '1', 'unit': 'tablespoon', 'ingredient': 'butter'}, {'quantity': '8', 'unit': 'ounces', 'ingredient': 'fresh white mushrooms, minced'}, {'quantity': '⅓', 'unit': 'cup', 'ingredient': 'minced shallots'}, {'quantity': '2', 'unit': 'cloves', 'ingredient': 'garlic, minced'}, {'quantity': '2', 'unit': 'tablespoons', 'ingredient': 'red wine'}, {'quantity': '4', 'unit': '', 'ingredient': 'frozen puff pastry, thawed but still cold'}, {'quantity': '1 ½', 'unit': 'cups', 'ingredient': 'red wine'}, {'quantity': None, 'unit': None, 'ingredient': 'salt and ground black pepper to taste'}, {'quantity': '1', 'unit': 'large', 'ingredient': 'egg (Optional)'}, {'quantity': '2', 'unit': 'tablespoons', 'ingredient': 'milk (Optional)'}]",1 hr 55 mins,2
https://www.allrecipes.com/recipe/216800/jessicas-steak-oscar/,Jessica's Steak Oscar,"[{'quantity': '2', 'unit': '(7 ounce)', 'ingredient': 'beef tenderloin steaks'}, {'quantity': '', 'unit': '', 'ingredient': 'salt and ground black pepper to taste'}, {'quantity': '¼', 'unit': 'cup', 'ingredient': 'butter'}, {'quantity': '1', 'unit': '(6 ounce) can', 'ingredient': 'crab, drained'}, {'quantity': '1', 'unit': 'pound', 'ingredient': 'asparagus, tough ends snapped'}, {'quantity': '1', 'unit': 'packet', 'ingredient': 'dry Bearnaise sauce mix (such as Knorr®)'}, {'quantity': '1', 'unit': 'cup', 'ingredient': 'whole milk'}, {'quantity': '½', 'unit': 'cup', 'ingredient': 'butter'}]",40 mins,2
https://www.allrecipes.com/recipe/46815/crab-stuffed-filet-mignon-with-whiskey-peppercorn-sauce/,Crab-Stuffed Filet Mignon with Whiskey Peppercorn Sauce,"[{'quantity': '2', 'unit': 'tablespoons', 'ingredient': 'olive oil'}, {'quantity': '1', 'unit': 'teaspoon', 'ingredient': 'minced onion'}, {'quantity': '1', 'unit': 'teaspoon', 'ingredient': 'minced green onion'}, {'quantity': '1', 'unit': 'teaspoon', 'ingredient': 'minced garlic'}, {'quantity': '1', 'unit': 'teaspoon', 'ingredient': 'minced celery'}, {'quantity': '1', 'unit': 'teaspoon', 'ingredient': 'minced green bell pepper'}, {'quantity': '2', 'unit': 'tablespoons', 'ingredient': 'shrimp stock or water'}, {'quantity': '1', 'unit': '(6 ounce) can', 'ingredient': 'crab meat, drained'}, {'quantity': '2', 'unit': 'tablespoons', 'ingredient': 'bread crumbs'}, {'quantity': '1', 'unit': 'teaspoon', 'ingredient': 'Cajun seasoning'}, {'quantity': '1 ¼', 'unit': 'cups', 'ingredient': 'beef broth'}, {'quantity': '1', 'unit': 'teaspoon', 'ingredient': 'cracked black pepper'}, {'quantity': '1', 'unit': 'fluid ounce', 'ingredient': 'whiskey'}, {'quantity': '1', 'unit': 'cup', 'ingredient': 'heavy cream'}, {'quantity': '4', 'unit': '(6 ounce)', 'ingredient': 'filet mignon steaks'}, {'quantity': '4', 'unit': 'slices', 'ingredient': 'bacon, cooked lightly'}, {'quantity': '', 'unit': '', 'ingredient': 'salt and cracked black pepper to taste'}, {'quantity': '1', 'unit': 'tablespoon', 'ingredient': 'olive oil'}, {'quantity': '1', 'unit': 'clove', 'ingredient': 'garlic, minced'}, {'quantity': '1', 'unit': 'teaspoon', 'ingredient': 'minced shallot'}, {'quantity': '1', 'unit': 'cup', 'ingredient': 'crimini mushrooms, sliced'}, {'quantity': '1', 'unit': 'fluid ounce', 'ingredient': 'whiskey'}, {'quantity': '1', 'unit': 'teaspoon', 'ingredient': 'Dijon mustard'}]",1 hr 30 mins,4
https://www.allrecipes.com/recipe/30575/blue-cheese-beef-tenderloin/,Blue Cheese Beef Tenderloin,"[{'quantity': '1', 'unit': '(3 pound)', 'ingredient': 'whole beef tenderloin'}, {'quantity': '½', 'unit': 'cup', 'ingredient': 'teriyaki sauce'}, {'quantity': '½', 'unit': 'cup', 'ingredient': 'red wine'}, {'quantity': '2', 'unit': 'cloves', 'ingredient': 'garlic, chopped'}, {'quantity': '4', 'unit': 'ounces', 'ingredient': 'blue cheese, crumbled'}, {'quantity': '⅔', 'unit': 'cup', 'ingredient': 'sour cream'}, {'quantity': '⅓', 'unit': 'cup', 'ingredient': 'mayonnaise'}, {'quantity': '1 ½', 'unit': 'teaspoons', 'ingredient': 'Worcestershire sauce'}]",1 hr 55 mins,8
https://www.allrecipes.com/recipe/14515/persian-shish-kabob/,Persian Shish Kabob,"[{'quantity': '2', 'unit': 'pounds', 'ingredient': 'beef tenderloin'}, {'quantity': '1', 'unit': '', 'ingredient': 'onion, chopped'}, {'quantity': '⅛', 'unit': 'cup', 'ingredient': 'fresh lime juice'}, {'quantity': '1', 'unit': 'tablespoon', 'ingredient': 'salt'}, {'quantity': '1', 'unit': 'pinch', 'ingredient': 'ground black pepper'}]",8 hrs 35 mins,4
https://www.allrecipes.com/recipe/15901/lovers-beef-burgundy-filet/,Lover's Beef Burgundy Filet,"[{'quantity': '4', 'unit': 'cups', 'ingredient': 'Burgundy wine'}, {'quantity': '2', 'unit': 'cups', 'ingredient': 'oyster sauce'}, {'quantity': '1 ½', 'unit': 'cups', 'ingredient': 'canola oil'}, {'quantity': '1 ½', 'unit': 'cups', 'ingredient': 'soy sauce'}, {'quantity': '1', 'unit': 'tablespoon', 'ingredient': 'garlic, minced'}, {'quantity': '1 ½', 'unit': 'teaspoons', 'ingredient': 'dried oregano'}, {'quantity': '8', 'unit': '(6 ounce)', 'ingredient': 'filet mignon'}, {'quantity': '½', 'unit': 'cup', 'ingredient': 'butter, softened'}, {'quantity': '1', 'unit': 'teaspoon', 'ingredient': 'Burgundy wine'}, {'quantity': '1', 'unit': 'tablespoon', 'ingredient': 'minced shallots'}, {'quantity': '1', 'unit': 'tablespoon', 'ingredient': 'minced green onions'}, {'quantity': '1', 'unit': 'teaspoon', 'ingredient': 'ground white pepper'}]",4 hrs 50 mins,8
https://www.allrecipes.com/recipe/67432/smothered-filet-mignon/,Smothered Filet Mignon,"[{'quantity': '4', 'unit': '(6 ounce)', 'ingredient': 'filet mignon steaks'}, {'quantity': None, 'unit': None, 'ingredient': 'seasoned salt, to taste'}, {'quantity': None, 'unit': None, 'ingredient': 'cracked black pepper, to taste'}, {'quantity': '¼', 'unit': 'cup', 'ingredient': 'extra-virgin olive oil'}, {'quantity': '¼', 'unit': 'cup', 'ingredient': 'balsamic vinegar'}, {'quantity': '1', 'unit': 'tablespoon', 'ingredient': 'Dijon mustard'}, {'quantity': '2', 'unit': 'teaspoons', 'ingredient': 'dried rosemary'}, {'quantity': '1', 'unit': 'tablespoon', 'ingredient': 'unsalted butter'}, {'quantity': '2', 'unit': 'cups', 'ingredient': 'onion slices'}, {'quantity': '1', 'unit': 'teaspoon', 'ingredient': 'white sugar'}, {'quantity': '4', 'unit': 'ounces', 'ingredient': 'blue cheese, crumbled'}]",1 hr,4
https://www.allrecipes.com/recipe/213511/filet-mignon-with-bacon-cream-sauce/,Filet Mignon with Bacon Cream Sauce,"[{'quantity': '4', 'unit': '(4 ounce)', 'ingredient': 'filet mignon (beef tenderloin)'}, {'quantity': '1', 'unit': 'teaspoon', 'ingredient': 'olive oil'}, {'quantity': '3', 'unit': 'slices', 'ingredient': 'bacon, chopped'}, {'quantity': '1', 'unit': 'tablespoon', 'ingredient': 'butter'}, {'quantity': '4', 'unit': '', 'ingredient': 'shallots, diced'}, {'quantity': '¼', 'unit': 'cup', 'ingredient': 'half-and-half cream'}, {'quantity': '', 'unit': '', 'ingredient': 'salt and pepper to taste'}]",35 mins,4
https://www.allrecipes.com/recipe/270065/beef-tenderloin-filets/,Beef Tenderloin Filets,"[{'quantity': '8', 'unit': '', 'ingredient': '1-inch-thick beef tenderloin steaks'}, {'quantity': None, 'unit': None, 'ingredient': 'salt and ground black pepper to taste'}, {'quantity': '3', 'unit': 'tablespoons', 'ingredient': 'unsalted butter'}, {'quantity': '½', 'unit': 'cup', 'ingredient': 'dry red wine'}, {'quantity': '1', 'unit': 'cup', 'ingredient': 'heavy whipping cream'}, {'quantity': '½', 'unit': 'cup', 'ingredient': 'beef stock'}, {'quantity': '1', 'unit': 'cup', 'ingredient': 'chopped tomatoes'}, {'quantity': '½', 'unit': 'cup', 'ingredient': 'chopped fresh basil'}]",20 mins,8
https://www.allrecipes.com/recipe/277460/steak-and-mushroom-tortellini-alfredo/,Steak and Mushroom Tortellini Alfredo,"[{'quantity': '2', 'unit': 'tablespoons', 'ingredient': 'olive oil'}, {'quantity': '1', 'unit': 'tablespoon', 'ingredient': 'soy sauce'}, {'quantity': '1', 'unit': 'tablespoon', 'ingredient': 'Montreal steak seasoning (such as McCormick)'}, {'quantity': '2', 'unit': '(8 ounce)', 'ingredient': 'filet mignon steaks, cut into strips'}, {'quantity': '1', 'unit': 'tablespoon', 'ingredient': 'butter'}, {'quantity': '½', 'unit': 'cup', 'ingredient': 'quartered fresh cremini mushrooms'}, {'quantity': '1', 'unit': '(20 ounce) package', 'ingredient': 'refrigerated cheese tortellini'}, {'quantity': '2', 'unit': 'tablespoons', 'ingredient': 'unsalted butter'}, {'quantity': '5', 'unit': 'fluid ounces', 'ingredient': 'heavy cream'}, {'quantity': '2', 'unit': 'cups', 'ingredient': 'freshly grated Parmesan cheese'}, {'quantity': '1', 'unit': 'pinch', 'ingredient': 'freshly grated nutmeg, or to taste'}]",1 hr 10 mins,10
https://www.allrecipes.com/recipe/79437/mini-beef-wellingtons-with-red-wine-sauce/,Mini Beef Wellingtons with Red Wine Sauce,"[{'quantity': '2', 'unit': 'tablespoons', 'ingredient': 'vegetable oil'}, {'quantity': None, 'unit': None, 'ingredient': 'salt and pepper, to taste'}, {'quantity': '6', 'unit': '(6 ounce)', 'ingredient': 'beef tenderloin filets'}, {'quantity': '1', 'unit': 'cup', 'ingredient': 'chopped fresh mushrooms'}, {'quantity': '¼', 'unit': 'cup', 'ingredient': 'red wine'}, {'quantity': '1', 'unit': 'cup', 'ingredient': 'beef consommé'}, {'quantity': '1', 'unit': '(3 ounce) jar', 'ingredient': 'foie gras pâté'}, {'quantity': '1', 'unit': '(17.25 ounce) package', 'ingredient': 'frozen puff pastry, thawed'}, {'quantity': '1', 'unit': None, 'ingredient': 'egg, beaten'}, {'quantity': '3', 'unit': 'tablespoons', 'ingredient': 'butter'}, {'quantity': '3', 'unit': 'tablespoons', 'ingredient': 'all-purpose flour'}, {'quantity': '2', 'unit': 'tablespoons', 'ingredient': 'chopped green onion'}, {'quantity': '1', 'unit': 'cup', 'ingredient': 'beef consommé'}, {'quantity': '½', 'unit': 'cup', 'ingredient': 'red wine'}, {'quantity': '2', 'unit': 'tablespoons', 'ingredient': 'butter'}, {'quantity': '2', 'unit': 'tablespoons', 'ingredient': 'chopped fresh parsley'}]",1 hr 30 mins,6
https://www.allrecipes.com/recipe/262073/the-best-classic-beef-stroganoff/,The Best Classic Beef Stroganoff,"[{'quantity': '3', 'unit': 'tablespoons', 'ingredient': 'all-purpose flour'}, {'quantity': '1 ½', 'unit': 'teaspoons', 'ingredient': 'salt'}, {'quantity': '¼', 'unit': 'teaspoon', 'ingredient': 'ground black pepper'}, {'quantity': '1', 'unit': 'pound', 'ingredient': 'beef tenderloin'}, {'quantity': '¼', 'unit': 'cup', 'ingredient': 'butter'}, {'quantity': '½', 'unit': 'cup', 'ingredient': 'water'}, {'quantity': '½', 'unit': 'cup', 'ingredient': 'chopped onion'}, {'quantity': '1', 'unit': 'clove', 'ingredient': 'garlic, cut in half'}, {'quantity': '1', 'unit': 'pound', 'ingredient': 'mushrooms'}, {'quantity': '1', 'unit': '(10.5 ounce) can', 'ingredient': 'condensed cream of chicken soup'}, {'quantity': '1', 'unit': 'cup', 'ingredient': 'sour cream'}]",1 hr 10 mins,6
https://www.allrecipes.com/recipe/213507/filet-mignon-and-balsamic-strawberries/,Filet Mignon and Balsamic Strawberries,"[{'quantity': '2', 'unit': 'cups', 'ingredient': 'strawberries, sliced'}, {'quantity': '¼', 'unit': 'cup', 'ingredient': 'brown sugar'}, {'quantity': '¼', 'unit': 'cup', 'ingredient': 'balsamic vinegar'}, {'quantity': '1', 'unit': 'tablespoon', 'ingredient': 'olive oil'}, {'quantity': '4', 'unit': '(6 ounce)', 'ingredient': 'filet mignon (beef tenderloin)'}, {'quantity': '', 'unit': '', 'ingredient': 'salt and pepper to taste'}, {'quantity': '1', 'unit': 'tablespoon', 'ingredient': 'chilled butter'}, {'quantity': '', 'unit': '', 'ingredient': 'freshly ground black pepper to taste'}]",1 hr 25 mins,4
https://www.allrecipes.com/recipe/278229/broiled-filet-mignon/,Broiled Filet Mignon,"[{'quantity': '', 'unit': '', 'ingredient': 'cooking spray'}, {'quantity': '2', 'unit': 'tablespoons', 'ingredient': 'packed light brown sugar'}, {'quantity': '2', 'unit': 'tablespoons', 'ingredient': 'prepared horseradish'}, {'quantity': '1', 'unit': 'teaspoon', 'ingredient': 'grated shallot'}, {'quantity': '½', 'unit': 'teaspoon', 'ingredient': 'ground black pepper'}, {'quantity': '4', 'unit': '(4 ounce)', 'ingredient': 'filet mignon steaks'}]",20 mins,4
https://www.allrecipes.com/recipe/278230/filet-mignon-for-two/,Filet Mignon for Two,"[{'quantity': '2', 'unit': '(6 ounce)', 'ingredient': 'filet mignon steaks'}, {'quantity': '1', 'unit': 'teaspoon', 'ingredient': 'olive oil'}, {'quantity': '', 'unit': '', 'ingredient': 'salt and ground black pepper to taste'}, {'quantity': '1', 'unit': 'tablespoon', 'ingredient': 'butter'}, {'quantity': '1', 'unit': '', 'ingredient': 'shallot, minced'}, {'quantity': '1', 'unit': 'teaspoon', 'ingredient': 'minced garlic'}, {'quantity': '1', 'unit': 'cup', 'ingredient': 'heavy cream'}, {'quantity': '4', 'unit': 'ounces', 'ingredient': 'crumbled Gorgonzola cheese'}, {'quantity': '', 'unit': '', 'ingredient': 'salt and ground black pepper to taste'}]",35 mins,2
https://www.allrecipes.com/recipe/53796/herbed-and-spiced-roasted-beef-tenderloin/,Herbed and Spiced Roasted Beef Tenderloin,"[{'quantity': '2', 'unit': 'tablespoons', 'ingredient': 'fresh rosemary'}, {'quantity': '2', 'unit': 'tablespoons', 'ingredient': 'fresh thyme leaves'}, {'quantity': '2', 'unit': '', 'ingredient': 'bay leaves'}, {'quantity': '4', 'unit': 'cloves', 'ingredient': 'garlic'}, {'quantity': '1', 'unit': '', 'ingredient': 'large shallot, peeled and quartered'}, {'quantity': '1', 'unit': 'tablespoon', 'ingredient': 'grated orange zest'}, {'quantity': '1', 'unit': 'tablespoon', 'ingredient': 'coarse salt'}, {'quantity': '1', 'unit': 'teaspoon', 'ingredient': 'freshly ground black pepper'}, {'quantity': '½', 'unit': 'teaspoon', 'ingredient': 'ground nutmeg'}, {'quantity': '¼', 'unit': 'teaspoon', 'ingredient': 'ground cloves'}, {'quantity': '2', 'unit': 'tablespoons', 'ingredient': 'olive oil'}, {'quantity': '2', 'unit': '(2 pound)', 'ingredient': 'beef tenderloin roasts, trimmed'}]",6 hrs 55 mins,8
https://www.allrecipes.com/recipe/270063/beef-tenderloin-fondue/,Beef Tenderloin Fondue,"[{'quantity': '¼', 'unit': 'cup', 'ingredient': 'soy sauce'}, {'quantity': '1', 'unit': 'tablespoon', 'ingredient': 'Worcestershire sauce'}, {'quantity': '1', 'unit': 'small', 'ingredient': 'garlic clove, minced'}, {'quantity': '1 ¼', 'unit': 'pounds', 'ingredient': 'beef tenderloin, cut into 1/2-inch cubes'}, {'quantity': '1', 'unit': '(32 fluid ounce) container', 'ingredient': ""vegetable broth (such as Emeril's®)""}, {'quantity': '½', 'unit': 'cup', 'ingredient': 'dry red wine'}, {'quantity': '3', 'unit': '', 'ingredient': 'green onions, chopped'}]",4 hrs 30 mins,2
https://www.allrecipes.com/recipe/229390/herb-and-garlic-roast-tenderloin-with-creamy-horseradish-sauce/,Herb and Garlic Roast Tenderloin with Creamy Horseradish Sauce,"[{'quantity': '4', 'unit': 'tablespoons', 'ingredient': 'Carapelli Premium 100% Italian Extra-Virgin Olive Oil), divided'}, {'quantity': '4', 'unit': 'cloves', 'ingredient': 'garlic, minced'}, {'quantity': '2', 'unit': 'tablespoons', 'ingredient': 'chopped fresh thyme'}, {'quantity': '2', 'unit': 'tablespoons', 'ingredient': 'chopped fresh rosemary'}, {'quantity': '1 ½', 'unit': 'teaspoons', 'ingredient': 'coarse sea salt or kosher salt, divided'}, {'quantity': '½', 'unit': 'teaspoon', 'ingredient': 'freshly ground black pepper'}, {'quantity': '1', 'unit': '(2 pound)', 'ingredient': 'center-cut beef tenderloin roast'}, {'quantity': '½', 'unit': 'cup', 'ingredient': 'sour cream'}, {'quantity': '3', 'unit': 'tablespoons', 'ingredient': 'prepared horseradish'}]",55 mins,8
https://www.allrecipes.com/recipe/245886/jab-chae-korean-noodles/,Jab Chae (Korean Noodles),"[{'quantity': '3', 'unit': 'cups', 'ingredient': 'water'}, {'quantity': '½', 'unit': 'pound', 'ingredient': 'sweet potato vermicelli noodles'}, {'quantity': '1', 'unit': 'tablespoon', 'ingredient': 'vegetable oil, divided, or as needed'}, {'quantity': '3 ½', 'unit': 'ounces', 'ingredient': 'beef tenderloin, cut into strips'}, {'quantity': '1', 'unit': 'clove', 'ingredient': 'garlic, crushed'}, {'quantity': '', 'unit': '', 'ingredient': 'salt and ground black pepper to taste'}, {'quantity': '1', 'unit': '', 'ingredient': 'onion, thinly sliced'}, {'quantity': '1', 'unit': '', 'ingredient': 'carrot, cut into matchstick-size pieces'}, {'quantity': '2', 'unit': '', 'ingredient': 'spring onions, cut into 2-inch pieces'}, {'quantity': '2', 'unit': 'tablespoons', 'ingredient': 'soy sauce'}, {'quantity': '2', 'unit': 'teaspoons', 'ingredient': 'white sugar'}, {'quantity': '½', 'unit': 'teaspoon', 'ingredient': 'sesame seeds'}, {'quantity': '½', 'unit': 'teaspoon', 'ingredient': 'sesame oil'}]",40 mins,4
https://www.allrecipes.com/recipe/214770/chicken-fried-steak-with-cream-pork-sausage-gravy/,Chicken Fried Steak with Cream Pork Sausage Gravy,"[{'quantity': '4', 'unit': 'cups', 'ingredient': 'vegetable oil for frying'}, {'quantity': '1', 'unit': 'cup', 'ingredient': 'all-purpose flour'}, {'quantity': '1', 'unit': 'teaspoon', 'ingredient': 'salt'}, {'quantity': '1', 'unit': 'teaspoon', 'ingredient': 'white pepper'}, {'quantity': '1', 'unit': 'teaspoon', 'ingredient': 'garlic powder'}, {'quantity': '3', 'unit': '', 'ingredient': 'eggs'}, {'quantity': '1', 'unit': 'clove', 'ingredient': 'garlic, minced'}, {'quantity': '1', 'unit': 'tablespoon', 'ingredient': 'chopped fresh parsley'}, {'quantity': '4', 'unit': '(4 ounce)', 'ingredient': 'beef tenderloin fillets, pounded thin'}, {'quantity': '2', 'unit': 'links', 'ingredient': 'pork sausage'}, {'quantity': '3', 'unit': 'tablespoons', 'ingredient': 'butter'}, {'quantity': '3', 'unit': 'tablespoons', 'ingredient': 'all-purpose flour'}, {'quantity': '2 ½', 'unit': 'cups', 'ingredient': 'heavy cream'}, {'quantity': '', 'unit': '', 'ingredient': 'salt and black pepper to taste'}]",55 mins,4
https://www.allrecipes.com/recipe/14669/beef-pot-pie-i/,Beef Pot Pie I,"[{'quantity': '1', 'unit': '(17.5 ounce) package', 'ingredient': 'frozen puff pastry, thawed'}, {'quantity': '4', 'unit': 'tablespoons', 'ingredient': 'olive oil'}, {'quantity': '1', 'unit': 'cup', 'ingredient': 'chopped onion'}, {'quantity': '1', 'unit': 'teaspoon', 'ingredient': 'minced garlic'}, {'quantity': '1', 'unit': 'cup', 'ingredient': 'raw porcini mushrooms'}, {'quantity': '1', 'unit': 'cup', 'ingredient': 'chopped carrots'}, {'quantity': '½', 'unit': 'cup', 'ingredient': 'chopped celery'}, {'quantity': '1', 'unit': '', 'ingredient': 'potato, diced'}, {'quantity': '1', 'unit': 'pound', 'ingredient': 'beef tenderloin, cubed'}, {'quantity': '1', 'unit': '', 'ingredient': 'bay leaf'}, {'quantity': '1', 'unit': 'teaspoon', 'ingredient': 'dried oregano'}, {'quantity': '1', 'unit': 'cup', 'ingredient': 'dry Marsala wine'}, {'quantity': '2', 'unit': 'tablespoons', 'ingredient': 'chopped fresh parsley'}, {'quantity': '1', 'unit': '', 'ingredient': 'egg white'}]",2 hrs,6
https://www.allrecipes.com/recipe/221127/spicy-orange-zest-beef/,Spicy Orange Zest Beef,"[{'quantity': '1', 'unit': 'pound', 'ingredient': 'beef tenderloin, cut into 1/2 inch strips'}, {'quantity': '¼', 'unit': 'cup', 'ingredient': 'orange juice'}, {'quantity': '¼', 'unit': 'cup', 'ingredient': 'seasoned rice vinegar'}, {'quantity': '2', 'unit': 'tablespoons', 'ingredient': 'soy sauce'}, {'quantity': '1', 'unit': 'tablespoon', 'ingredient': 'hot chile paste (such as sambal oelek)'}, {'quantity': '1', 'unit': 'tablespoon', 'ingredient': 'brown sugar, or to taste'}, {'quantity': '2', 'unit': 'cloves', 'ingredient': 'garlic, minced'}, {'quantity': '¼', 'unit': 'cup', 'ingredient': 'water'}, {'quantity': '1', 'unit': 'teaspoon', 'ingredient': 'cornstarch'}, {'quantity': '', 'unit': '', 'ingredient': 'cooking spray'}, {'quantity': '2', 'unit': 'tablespoons', 'ingredient': 'grated orange zest'}, {'quantity': '1', 'unit': 'bunch', 'ingredient': 'green onions, sliced - white parts and tops separated'}, {'quantity': '', 'unit': '', 'ingredient': 'salt and freshly ground black pepper to taste'}]",2 hrs,4
https://www.allrecipes.com/recipe/230328/louises-herbed-beef-tenderloin/,Louise's Herbed Beef Tenderloin,"[{'quantity': '1', 'unit': '(3 pound)', 'ingredient': 'beef tenderloin'}, {'quantity': '2', 'unit': 'teaspoons', 'ingredient': 'olive oil'}, {'quantity': '2', 'unit': 'cloves', 'ingredient': 'garlic, minced'}, {'quantity': '2', 'unit': 'teaspoons', 'ingredient': 'dried basil'}, {'quantity': '1 ½', 'unit': 'teaspoons', 'ingredient': 'dried rosemary, crushed'}, {'quantity': '1', 'unit': 'teaspoon', 'ingredient': 'sea salt'}, {'quantity': '', 'unit': '', 'ingredient': 'fresh ground black pepper to taste'}]",50 mins,12
https://www.allrecipes.com/recipe/183577/sesame-beef-bites/,Sesame Beef Bites,"[{'quantity': '2', 'unit': 'tablespoons', 'ingredient': 'sesame oil'}, {'quantity': '1', 'unit': 'tablespoon', 'ingredient': 'rice vinegar'}, {'quantity': '1', 'unit': '', 'ingredient': 'green onion, minced'}, {'quantity': '1', 'unit': 'clove', 'ingredient': 'garlic, minced'}, {'quantity': '2', 'unit': 'teaspoons', 'ingredient': 'hoisin sauce'}, {'quantity': '¼', 'unit': 'teaspoon', 'ingredient': 'chili garlic sauce'}, {'quantity': '1', 'unit': 'pound', 'ingredient': 'beef tenderloin, cut into 3/4 inch cubes'}, {'quantity': '¼', 'unit': 'cup', 'ingredient': 'teriyaki sauce'}, {'quantity': '½', 'unit': 'teaspoon', 'ingredient': 'sesame seeds'}]",35 mins,8
https://www.allrecipes.com/recipe/23954/korean-sushi/,Korean Sushi,"[{'quantity': '2', 'unit': 'cups', 'ingredient': 'uncooked short-grain white rice'}, {'quantity': '2', 'unit': 'cups', 'ingredient': 'water'}, {'quantity': '2', 'unit': 'tablespoons', 'ingredient': 'cider vinegar'}, {'quantity': '2', 'unit': 'leaves', 'ingredient': 'chard'}, {'quantity': '2', 'unit': '', 'ingredient': 'eggs, well beaten'}, {'quantity': '2', 'unit': 'tablespoons', 'ingredient': 'soy sauce, divided'}, {'quantity': '3', 'unit': 'tablespoons', 'ingredient': 'water'}, {'quantity': '1', 'unit': '', 'ingredient': 'onion, diced'}, {'quantity': '1', 'unit': 'tablespoon', 'ingredient': 'vegetable oil'}, {'quantity': '¾', 'unit': 'pound', 'ingredient': 'beef tenderloin, minced'}, {'quantity': '1', 'unit': '(5 ounce) can', 'ingredient': 'tuna, drained'}, {'quantity': '1', 'unit': '', 'ingredient': 'carrot, julienned'}, {'quantity': '1', 'unit': '', 'ingredient': 'cucumber, julienned'}, {'quantity': '6', 'unit': 'sheets', 'ingredient': 'nori (dry seaweed)'}]",1 hr,6
https://www.allrecipes.com/recipe/16119/beef-pepper-steak/,Beef Pepper Steak,"[{'quantity': '12', 'unit': '', 'ingredient': 'black peppercorns, coarsely ground'}, {'quantity': '2', 'unit': 'tablespoons', 'ingredient': 'tamari'}, {'quantity': '1', 'unit': 'clove', 'ingredient': 'garlic, minced'}, {'quantity': '1', 'unit': 'pinch', 'ingredient': 'white sugar'}, {'quantity': '1', 'unit': 'pinch', 'ingredient': 'salt'}, {'quantity': '10', 'unit': 'ounces', 'ingredient': 'beef filet'}, {'quantity': '2', 'unit': 'tablespoons', 'ingredient': 'butter'}]",1 hr 30 mins,2
https://www.allrecipes.com/recipe/278231/filet-mignon-with-mushrooms/,Filet Mignon with Mushrooms,"[{'quantity': '2', 'unit': 'slices', 'ingredient': 'bacon'}, {'quantity': '1 ½', 'unit': 'tablespoons', 'ingredient': 'unsalted butter, divided'}, {'quantity': '1', 'unit': 'clove', 'ingredient': 'garlic, mashed to a paste'}, {'quantity': '6', 'unit': '', 'ingredient': 'white mushrooms, thinly sliced'}, {'quantity': '1', 'unit': 'pinch', 'ingredient': 'salt and ground black pepper to taste'}, {'quantity': '⅓', 'unit': 'cup', 'ingredient': 'bourbon'}, {'quantity': '⅓', 'unit': 'cup', 'ingredient': 'water'}, {'quantity': '2', 'unit': 'tablespoons', 'ingredient': 'fresh lemon juice'}, {'quantity': '1', 'unit': 'tablespoon', 'ingredient': 'Worcestershire sauce'}, {'quantity': '1', 'unit': 'tablespoon', 'ingredient': 'minced fresh parsley leaves'}, {'quantity': '2', 'unit': '', 'ingredient': 'filet mignon steaks, about 1 inch thick'}]",50 mins,2
https://www.allrecipes.com/double-chocolate-biscotti-with-cherries-recipe-8748242,Double Chocolate Biscotti with Cherries,"[{'quantity': '1/2', 'unit': 'cup', 'ingredient': 'granulated sugar'}, {'quantity': '1/2', 'unit': 'cup', 'ingredient': 'salted butter'}, {'quantity': '3', 'unit': None, 'ingredient': 'large eggs'}, {'quantity': '1', 'unit': 'teaspoon', 'ingredient': 'vanilla extract'}, {'quantity': '1 3/4', 'unit': 'cups', 'ingredient': 'all-purpose flour'}, {'quantity': '1/2', 'unit': 'cup', 'ingredient': 'unsweetened cocoa powder'}, {'quantity': '2', 'unit': 'teaspoons', 'ingredient': 'baking powder'}, {'quantity': '1/2', 'unit': 'cup', 'ingredient': 'dark chocolate'}, {'quantity': '1/2', 'unit': 'cup', 'ingredient': 'candied cherries'}, {'quantity': '1', 'unit': None, 'ingredient': 'egg'}, {'quantity': '1', 'unit': 'tablespoon', 'ingredient': 'water'}]",1 hr 20 mins,24
https://www.allrecipes.com/recipe/260575/chef-johns-almond-biscotti/,Chef John's Almond Biscotti,"[{'quantity': '2', 'unit': 'cups', 'ingredient': 'all-purpose flour'}, {'quantity': '1', 'unit': 'teaspoon', 'ingredient': 'baking powder'}, {'quantity': '¼', 'unit': 'teaspoon', 'ingredient': 'fine salt'}, {'quantity': '3', 'unit': 'tablespoons', 'ingredient': 'unsalted butter, room temperature'}, {'quantity': '1', 'unit': 'cup', 'ingredient': 'white sugar'}, {'quantity': '1', 'unit': 'tablespoon', 'ingredient': 'white sugar'}, {'quantity': '1', 'unit': 'tablespoon', 'ingredient': 'olive oil'}, {'quantity': '2', 'unit': 'large', 'ingredient': 'eggs'}, {'quantity': '¼', 'unit': 'teaspoon', 'ingredient': 'vanilla extract'}, {'quantity': '¾', 'unit': 'teaspoon', 'ingredient': 'almond extract'}, {'quantity': '½', 'unit': 'cup', 'ingredient': 'whole roasted almonds'}, {'quantity': '½', 'unit': 'cup', 'ingredient': 'chopped roasted almonds'}]",2 hrs,15
https://www.allrecipes.com/recipe/10159/cranberry-almond-biscotti/,Cranberry Almond Biscotti,"[{'quantity': '2 ¼', 'unit': 'cups', 'ingredient': 'all-purpose flour'}, {'quantity': '1', 'unit': 'cup', 'ingredient': 'white sugar'}, {'quantity': '1', 'unit': 'teaspoon', 'ingredient': 'baking powder'}, {'quantity': '½', 'unit': 'teaspoon', 'ingredient': 'baking soda'}, {'quantity': '2', 'unit': '', 'ingredient': 'egg whites'}, {'quantity': '2', 'unit': '', 'ingredient': 'eggs'}, {'quantity': '1', 'unit': 'tablespoon', 'ingredient': 'vanilla extract'}, {'quantity': '¾', 'unit': 'cup', 'ingredient': 'sliced almonds'}, {'quantity': '1', 'unit': 'cup', 'ingredient': 'sweetened-dried cranberries'}]",1 hr 30 mins,15
https://www.allrecipes.com/recipe/10638/cranberry-pistachio-biscotti/,Cranberry Pistachio Biscotti,"[{'quantity': '¾', 'unit': 'cup', 'ingredient': 'white sugar'}, {'quantity': '¼', 'unit': 'cup', 'ingredient': 'light olive oil'}, {'quantity': '2', 'unit': 'teaspoons', 'ingredient': 'vanilla extract'}, {'quantity': '½', 'unit': 'teaspoon', 'ingredient': 'almond extract'}, {'quantity': '2', 'unit': 'large', 'ingredient': 'eggs'}, {'quantity': '1 ¾', 'unit': 'cups', 'ingredient': 'all-purpose flour'}, {'quantity': '1', 'unit': 'teaspoon', 'ingredient': 'baking powder'}, {'quantity': '¼', 'unit': 'teaspoon', 'ingredient': 'salt'}, {'quantity': '1 ½', 'unit': 'cups', 'ingredient': 'pistachio nuts'}, {'quantity': '½', 'unit': 'cup', 'ingredient': 'dried cranberries'}]",1 hr 20 mins,36
https://www.allrecipes.com/recipe/10432/double-chocolate-biscotti/,Double Chocolate Biscotti,"[{'quantity': '⅔', 'unit': 'cup', 'ingredient': 'white sugar'}, {'quantity': '½', 'unit': 'cup', 'ingredient': 'butter, softened'}, {'quantity': '¼', 'unit': 'cup', 'ingredient': 'unsweetened cocoa powder'}, {'quantity': '2', 'unit': 'teaspoons', 'ingredient': 'baking powder'}, {'quantity': '2', 'unit': 'large', 'ingredient': 'eggs'}, {'quantity': '1 ¾', 'unit': 'cups', 'ingredient': 'all-purpose flour'}, {'quantity': '4', 'unit': '(1 ounce) squares', 'ingredient': 'white chocolate, chopped'}, {'quantity': '¾', 'unit': 'cup', 'ingredient': 'semisweet chocolate chips'}]",2 hrs 15 mins,36
https://www.allrecipes.com/recipe/231047/cranberry-orange-biscotti/,Cranberry-Orange Biscotti,"[{'quantity': '½', 'unit': 'cup', 'ingredient': 'butter at room temperature'}, {'quantity': '1', 'unit': 'cup', 'ingredient': 'white sugar'}, {'quantity': '2', 'unit': '', 'ingredient': 'eggs'}, {'quantity': '1', 'unit': 'tablespoon', 'ingredient': 'orange zest (Optional)'}, {'quantity': '1', 'unit': 'teaspoon', 'ingredient': 'orange extract'}, {'quantity': '¼', 'unit': 'teaspoon', 'ingredient': 'almond extract'}, {'quantity': '2 ¾', 'unit': 'cups', 'ingredient': 'all-purpose flour'}, {'quantity': '1', 'unit': 'teaspoon', 'ingredient': 'baking powder'}, {'quantity': '½', 'unit': 'teaspoon', 'ingredient': 'baking soda'}, {'quantity': '½', 'unit': 'teaspoon', 'ingredient': 'salt'}, {'quantity': '1', 'unit': '(6 ounce) package', 'ingredient': 'sweetened dried cranberries (such as Craisins®), or more to taste'}]",1 hr 20 mins,12
https://www.allrecipes.com/recipe/43941/gingerbread-biscotti/,Gingerbread Biscotti,"[{'quantity': '1', 'unit': 'cup', 'ingredient': 'white sugar'}, {'quantity': '3', 'unit': '', 'ingredient': 'eggs'}, {'quantity': '⅓', 'unit': 'cup', 'ingredient': 'vegetable oil'}, {'quantity': '¼', 'unit': 'cup', 'ingredient': 'molasses'}, {'quantity': '2 ¼', 'unit': 'cups', 'ingredient': 'all-purpose flour'}, {'quantity': '1', 'unit': 'cup', 'ingredient': 'whole wheat flour'}, {'quantity': '1 ½', 'unit': 'tablespoons', 'ingredient': 'ground ginger'}, {'quantity': '1', 'unit': 'tablespoon', 'ingredient': 'baking powder'}, {'quantity': '¾', 'unit': 'tablespoon', 'ingredient': 'ground cinnamon'}, {'quantity': '½', 'unit': 'tablespoon', 'ingredient': 'ground cloves'}, {'quantity': '¼', 'unit': 'teaspoon', 'ingredient': 'ground nutmeg'}]",1 hr 5 mins,48
https://www.allrecipes.com/recipe/11525/cinnamon-hazelnut-biscotti/,Cinnamon Hazelnut Biscotti,"[{'quantity': '¾', 'unit': 'cup', 'ingredient': 'butter'}, {'quantity': '1', 'unit': 'cup', 'ingredient': 'white sugar'}, {'quantity': '2', 'unit': 'large', 'ingredient': 'eggs'}, {'quantity': '1 ½', 'unit': 'teaspoons', 'ingredient': 'vanilla extract'}, {'quantity': '2 ½', 'unit': 'cups', 'ingredient': 'all-purpose flour'}, {'quantity': '1', 'unit': 'teaspoon', 'ingredient': 'ground cinnamon'}, {'quantity': '¾', 'unit': 'teaspoon', 'ingredient': 'baking powder'}, {'quantity': '½', 'unit': 'teaspoon', 'ingredient': 'salt'}, {'quantity': '1', 'unit': 'cup', 'ingredient': 'hazelnuts'}]",1 hr 35 mins,30
https://www.allrecipes.com/recipe/11593/italian-biscotti/,Italian Biscotti,"[{'quantity': '12', 'unit': 'ounces', 'ingredient': 'butter'}, {'quantity': '1 ¾', 'unit': 'cups', 'ingredient': 'white sugar'}, {'quantity': '6', 'unit': '', 'ingredient': 'eggs'}, {'quantity': '1', 'unit': 'teaspoon', 'ingredient': 'anise extract'}, {'quantity': '2', 'unit': 'teaspoons', 'ingredient': 'vanilla extract'}, {'quantity': '6', 'unit': 'cups', 'ingredient': 'all-purpose flour'}, {'quantity': '½', 'unit': 'teaspoon', 'ingredient': 'salt'}, {'quantity': '2', 'unit': 'teaspoons', 'ingredient': 'baking powder'}, {'quantity': '8', 'unit': 'ounces', 'ingredient': 'chopped almonds'}]",,30
https://www.allrecipes.com/recipe/15504/cinnamon-sugar-biscotti/,Cinnamon Sugar Biscotti,"[{'quantity': '2', 'unit': 'cups', 'ingredient': 'all-purpose flour'}, {'quantity': '1 ½', 'unit': 'teaspoons', 'ingredient': 'ground cinnamon'}, {'quantity': '1', 'unit': 'teaspoon', 'ingredient': 'baking powder'}, {'quantity': '¼', 'unit': 'teaspoon', 'ingredient': 'salt'}, {'quantity': '⅔', 'unit': 'cup', 'ingredient': 'white sugar'}, {'quantity': '6', 'unit': 'tablespoons', 'ingredient': 'butter'}, {'quantity': '1', 'unit': 'large', 'ingredient': 'egg'}, {'quantity': '1', 'unit': 'large', 'ingredient': 'egg yolk'}, {'quantity': '1', 'unit': 'teaspoon', 'ingredient': 'vanilla extract'}, {'quantity': '1', 'unit': 'large', 'ingredient': 'egg, beaten'}, {'quantity': '3', 'unit': 'tablespoons', 'ingredient': 'white sugar'}, {'quantity': '1', 'unit': 'teaspoon', 'ingredient': 'ground cinnamon'}]",1 hr 15 mins,20
https://www.allrecipes.com/recipe/11524/orange-almond-biscotti-ii/,Orange Almond Biscotti,"[{'quantity': '2 ¼', 'unit': 'cups', 'ingredient': 'all-purpose flour'}, {'quantity': '1 ¼', 'unit': 'cups', 'ingredient': 'white sugar'}, {'quantity': '2', 'unit': 'teaspoons', 'ingredient': 'baking powder'}, {'quantity': '1', 'unit': 'pinch', 'ingredient': 'salt'}, {'quantity': '½', 'unit': 'cup', 'ingredient': 'sliced almonds'}, {'quantity': '1', 'unit': 'tablespoon', 'ingredient': 'orange zest'}, {'quantity': '3', 'unit': '', 'ingredient': 'egg, beaten'}, {'quantity': '1', 'unit': 'tablespoon', 'ingredient': 'vegetable oil'}, {'quantity': '¼', 'unit': 'teaspoon', 'ingredient': 'almond extract'}]",50 mins,12
https://www.allrecipes.com/recipe/109894/moms-mandelbrot/,Mom's Mandelbrot,"[{'quantity': '3', 'unit': '', 'ingredient': 'eggs'}, {'quantity': '¾', 'unit': 'cup', 'ingredient': 'vegetable oil'}, {'quantity': '1', 'unit': 'cup', 'ingredient': 'sugar'}, {'quantity': '1', 'unit': 'teaspoon', 'ingredient': 'vanilla extract'}, {'quantity': '3', 'unit': 'cups', 'ingredient': 'all-purpose flour'}, {'quantity': '¼', 'unit': 'teaspoon', 'ingredient': 'salt'}, {'quantity': '1', 'unit': 'teaspoon', 'ingredient': 'baking powder'}, {'quantity': '1', 'unit': 'cup', 'ingredient': 'mini semisweet chocolate chips'}, {'quantity': '1', 'unit': 'cup', 'ingredient': 'coarsely chopped almonds'}]",55 mins,36
https://www.allrecipes.com/recipe/215829/anisette-toast/,Anisette Toast,"[{'quantity': '2 ½', 'unit': 'cups', 'ingredient': 'all-purpose flour'}, {'quantity': '2', 'unit': 'teaspoons', 'ingredient': 'baking powder'}, {'quantity': '¼', 'unit': 'teaspoon', 'ingredient': 'baking soda'}, {'quantity': '¼', 'unit': 'teaspoon', 'ingredient': 'salt'}, {'quantity': '¼', 'unit': 'cup', 'ingredient': 'softened butter'}, {'quantity': '1', 'unit': 'cup', 'ingredient': 'white sugar'}, {'quantity': '3', 'unit': '', 'ingredient': 'eggs'}, {'quantity': '4', 'unit': 'teaspoons', 'ingredient': 'anise extract'}]",1 hr 45 mins,12
https://www.allrecipes.com/recipe/216158/pumpkin-pecan-biscotti/,Pumpkin Pecan Biscotti,"[{'quantity': '2 ¾', 'unit': 'cups', 'ingredient': 'all-purpose flour'}, {'quantity': '¾', 'unit': 'cup', 'ingredient': 'white sugar'}, {'quantity': '½', 'unit': 'cup', 'ingredient': 'brown sugar'}, {'quantity': '1 ½', 'unit': 'teaspoons', 'ingredient': 'baking powder'}, {'quantity': '1', 'unit': 'pinch', 'ingredient': 'salt'}, {'quantity': '1', 'unit': 'teaspoon', 'ingredient': 'ground cinnamon'}, {'quantity': '½', 'unit': 'teaspoon', 'ingredient': 'ground nutmeg'}, {'quantity': '¼', 'unit': 'teaspoon', 'ingredient': 'ground ginger'}, {'quantity': '2', 'unit': '', 'ingredient': 'eggs'}, {'quantity': '½', 'unit': 'cup', 'ingredient': 'pumpkin puree'}, {'quantity': '1', 'unit': 'teaspoon', 'ingredient': 'vanilla extract'}, {'quantity': '¼', 'unit': 'cup', 'ingredient': 'finely chopped pecans'}]",1 hr 30 mins,36
https://www.allrecipes.com/recipe/10158/chocolate-cherry-biscotti/,Chocolate Cherry Biscotti,"[{'quantity': '½', 'unit': 'cup', 'ingredient': 'butter, softened'}, {'quantity': '¾', 'unit': 'cup', 'ingredient': 'white sugar'}, {'quantity': '3', 'unit': '', 'ingredient': 'eggs'}, {'quantity': '2', 'unit': 'teaspoons', 'ingredient': 'almond extract'}, {'quantity': '3', 'unit': 'cups', 'ingredient': 'all-purpose flour'}, {'quantity': '2', 'unit': 'teaspoons', 'ingredient': 'baking powder'}, {'quantity': '½', 'unit': 'cup', 'ingredient': 'chopped candied cherries'}, {'quantity': '½', 'unit': 'cup', 'ingredient': 'mini semi-sweet chocolate chips'}, {'quantity': '½', 'unit': 'cup', 'ingredient': 'chopped white chocolate'}]",1 hr 15 mins,36
https://www.allrecipes.com/recipe/56756/mariettas-white-chocolate-macadamia-biscotti/,Marietta's White Chocolate Macadamia Biscotti,"[{'quantity': '1 ½', 'unit': 'cups', 'ingredient': 'sugar'}, {'quantity': '1', 'unit': 'cup', 'ingredient': 'unsalted butter'}, {'quantity': '4', 'unit': '', 'ingredient': 'eggs'}, {'quantity': '¼', 'unit': 'cup', 'ingredient': 'amaretto liqueur'}, {'quantity': '2', 'unit': 'teaspoons', 'ingredient': 'vanilla extract'}, {'quantity': '4', 'unit': 'cups', 'ingredient': 'all-purpose flour'}, {'quantity': '3', 'unit': 'teaspoons', 'ingredient': 'baking powder'}, {'quantity': '½', 'unit': 'teaspoon', 'ingredient': 'salt'}, {'quantity': '1 ⅓', 'unit': 'cups', 'ingredient': 'chopped macadamia nuts'}, {'quantity': '1 ⅓', 'unit': 'cups', 'ingredient': 'white chocolate chips'}]",1 hr 5 mins,56
https://www.allrecipes.com/recipe/232700/crunchy-almond-biscotti/,Crunchy Almond Biscotti,"[{'quantity': '1', 'unit': 'cup', 'ingredient': 'blanched slivered almonds'}, {'quantity': '3', 'unit': '', 'ingredient': 'large eggs'}, {'quantity': '1 ½', 'unit': 'teaspoons', 'ingredient': 'vanilla extract'}, {'quantity': '1', 'unit': 'teaspoon', 'ingredient': 'almond extract'}, {'quantity': '2 ¼', 'unit': 'cups', 'ingredient': 'all-purpose flour'}, {'quantity': '¾', 'unit': 'cup', 'ingredient': 'white sugar'}, {'quantity': '1', 'unit': 'teaspoon', 'ingredient': 'baking powder'}, {'quantity': '⅛', 'unit': 'teaspoon', 'ingredient': 'salt'}]",2 hrs,28
https://www.allrecipes.com/recipe/220066/amazing-peanut-butter-cup-biscotti/,Amazing Peanut Butter Cup Biscotti,"[{'quantity': '¼', 'unit': 'cup', 'ingredient': 'milk'}, {'quantity': '1 ½', 'unit': 'teaspoons', 'ingredient': 'vanilla extract'}, {'quantity': '3', 'unit': 'cups', 'ingredient': 'all-purpose flour'}, {'quantity': '1', 'unit': 'tablespoon', 'ingredient': 'baking powder'}, {'quantity': '1', 'unit': 'cup', 'ingredient': 'crunchy peanut butter (such as Jif Extra Crunchy)'}, {'quantity': '½', 'unit': 'cup', 'ingredient': 'dark brown sugar'}, {'quantity': '½', 'unit': 'cup', 'ingredient': 'white sugar'}, {'quantity': '3', 'unit': '', 'ingredient': 'eggs'}, {'quantity': '1 ½', 'unit': 'cups', 'ingredient': 'peanut butter chips'}, {'quantity': '1', 'unit': '(12 ounce) bag', 'ingredient': 'semisweet chocolate chips'}]",2 hrs 40 mins,30
https://www.allrecipes.com/recipe/184358/chocolate-chunk-mandel-bread/,Chocolate Chunk Mandel Bread,"[{'quantity': '3', 'unit': 'cups', 'ingredient': 'all-purpose flour'}, {'quantity': '1', 'unit': 'teaspoon', 'ingredient': 'baking powder'}, {'quantity': '¼', 'unit': 'teaspoon', 'ingredient': 'salt'}, {'quantity': '3', 'unit': '', 'ingredient': 'eggs'}, {'quantity': '1', 'unit': 'cup', 'ingredient': 'white sugar'}, {'quantity': '1', 'unit': 'cup', 'ingredient': 'vegetable oil'}, {'quantity': '1', 'unit': 'teaspoon', 'ingredient': 'vanilla extract'}, {'quantity': '2', 'unit': 'tablespoons', 'ingredient': 'orange juice'}, {'quantity': '1', 'unit': 'cup', 'ingredient': 'chocolate chips'}]",2 hrs 10 mins,15
https://www.allrecipes.com/recipe/220979/passover-mandelbread/,Passover Mandelbread,"[{'quantity': '1 ½', 'unit': 'cups', 'ingredient': 'matzo cake meal'}, {'quantity': '1', 'unit': 'cup', 'ingredient': 'white sugar'}, {'quantity': '¾', 'unit': 'cup', 'ingredient': 'potato starch'}, {'quantity': '3', 'unit': '', 'ingredient': 'eggs'}, {'quantity': '¼', 'unit': 'cup', 'ingredient': 'chocolate chips, or to taste (Optional)'}, {'quantity': '¼', 'unit': 'cup', 'ingredient': 'chopped walnuts, or to taste (Optional)'}, {'quantity': '2', 'unit': 'tablespoons', 'ingredient': 'lemon juice'}, {'quantity': '2', 'unit': 'teaspoons', 'ingredient': 'cinnamon sugar, or to taste'}]",1 hr 35 mins,18
https://www.allrecipes.com/recipe/244543/gluten-free-biscotti/,Gluten-Free Biscotti,"[{'quantity': '3', 'unit': '', 'ingredient': 'eggs'}, {'quantity': '1', 'unit': 'cup', 'ingredient': 'white sugar'}, {'quantity': '¾', 'unit': 'cup', 'ingredient': 'vegetable oil'}, {'quantity': '2', 'unit': 'teaspoons', 'ingredient': 'anise seed'}, {'quantity': '1 ½', 'unit': 'cups', 'ingredient': ""gluten-free all-purpose flour mix (such as Bob's Red Mill®)""}, {'quantity': '1 ½', 'unit': 'cups', 'ingredient': 'rice-based flour mix with xanthan gum'}, {'quantity': '2', 'unit': 'teaspoons', 'ingredient': 'baking soda'}, {'quantity': '1', 'unit': 'teaspoon', 'ingredient': 'xanthan gum'}, {'quantity': '½', 'unit': 'teaspoon', 'ingredient': 'salt'}, {'quantity': '1', 'unit': 'cup', 'ingredient': 'chopped almonds'}]",57 mins,48
https://www.allrecipes.com/recipe/10595/brownie-biscotti/,Brownie Biscotti,"[{'quantity': '⅓', 'unit': 'cup', 'ingredient': 'butter, softened'}, {'quantity': '⅔', 'unit': 'cup', 'ingredient': 'white sugar'}, {'quantity': '2', 'unit': '', 'ingredient': 'eggs'}, {'quantity': '1', 'unit': 'teaspoon', 'ingredient': 'vanilla extract'}, {'quantity': '1 ¾', 'unit': 'cups', 'ingredient': 'all-purpose flour'}, {'quantity': '⅓', 'unit': 'cup', 'ingredient': 'unsweetened cocoa powder'}, {'quantity': '2', 'unit': 'teaspoons', 'ingredient': 'baking powder'}, {'quantity': '½', 'unit': 'cup', 'ingredient': 'miniature semisweet chocolate chips'}, {'quantity': '¼', 'unit': 'cup', 'ingredient': 'chopped walnuts'}, {'quantity': '1', 'unit': '', 'ingredient': 'egg yolk, beaten'}, {'quantity': '1', 'unit': 'tablespoon', 'ingredient': 'water'}]",1 hr 55 mins,30
https://www.allrecipes.com/recipe/258029/sinful-chocolate-biscotti/,Sinful Chocolate Biscotti,"[{'quantity': '1', 'unit': 'tablespoon', 'ingredient': 'vanilla extract'}, {'quantity': '1', 'unit': 'tablespoon', 'ingredient': 'instant espresso powder (Optional)'}, {'quantity': '2 ½', 'unit': 'cups', 'ingredient': 'all-purpose flour'}, {'quantity': '¾', 'unit': 'cup', 'ingredient': 'unsweetened cocoa powder'}, {'quantity': '1', 'unit': 'tablespoon', 'ingredient': 'baking powder'}, {'quantity': '½', 'unit': 'teaspoon', 'ingredient': 'salt'}, {'quantity': '1', 'unit': 'cup', 'ingredient': 'mini chocolate chips'}, {'quantity': '1', 'unit': 'cup', 'ingredient': 'white sugar'}, {'quantity': '3', 'unit': '', 'ingredient': 'eggs'}, {'quantity': '½', 'unit': 'cup', 'ingredient': 'vegetable oil'}]",1 hr 12 mins,40
https://www.allrecipes.com/recipe/152952/espresso-biscotti/,Espresso Biscotti,"[{'quantity': '¼', 'unit': 'cup', 'ingredient': 'unsalted butter'}, {'quantity': '¾', 'unit': 'cup', 'ingredient': 'white sugar'}, {'quantity': '3', 'unit': '', 'ingredient': 'eggs'}, {'quantity': '1', 'unit': 'teaspoon', 'ingredient': 'vanilla extract'}, {'quantity': '3 ¼', 'unit': 'cups', 'ingredient': 'pastry flour'}, {'quantity': '1', 'unit': 'teaspoon', 'ingredient': 'ground cinnamon'}, {'quantity': '1', 'unit': 'teaspoon', 'ingredient': 'baking powder'}, {'quantity': '1', 'unit': 'teaspoon', 'ingredient': 'instant espresso powder'}, {'quantity': '2', 'unit': 'teaspoons', 'ingredient': 'grated orange zest'}, {'quantity': '½', 'unit': 'cup', 'ingredient': 'chocolate chips'}, {'quantity': '½', 'unit': 'cup', 'ingredient': 'dried apricots'}, {'quantity': '½', 'unit': 'cup', 'ingredient': 'dried cranberries'}, {'quantity': '½', 'unit': 'cup', 'ingredient': 'slivered almonds'}, {'quantity': '1', 'unit': '', 'ingredient': 'egg white, lightly beaten'}]",1 hr 25 mins,24
https://www.allrecipes.com/recipe/271003/italian-easter-cookies-biscotti/,Italian Easter Cookies (Biscotti),"[{'quantity': '6', 'unit': 'cups', 'ingredient': 'all-purpose flour'}, {'quantity': '6', 'unit': 'teaspoons', 'ingredient': 'baking powder'}, {'quantity': '1', 'unit': 'teaspoon', 'ingredient': 'salt'}, {'quantity': '1', 'unit': 'cup', 'ingredient': 'shortening (such as butter-flavored Crisco®)'}, {'quantity': '1', 'unit': 'cup', 'ingredient': 'white sugar'}, {'quantity': '4', 'unit': 'whole', 'ingredient': 'eggs'}, {'quantity': '2', 'unit': 'teaspoons', 'ingredient': 'anise extract'}, {'quantity': '1', 'unit': 'teaspoon', 'ingredient': 'vanilla extract'}, {'quantity': '1', 'unit': 'cup', 'ingredient': 'milk'}, {'quantity': '1', 'unit': 'cup', 'ingredient': ""confectioners' sugar""}, {'quantity': '2', 'unit': 'teaspoons', 'ingredient': 'anise extract'}, {'quantity': '2', 'unit': 'tablespoons', 'ingredient': 'milk, or as needed'}, {'quantity': '¼', 'unit': 'cup', 'ingredient': 'sprinkles, or as needed'}]",2 hrs 15 mins,72
https://www.allrecipes.com/recipe/11581/anise-walnut-biscotti/,Anise Walnut Biscotti,"[{'quantity': '1', 'unit': 'cup', 'ingredient': 'butter, room temperature'}, {'quantity': '2 ½', 'unit': 'cups', 'ingredient': 'white sugar'}, {'quantity': '2', 'unit': 'teaspoons', 'ingredient': 'vanilla extract'}, {'quantity': '8', 'unit': '', 'ingredient': 'eggs'}, {'quantity': '7', 'unit': 'teaspoons', 'ingredient': 'baking powder'}, {'quantity': '8', 'unit': 'cups', 'ingredient': 'all-purpose flour'}, {'quantity': '2', 'unit': 'teaspoons', 'ingredient': 'anise extract'}, {'quantity': '3', 'unit': 'teaspoons', 'ingredient': 'anise seed'}, {'quantity': '1', 'unit': 'cup', 'ingredient': 'chopped walnuts (Optional)'}, {'quantity': '2', 'unit': '', 'ingredient': 'egg yolks, lightly beaten'}]",1 hr 10 mins,60
https://www.allrecipes.com/recipe/283066/nutella-biscotti/,Nutella® Biscotti,"[{'quantity': '', 'unit': '', 'ingredient': 'cooking spray'}, {'quantity': '2 ½', 'unit': 'cups', 'ingredient': 'all-purpose flour'}, {'quantity': '2', 'unit': 'tablespoons', 'ingredient': 'unsweetened cocoa powder'}, {'quantity': '1', 'unit': 'tablespoon', 'ingredient': 'baking powder'}, {'quantity': '½', 'unit': 'teaspoon', 'ingredient': 'kosher salt'}, {'quantity': '3', 'unit': 'large', 'ingredient': 'eggs'}, {'quantity': '1', 'unit': 'cup', 'ingredient': 'white sugar'}, {'quantity': '⅓', 'unit': 'cup', 'ingredient': 'unsalted butter, melted'}, {'quantity': '1', 'unit': 'teaspoon', 'ingredient': 'vanilla extract'}, {'quantity': '⅓', 'unit': 'cup', 'ingredient': 'chocolate-hazelnut spread (such as Nutella®)'}, {'quantity': '1 ¼', 'unit': 'cups', 'ingredient': 'bittersweet chocolate chips'}, {'quantity': '1', 'unit': 'cup', 'ingredient': 'chopped raw hazelnuts'}, {'quantity': '½', 'unit': 'cup', 'ingredient': 'milk chocolate candy wafers'}]",2 hrs 25 mins,44
https://www.allrecipes.com/recipe/277454/cranberry-walnut-biscotti/,Cranberry-Walnut Biscotti,"[{'quantity': '1', 'unit': 'cup', 'ingredient': 'white sugar'}, {'quantity': '3', 'unit': '', 'ingredient': 'eggs'}, {'quantity': '½', 'unit': 'cup', 'ingredient': 'canola oil'}, {'quantity': '2', 'unit': 'teaspoons', 'ingredient': 'vanilla extract'}, {'quantity': '1', 'unit': 'teaspoon', 'ingredient': 'almond extract'}, {'quantity': '1', 'unit': 'teaspoon', 'ingredient': 'grated orange zest'}, {'quantity': '3 ¼', 'unit': 'cups', 'ingredient': 'all-purpose flour'}, {'quantity': '1', 'unit': 'tablespoon', 'ingredient': 'baking powder'}, {'quantity': '¾', 'unit': 'cup', 'ingredient': 'sweetened dried cranberries'}, {'quantity': '½', 'unit': 'cup', 'ingredient': 'chopped walnuts'}]",1 hr,40
https://www.allrecipes.com/recipe/260105/chocolate-cantucci/,Chocolate Cantucci,"[{'quantity': '1 ¼', 'unit': 'cups', 'ingredient': 'white sugar'}, {'quantity': '3', 'unit': '', 'ingredient': 'eggs'}, {'quantity': '1', 'unit': 'teaspoon', 'ingredient': 'vanilla extract'}, {'quantity': '2 ½', 'unit': 'cups', 'ingredient': 'all-purpose flour'}, {'quantity': '2', 'unit': 'teaspoons', 'ingredient': 'baking powder'}, {'quantity': '¾', 'unit': 'cup', 'ingredient': 'chopped dark chocolate'}]",1 hr 20 mins,20
https://www.allrecipes.com/recipe/260599/pumpkin-biscotti/,Pumpkin Biscotti,"[{'quantity': '2 ½', 'unit': 'cups', 'ingredient': 'all-purpose flour'}, {'quantity': '1', 'unit': 'teaspoon', 'ingredient': 'baking powder'}, {'quantity': '1', 'unit': 'teaspoon', 'ingredient': 'ground cinnamon'}, {'quantity': '½', 'unit': 'teaspoon', 'ingredient': 'ground nutmeg'}, {'quantity': '¼', 'unit': 'teaspoon', 'ingredient': 'salt'}, {'quantity': '⅛', 'unit': 'teaspoon', 'ingredient': 'ground cloves'}, {'quantity': '⅛', 'unit': 'teaspoon', 'ingredient': 'ground ginger'}, {'quantity': '¾', 'unit': 'cup', 'ingredient': 'white sugar'}, {'quantity': '¼', 'unit': 'cup', 'ingredient': 'butter, softened'}, {'quantity': '¼', 'unit': 'cup', 'ingredient': 'brown sugar'}, {'quantity': '2', 'unit': '', 'ingredient': 'eggs'}, {'quantity': '½', 'unit': 'cup', 'ingredient': 'pumpkin puree'}, {'quantity': '2', 'unit': 'tablespoons', 'ingredient': 'molasses'}, {'quantity': '1', 'unit': 'teaspoon', 'ingredient': 'vanilla extract'}, {'quantity': '2', 'unit': 'tablespoons', 'ingredient': 'pumpkin seeds (Optional)'}]",2 hrs 30 mins,20
https://www.allrecipes.com/recipe/270674/easy-mocha-biscotti/,Easy Mocha Biscotti,"[{'quantity': '¾', 'unit': 'cup', 'ingredient': 'granulated sugar'}, {'quantity': '½', 'unit': 'cup', 'ingredient': 'lightly salted butter, softened'}, {'quantity': '2', 'unit': 'large', 'ingredient': 'eggs'}, {'quantity': '2', 'unit': 'cups', 'ingredient': 'all-purpose flour'}, {'quantity': '3', 'unit': 'tablespoons', 'ingredient': 'finely ground coffee'}, {'quantity': '3', 'unit': 'tablespoons', 'ingredient': 'cocoa powder'}, {'quantity': '1 ½', 'unit': 'teaspoons', 'ingredient': 'baking powder'}]",2 hrs 20 mins,12
https://www.allrecipes.com/recipe/170966/banana-rum-biscotti/,Banana Rum Biscotti,"[{'quantity': '3 ½', 'unit': 'cups', 'ingredient': 'all-purpose flour'}, {'quantity': '2', 'unit': 'teaspoons', 'ingredient': 'baking powder'}, {'quantity': '½', 'unit': 'teaspoon', 'ingredient': 'salt'}, {'quantity': '2', 'unit': '', 'ingredient': 'eggs'}, {'quantity': '1', 'unit': 'cup', 'ingredient': 'white sugar'}, {'quantity': '¾', 'unit': 'cup', 'ingredient': 'mashed ripe banana'}, {'quantity': '2', 'unit': 'tablespoons', 'ingredient': 'vegetable oil'}, {'quantity': '1', 'unit': 'tablespoon', 'ingredient': 'rum'}, {'quantity': '½', 'unit': 'cup', 'ingredient': 'toasted, chopped pecans'}]",3 hrs 25 mins,36
https://www.allrecipes.com/recipe/72389/raspberry-lemonade-biscotti/,Raspberry Lemonade Biscotti,"[{'quantity': '¾', 'unit': 'cup', 'ingredient': 'fresh raspberries'}, {'quantity': '2', 'unit': 'tablespoons', 'ingredient': 'white sugar'}, {'quantity': '1', 'unit': 'cup', 'ingredient': 'butter, softened'}, {'quantity': '1 ⅓', 'unit': 'cups', 'ingredient': 'white sugar'}, {'quantity': '3', 'unit': '', 'ingredient': 'eggs'}, {'quantity': '2', 'unit': 'teaspoons', 'ingredient': 'grated lemon zest'}, {'quantity': '4 ¼', 'unit': 'cups', 'ingredient': 'all-purpose flour'}, {'quantity': '1', 'unit': 'teaspoon', 'ingredient': 'baking powder'}, {'quantity': '½', 'unit': 'teaspoon', 'ingredient': 'salt'}]",1 hr 25 mins,42
https://www.allrecipes.com/recipe/230260/authentic-mandelbrot/,Authentic Mandelbrot,"[{'quantity': '1', 'unit': 'cup', 'ingredient': 'whole almonds'}, {'quantity': '½', 'unit': 'cup', 'ingredient': 'butter'}, {'quantity': '½', 'unit': 'cup', 'ingredient': 'white sugar'}, {'quantity': '½', 'unit': 'cup', 'ingredient': 'firmly packed light brown sugar'}, {'quantity': '½', 'unit': 'teaspoon', 'ingredient': 'vanilla extract'}, {'quantity': '½', 'unit': 'teaspoon', 'ingredient': 'almond extract'}, {'quantity': '1', 'unit': 'tablespoon', 'ingredient': 'finely chopped lemon zest'}, {'quantity': '1', 'unit': 'tablespoon', 'ingredient': 'finely chopped orange zest'}, {'quantity': '2', 'unit': '', 'ingredient': 'eggs'}, {'quantity': '2', 'unit': 'cups', 'ingredient': 'all-purpose flour'}, {'quantity': '1 ½', 'unit': 'teaspoons', 'ingredient': 'baking powder'}, {'quantity': '⅛', 'unit': 'teaspoon', 'ingredient': 'salt'}]",2 hrs,12
https://www.allrecipes.com/recipe/155715/cherry-mandlbrodt/,Cherry Mandlbrodt,"[{'quantity': '½', 'unit': 'cup', 'ingredient': 'vegetable oil'}, {'quantity': '1', 'unit': 'cup', 'ingredient': 'white sugar'}, {'quantity': '3', 'unit': '', 'ingredient': 'eggs'}, {'quantity': '3', 'unit': 'cups', 'ingredient': 'all-purpose flour'}, {'quantity': '½', 'unit': 'teaspoon', 'ingredient': 'salt'}, {'quantity': '1', 'unit': 'teaspoon', 'ingredient': 'baking powder'}, {'quantity': '1', 'unit': 'cup', 'ingredient': 'chopped pecans'}, {'quantity': '½', 'unit': 'cup', 'ingredient': 'maraschino cherries, halved'}, {'quantity': '½', 'unit': 'cup', 'ingredient': 'cinnamon sugar'}]",2 hrs 20 mins,24
https://www.allrecipes.com/recipe/245820/anisette-biscotti/,Anisette Biscotti,"[{'quantity': '1', 'unit': 'cup', 'ingredient': 'white sugar'}, {'quantity': '3', 'unit': '', 'ingredient': 'eggs'}, {'quantity': '1', 'unit': 'cup', 'ingredient': 'chopped walnuts'}, {'quantity': '½', 'unit': 'cup', 'ingredient': 'vegetable oil'}, {'quantity': '2', 'unit': 'tablespoons', 'ingredient': 'anisette liqueur'}, {'quantity': '2', 'unit': 'tablespoons', 'ingredient': 'brandy'}, {'quantity': '1', 'unit': 'tablespoon', 'ingredient': 'anise seeds'}, {'quantity': '2 ¾', 'unit': 'cups', 'ingredient': 'all-purpose flour'}, {'quantity': '1 ½', 'unit': 'teaspoons', 'ingredient': 'baking powder'}]",3 hrs 51 mins,28
https://www.allrecipes.com/recipe/238409/chocolate-dipped-pistachio-biscotti/,Chocolate-Dipped Pistachio Biscotti,"[{'quantity': '', 'unit': '', 'ingredient': 'Reynolds® Parchment Paper'}, {'quantity': '¾', 'unit': 'cup', 'ingredient': 'granulated sugar'}, {'quantity': '5', 'unit': 'tablespoons', 'ingredient': 'butter, melted and cooled'}, {'quantity': '1', 'unit': 'tablespoon', 'ingredient': 'vanilla'}, {'quantity': '1', 'unit': 'teaspoon', 'ingredient': 'baking powder'}, {'quantity': '½', 'unit': 'teaspoon', 'ingredient': 'salt'}, {'quantity': '2', 'unit': 'large', 'ingredient': 'eggs'}, {'quantity': '2', 'unit': '', 'ingredient': 'egg whites'}, {'quantity': '1', 'unit': 'cup', 'ingredient': 'snipped dried apricots'}, {'quantity': '1 ¾', 'unit': 'cups', 'ingredient': 'dry-roasted pistachio nuts, chopped and divided'}, {'quantity': '2', 'unit': 'cups', 'ingredient': 'all-purpose flour'}, {'quantity': '½', 'unit': 'cup', 'ingredient': 'cornmeal'}, {'quantity': '12', 'unit': 'ounces', 'ingredient': 'bittersweet chocolate, chopped'}, {'quantity': '1', 'unit': 'tablespoon', 'ingredient': 'shortening'}]",1 hr 27 mins,60
https://www.allrecipes.com/recipe/230491/shorecooks-chocolate-peppermint-biscotti/,Shorecook's Chocolate Peppermint Biscotti,"[{'quantity': '2', 'unit': 'cups', 'ingredient': 'white sugar'}, {'quantity': '1', 'unit': 'cup', 'ingredient': 'butter, softened'}, {'quantity': '1', 'unit': 'cup', 'ingredient': 'unsweetened cocoa powder'}, {'quantity': '4', 'unit': '', 'ingredient': 'eggs'}, {'quantity': '⅓', 'unit': 'cup', 'ingredient': 'chocolate liqueur (such as Godiva®)'}, {'quantity': '2', 'unit': 'teaspoons', 'ingredient': 'peppermint extract'}, {'quantity': '4 ½', 'unit': 'cups', 'ingredient': 'all-purpose flour'}, {'quantity': '4', 'unit': 'teaspoons', 'ingredient': 'baking powder'}, {'quantity': '¾', 'unit': 'teaspoon', 'ingredient': 'salt'}, {'quantity': '1 ⅔', 'unit': 'cups', 'ingredient': ""mint chocolate chips (such as Hershey's®)""}, {'quantity': '2', 'unit': '(14 ounce) packages', 'ingredient': ""white candy melts (confectioners' coating)""}, {'quantity': '6', 'unit': '', 'ingredient': 'large peppermint candy canes, crushed'}]",2 hrs 50 mins,32
https://www.allrecipes.com/recipe/72388/nutty-pina-colada-biscotti/,Nutty Pina Colada Biscotti,"[{'quantity': '4 ¼', 'unit': 'cups', 'ingredient': 'all-purpose flour'}, {'quantity': '1', 'unit': 'teaspoon', 'ingredient': 'baking powder'}, {'quantity': '½', 'unit': 'teaspoon', 'ingredient': 'salt'}, {'quantity': '1', 'unit': 'cup', 'ingredient': 'butter, softened'}, {'quantity': '1 ½', 'unit': 'cups', 'ingredient': 'white sugar'}, {'quantity': '3', 'unit': '', 'ingredient': 'eggs'}, {'quantity': '2', 'unit': 'tablespoons', 'ingredient': 'rum'}, {'quantity': '2', 'unit': 'tablespoons', 'ingredient': 'pineapple juice'}, {'quantity': '1 ½', 'unit': 'teaspoons', 'ingredient': 'coconut extract'}, {'quantity': '1', 'unit': 'cup', 'ingredient': 'shelled pistachio nuts'}, {'quantity': '½', 'unit': 'cup', 'ingredient': 'chopped dried pineapple'}, {'quantity': '½', 'unit': 'cup', 'ingredient': 'sweetened flaked coconut'}]",1 hr 1 mins,42
https://www.allrecipes.com/recipe/245711/mariettas-butterscotch-bourbon-biscotti/,Marietta's Butterscotch Bourbon Biscotti,"[{'quantity': '1', 'unit': 'cup', 'ingredient': 'white sugar'}, {'quantity': '3', 'unit': '', 'ingredient': 'large eggs'}, {'quantity': '½', 'unit': 'cup', 'ingredient': 'unsalted butter, softened'}, {'quantity': '¼', 'unit': 'cup', 'ingredient': 'bourbon whiskey'}, {'quantity': '1', 'unit': 'teaspoon', 'ingredient': 'vanilla extract'}, {'quantity': '3', 'unit': 'cups', 'ingredient': 'all-purpose flour, plus more for dusting'}, {'quantity': '1', 'unit': 'tablespoon', 'ingredient': 'baking powder'}, {'quantity': '1', 'unit': 'cup', 'ingredient': 'coarsely chopped butterscotch chips'}, {'quantity': '¾', 'unit': 'cup', 'ingredient': 'coarsely chopped pecans'}, {'quantity': '1', 'unit': '', 'ingredient': 'egg, beaten (for egg wash)'}]",1 hr 20 mins,24
https://www.allrecipes.com/recipe/266186/chocolate-fig-biscotti/,Chocolate Fig Biscotti,"[{'quantity': '', 'unit': '', 'ingredient': 'cooking spray'}, {'quantity': '3 ¼', 'unit': 'cups', 'ingredient': 'all-purpose flour'}, {'quantity': '2 ½', 'unit': 'teaspoons', 'ingredient': 'baking powder'}, {'quantity': '½', 'unit': 'cup', 'ingredient': 'butter, softened'}, {'quantity': '¾', 'unit': 'cup', 'ingredient': 'light brown sugar'}, {'quantity': '¼', 'unit': 'cup', 'ingredient': 'white sugar'}, {'quantity': '7', 'unit': '', 'ingredient': 'egg whites, divided'}, {'quantity': '¾', 'unit': 'cup', 'ingredient': 'chocolate chips, or more to taste'}, {'quantity': '1', 'unit': 'teaspoon', 'ingredient': 'vanilla extract'}, {'quantity': '1', 'unit': 'cup', 'ingredient': 'chopped dried figs'}, {'quantity': '1', 'unit': 'pinch', 'ingredient': 'ground cinnamon'}]",1 hr 25 mins,30
https://www.allrecipes.com/recipe/10170/chocolate-nut-biscotti/,Chocolate Nut Biscotti,"[{'quantity': '2', 'unit': 'cups', 'ingredient': 'all-purpose flour'}, {'quantity': '1 ½', 'unit': 'teaspoons', 'ingredient': 'baking powder'}, {'quantity': '¼', 'unit': 'teaspoon', 'ingredient': 'salt'}, {'quantity': '½', 'unit': 'cup', 'ingredient': 'butter, softened'}, {'quantity': '¾', 'unit': 'cup', 'ingredient': 'white sugar'}, {'quantity': '2', 'unit': '', 'ingredient': 'eggs'}, {'quantity': '1', 'unit': 'teaspoon', 'ingredient': 'vanilla extract'}, {'quantity': '1', 'unit': '(4 ounce) package', 'ingredient': 'bittersweet chocolate bar with almond nougat, chopped'}, {'quantity': '1', 'unit': 'cup', 'ingredient': 'chopped hazelnuts'}]",,18
https://www.allrecipes.com/recipe/274938/white-chocolate-biscotti/,White Chocolate Biscotti,"[{'quantity': '1 ½', 'unit': 'cups', 'ingredient': 'sugar'}, {'quantity': '½', 'unit': 'cup', 'ingredient': 'butter, plus more for greasing'}, {'quantity': '2', 'unit': '', 'ingredient': 'eggs'}, {'quantity': '2 ¾', 'unit': 'cups', 'ingredient': 'all-purpose flour, plus more for dusting'}, {'quantity': '¾', 'unit': 'cup', 'ingredient': 'chopped toasted almonds'}, {'quantity': '¾', 'unit': 'cup', 'ingredient': 'chopped dried apricots'}, {'quantity': '¼', 'unit': 'cup', 'ingredient': 'orange juice'}, {'quantity': '3', 'unit': '(1 ounce) squares', 'ingredient': 'white chocolate, melted and cooled'}, {'quantity': '3', 'unit': '(1 ounce) squares', 'ingredient': 'white chocolate, chopped'}, {'quantity': '2 ½', 'unit': 'teaspoons', 'ingredient': 'baking powder'}, {'quantity': '1', 'unit': 'teaspoon', 'ingredient': 'salt'}, {'quantity': '1', 'unit': 'teaspoon', 'ingredient': 'almond extract'}]",1 hr 5 mins,40
https://www.allrecipes.com/recipe/218742/cinnamon-biscotti-with-pistachios/,Cinnamon Biscotti with Pistachios,"[{'quantity': '2 ¼', 'unit': 'cups', 'ingredient': 'all-purpose flour'}, {'quantity': '1 ½', 'unit': 'teaspoons', 'ingredient': 'baking powder'}, {'quantity': '½', 'unit': 'teaspoon', 'ingredient': 'salt'}, {'quantity': '1', 'unit': 'teaspoon', 'ingredient': 'ground cinnamon'}, {'quantity': '¼', 'unit': 'teaspoon', 'ingredient': 'ground cloves'}, {'quantity': '½', 'unit': 'cup', 'ingredient': 'butter at room temperature'}, {'quantity': '1', 'unit': 'cup', 'ingredient': 'white sugar'}, {'quantity': '2', 'unit': '', 'ingredient': 'eggs'}, {'quantity': '1', 'unit': 'teaspoon', 'ingredient': 'vanilla extract'}, {'quantity': '1', 'unit': 'cup', 'ingredient': 'cinnamon baking chips'}, {'quantity': '1', 'unit': 'cup', 'ingredient': 'shelled pistachio nuts'}, {'quantity': '1', 'unit': '', 'ingredient': 'egg white, beaten'}]",1 hr 30 mins,36
https://www.allrecipes.com/recipe/277341/christmas-biscotti/,Christmas Biscotti,"[{'quantity': '2', 'unit': 'cups', 'ingredient': 'all-purpose flour'}, {'quantity': '1', 'unit': 'teaspoon', 'ingredient': 'baking powder'}, {'quantity': '¼', 'unit': 'teaspoon', 'ingredient': 'baking soda'}, {'quantity': '¼', 'unit': 'teaspoon', 'ingredient': 'salt'}, {'quantity': '⅔', 'unit': 'cup', 'ingredient': 'white sugar'}, {'quantity': '½', 'unit': 'cup', 'ingredient': 'butter'}, {'quantity': '2', 'unit': 'large', 'ingredient': 'eggs'}, {'quantity': '½', 'unit': 'teaspoon', 'ingredient': 'orange oil'}, {'quantity': '½', 'unit': 'teaspoon', 'ingredient': 'vanilla extract'}, {'quantity': '½', 'unit': 'cup', 'ingredient': 'white chocolate chips'}, {'quantity': '½', 'unit': 'cup', 'ingredient': 'dried cranberries'}, {'quantity': '½', 'unit': 'cup', 'ingredient': 'coarsely chopped pecans'}]",1 hr 5 mins,24
https://www.allrecipes.com/recipe/203247/simple-double-chocolate-biscotti/,Simple Double Chocolate Biscotti,"[{'quantity': '2', 'unit': 'cups', 'ingredient': 'all-purpose flour'}, {'quantity': '½', 'unit': 'teaspoon', 'ingredient': 'salt'}, {'quantity': '½', 'unit': 'cup', 'ingredient': 'unsweetened cocoa powder'}, {'quantity': '2', 'unit': 'teaspoons', 'ingredient': 'baking powder'}, {'quantity': '½', 'unit': 'teaspoon', 'ingredient': 'ground cinnamon'}, {'quantity': '1', 'unit': 'teaspoon', 'ingredient': 'instant coffee granules'}, {'quantity': '½', 'unit': 'cup', 'ingredient': 'butter, softened'}, {'quantity': '¾', 'unit': 'cup', 'ingredient': 'white sugar'}, {'quantity': '2', 'unit': '', 'ingredient': 'eggs'}, {'quantity': '1', 'unit': 'teaspoon', 'ingredient': 'vanilla extract'}, {'quantity': '½', 'unit': 'cup', 'ingredient': 'miniature semisweet chocolate chips'}, {'quantity': '½', 'unit': 'cup', 'ingredient': 'chopped walnuts'}, {'quantity': '1', 'unit': '', 'ingredient': 'egg yolk'}, {'quantity': '1', 'unit': 'tablespoon', 'ingredient': 'water'}]",1 hr 10 mins,35
https://www.allrecipes.com/recipe/18070/chocolate-chocolate-biscotti/,Chocolate Chocolate Biscotti,"[{'quantity': '1', 'unit': 'cup', 'ingredient': 'white sugar'}, {'quantity': '¼', 'unit': 'cup', 'ingredient': 'margarine, softened'}, {'quantity': '¼', 'unit': 'cup', 'ingredient': 'olive oil'}, {'quantity': '1', 'unit': 'teaspoon', 'ingredient': 'vanilla extract'}, {'quantity': '¾', 'unit': 'cup', 'ingredient': 'liquid egg substitute'}, {'quantity': '2 ¼', 'unit': 'cups', 'ingredient': 'all-purpose flour'}, {'quantity': '1 ¼', 'unit': 'cups', 'ingredient': 'unsweetened cocoa powder'}, {'quantity': '2', 'unit': 'teaspoons', 'ingredient': 'baking powder'}, {'quantity': '1', 'unit': '(5 ounce)', 'ingredient': 'milk chocolate candy bar, chopped'}]",1 hr 15 mins,24
https://www.allrecipes.com/recipe/19240/double-chocolate-biscotti-ii/,Double Chocolate Biscotti II,"[{'quantity': '1', 'unit': 'cup', 'ingredient': 'white sugar'}, {'quantity': '¼', 'unit': 'cup', 'ingredient': 'olive oil'}, {'quantity': '¼', 'unit': 'cup', 'ingredient': 'margarine'}, {'quantity': '¾', 'unit': 'cup', 'ingredient': 'egg substitute'}, {'quantity': '1', 'unit': 'teaspoon', 'ingredient': 'vanilla extract'}, {'quantity': '2 ½', 'unit': 'cups', 'ingredient': 'all-purpose flour'}, {'quantity': '1 ⅛', 'unit': 'cups', 'ingredient': 'unsweetened cocoa powder'}, {'quantity': '2', 'unit': 'teaspoons', 'ingredient': 'baking powder'}, {'quantity': '1', 'unit': '(5 ounce)', 'ingredient': 'milk chocolate candy bar, chopped'}]",1 hr 10 mins,24
https://www.allrecipes.com/recipe/245143/mrs-ps-biscotti/,Mrs. P's Biscotti,"[{'quantity': '1', 'unit': 'cup', 'ingredient': 'white sugar'}, {'quantity': '¼', 'unit': 'cup', 'ingredient': 'softened butter'}, {'quantity': '3', 'unit': '', 'ingredient': 'eggs'}, {'quantity': '1', 'unit': '', 'ingredient': 'egg yolk'}, {'quantity': '1 ½', 'unit': 'teaspoons', 'ingredient': 'vanilla extract'}, {'quantity': '2 ½', 'unit': 'cups', 'ingredient': 'all-purpose flour'}, {'quantity': '2', 'unit': 'teaspoons', 'ingredient': 'baking powder'}]",1 hr 15 mins,40
https://www.allrecipes.com/recipe/254759/buckwheat-lavender-biscotti/,Buckwheat Lavender Biscotti,"[{'quantity': '', 'unit': '', 'ingredient': 'cooking spray'}, {'quantity': '2', 'unit': 'cups', 'ingredient': 'buckwheat flour'}, {'quantity': '1', 'unit': 'cup', 'ingredient': 'white sugar'}, {'quantity': '¾', 'unit': 'cup', 'ingredient': 'brown rice flour'}, {'quantity': '½', 'unit': 'cup', 'ingredient': 'potato flour'}, {'quantity': '2', 'unit': 'tablespoons', 'ingredient': 'crushed lavender'}, {'quantity': '1', 'unit': 'tablespoon', 'ingredient': 'vanilla powder'}, {'quantity': '1', 'unit': 'tablespoon', 'ingredient': 'baking powder'}, {'quantity': '4', 'unit': '', 'ingredient': 'eggs, beaten'}, {'quantity': '¼', 'unit': 'cup', 'ingredient': 'canola oil'}, {'quantity': '1', 'unit': '', 'ingredient': 'egg white'}]",1 hr 5 mins,18
https://www.allrecipes.com/recipe/230019/cherry-almond-biscotti/,Cherry Almond Biscotti,"[{'quantity': '1 ¾', 'unit': 'cups', 'ingredient': 'dried cherries'}, {'quantity': '½', 'unit': 'cup', 'ingredient': 'amaretto liqueur'}, {'quantity': '3', 'unit': 'cups', 'ingredient': 'all-purpose flour'}, {'quantity': '2', 'unit': 'teaspoons', 'ingredient': 'baking powder'}, {'quantity': '½', 'unit': 'teaspoon', 'ingredient': 'salt'}, {'quantity': '¼', 'unit': 'cup', 'ingredient': 'butter, softened'}, {'quantity': '1', 'unit': 'cup', 'ingredient': 'white sugar'}, {'quantity': '3', 'unit': '', 'ingredient': 'eggs'}, {'quantity': '2', 'unit': 'teaspoons', 'ingredient': 'vanilla extract'}, {'quantity': '¾', 'unit': 'cup', 'ingredient': 'chopped blanched almonds'}, {'quantity': '1', 'unit': '', 'ingredient': 'egg, beaten'}, {'quantity': '3', 'unit': 'tablespoons', 'ingredient': 'white sugar, divided'}]",1 hr 40 mins,32
https://www.allrecipes.com/recipe/9793/anise-biscotti/,Anise Biscotti,"[{'quantity': '2', 'unit': 'cups', 'ingredient': 'white sugar'}, {'quantity': '1', 'unit': 'cup', 'ingredient': 'butter, softened'}, {'quantity': '4', 'unit': '', 'ingredient': 'eggs'}, {'quantity': '4 ½', 'unit': 'cups', 'ingredient': 'all-purpose flour'}, {'quantity': '4', 'unit': 'teaspoons', 'ingredient': 'baking powder'}, {'quantity': '¾', 'unit': 'teaspoon', 'ingredient': 'salt'}, {'quantity': '⅓', 'unit': 'cup', 'ingredient': 'brandy'}, {'quantity': '1 ½', 'unit': 'teaspoons', 'ingredient': 'anise extract'}, {'quantity': '1', 'unit': 'teaspoon', 'ingredient': 'vanilla extract'}, {'quantity': '1', 'unit': 'cup', 'ingredient': 'almonds'}, {'quantity': '2', 'unit': 'tablespoons', 'ingredient': 'anise seed'}]",1 hr 40 mins,60
https://www.allrecipes.com/3-ingredient-sausage-biscuits-recipe-11708055,3 Ingredient Sausage Biscuits,"[{'quantity': '1 (', 'unit': '16.3 ounce) can', 'ingredient': 'refrigerated biscuits, such as Pillsbury Grands'}, {'quantity': '8', 'unit': None, 'ingredient': 'breakfast sausage patties'}, {'quantity': '8', 'unit': 'Tablespoonsgrape jelly or other filling of choice, e.g. strawberry preserves, shreeded cheese, or scrambled eggs', 'ingredient': 'grape jelly or other filling of choice, e.g. strawberry preserves, shreeded cheese, or scrambled eggs'}]",17 mins,8
https://www.allrecipes.com/country-ham-and-biscuits-recipe-8707673,Country Ham and Biscuits,"[{'quantity': '1/4', 'unit': 'cup', 'ingredient': 'shortening'}, {'quantity': '3', 'unit': 'cups', 'ingredient': 'flour'}, {'quantity': '1', 'unit': 'tablespoon', 'ingredient': 'sugar'}, {'quantity': '1', 'unit': 'tablespoon', 'ingredient': 'baking powder'}, {'quantity': '1/2', 'unit': 'teaspoon', 'ingredient': 'salt'}, {'quantity': '1/2', 'unit': 'teaspoon', 'ingredient': 'cream of tartar'}, {'quantity': '1/2', 'unit': 'cup', 'ingredient': 'butter'}, {'quantity': '1 1/4', 'unit': 'cups', 'ingredient': 'whole buttermilk'}, {'quantity': '1', 'unit': 'teaspoon', 'ingredient': 'bacon grease'}, {'quantity': '3', 'unit': 'slices', 'ingredient': 'country ham'}, {'quantity': None, 'unit': None, 'ingredient': 'softened butter, for serving'}]",45 mins,6 servings
https://www.allrecipes.com/cream-cheese-biscuits-recipe-8687110,Cream Cheese Biscuits,"[{'quantity': '4', 'unit': 'cups', 'ingredient': 'all-purpose flour, plus more for work surface'}, {'quantity': '2', 'unit': 'tablespoons', 'ingredient': 'white sugar'}, {'quantity': '2', 'unit': 'tablespoons', 'ingredient': 'baking powder'}, {'quantity': '2', 'unit': 'teaspoons', 'ingredient': 'kosher salt'}, {'quantity': '3/4', 'unit': 'teaspoon', 'ingredient': 'baking soda'}, {'quantity': '1/2', 'unit': 'cup', 'ingredient': 'unsalted butter'}, {'quantity': '4', 'unit': 'ounces cold', 'ingredient': 'cream cheese'}, {'quantity': '1 1/2', 'unit': 'cups', 'ingredient': 'whole buttermilk'}]",30 mins,12
https://www.allrecipes.com/herby-ricotta-biscuits-recipe-8347357,Herby Ricotta Biscuits,"[{'quantity': '2 1/4', 'unit': 'cups', 'ingredient': 'flour'}, {'quantity': '1', 'unit': 'tablespoon', 'ingredient': 'baking powder'}, {'quantity': '1', 'unit': 'teaspoon', 'ingredient': 'baking soda'}, {'quantity': '1', 'unit': 'teaspoon', 'ingredient': 'sea salt'}, {'quantity': '1 stick (8', 'unit': 'tablespoons) very cold', 'ingredient': 'butter'}, {'quantity': '3/4', 'unit': 'cup', 'ingredient': 'full-fat ricotta cheese'}, {'quantity': '1/2', 'unit': 'cup', 'ingredient': 'water'}, {'quantity': '1/4', 'unit': 'up', 'ingredient': 'fresh herbs'}, {'quantity': '1/2', 'unit': 'teaspoon', 'ingredient': 'lemon zest'}, {'quantity': '2', 'unit': 'tablespoons', 'ingredient': 'butter'}, {'quantity': '2', 'unit': 'tablespoons', 'ingredient': 'grated Parmesan cheese'}]",40 mins,14
https://www.allrecipes.com/iced-dried-cherry-biscuits-recipe-8364196,Iced Dried Cherry Biscuits,"[{'quantity': '2 1/4', 'unit': 'cups', 'ingredient': 'flour, plus more for rolling'}, {'quantity': '3/4', 'unit': 'cup', 'ingredient': 'dried cherries'}, {'quantity': '2', 'unit': 'tablespoons', 'ingredient': 'white sugar'}, {'quantity': '1', 'unit': 'tablespoon', 'ingredient': 'baking powder'}, {'quantity': '1 1/2', 'unit': 'teaspoons', 'ingredient': 'orange zest, plus more for garnish'}, {'quantity': '1', 'unit': 'teaspoon', 'ingredient': 'baking soda'}, {'quantity': '1', 'unit': 'teaspoon', 'ingredient': 'sea salt'}, {'quantity': None, 'unit': 'stick (8 tablespoons)', 'ingredient': 'butter'}, {'quantity': '3/4', 'unit': 'cup', 'ingredient': 'Greek-style yogurt'}, {'quantity': '1/2', 'unit': 'cup', 'ingredient': 'orange juice, or more as needed'}, {'quantity': '1', 'unit': 'cup sifted', 'ingredient': 'powdered sugar'}, {'quantity': '5', 'unit': 'teaspoons', 'ingredient': 'whole milk'}, {'quantity': '1/8', 'unit': 'teaspoon', 'ingredient': 'sea salt'}]",45 mins,14
https://www.allrecipes.com/rotel-biscuit-bombs-recipe-8559227,Rotel Biscuit Bombs,"[{'quantity': '1', 'unit': 'tablespoon', 'ingredient': 'oil'}, {'quantity': '1/2', 'unit': 'cup', 'ingredient': 'chopped white onion'}, {'quantity': '1/2', 'unit': 'lb', 'ingredient': 'ground sirloin'}, {'quantity': '1', 'unit': 'tablespoons', 'ingredient': 'low sodium taco seasoning, plus more for garnish'}, {'quantity': '1/2', 'unit': '(10-ounce)', 'ingredient': 'diced tomatoes with green chiles'}, {'quantity': '4', 'unit': 'ounces', 'ingredient': 'merican cheese'}, {'quantity': '2', 'unit': 'ounce) cans', 'ingredient': 'refrigerated biscuits, cold'}, {'quantity': '4', 'unit': 'tablespoons', 'ingredient': 'unsalted butter, melted'}, {'quantity': None, 'unit': None, 'ingredient': 'taco sauce for dipping (optional)'}]",1 hr 15 mins,16
https://www.allrecipes.com/sweet-potato-sage-biscuits-recipe-8347363,Sweet Potato Sage Biscuits,"[{'quantity': '1 (8', 'unit': 'ounce)', 'ingredient': 'sweet potato'}, {'quantity': '2 1/4', 'unit': 'cups', 'ingredient': 'all-purpose flour'}, {'quantity': '2', 'unit': 'tablespoons', 'ingredient': 'fresh sage'}, {'quantity': '1', 'unit': 'tablespoon', 'ingredient': 'baking powder'}, {'quantity': '1', 'unit': 'teaspoon', 'ingredient': 'baking soda'}, {'quantity': '1', 'unit': 'teaspoon', 'ingredient': 'sea salt'}, {'quantity': '1 stick (8', 'unit': 'tablespoons) very cold', 'ingredient': 'butter'}, {'quantity': '1/2', 'unit': 'cup', 'ingredient': 'yogurt'}, {'quantity': '1/4', 'unit': 'cup', 'ingredient': 'whole milk'}, {'quantity': '1/4', 'unit': 'cup', 'ingredient': 'honey'}, {'quantity': '2', 'unit': 'tablespoons', 'ingredient': 'butter'}, {'quantity': '1/2', 'unit': 'teaspoon', 'ingredient': 'sea salt'}]",46 mins,18
https://www.allrecipes.com/classic-biscuits-recipe-8347321,Classic Biscuits,"[{'quantity': '2 1/4', 'unit': 'cups', 'ingredient': 'flour, plus more for rolling'}, {'quantity': '1', 'unit': 'tablespoon', 'ingredient': 'baking powder'}, {'quantity': '1', 'unit': 'teaspoon', 'ingredient': 'baking soda'}, {'quantity': '1', 'unit': 'teaspoon', 'ingredient': 'sea salt'}, {'quantity': '8', 'unit': 'tablespoons)', 'ingredient': 'butter'}, {'quantity': '3/4', 'unit': 'cup', 'ingredient': 'yogurt'}, {'quantity': '1/2', 'unit': 'cup', 'ingredient': 'water'}, {'quantity': '2', 'unit': 'tablespoons', 'ingredient': 'butter'}, {'quantity': '1/2', 'unit': 'teaspoon', 'ingredient': 'sea salt'}]",45 mins,14
https://www.allrecipes.com/parmesan-chive-biscuits-recipe-7505885,Parmesan Chive Biscuits,"[{'quantity': '1', 'unit': 'cup', 'ingredient': 'all-purpose flour'}, {'quantity': '1/2', 'unit': 'cup', 'ingredient': 'shredded Parmesan cheese'}, {'quantity': '2', 'unit': 'tablespoons', 'ingredient': 'chives'}, {'quantity': '1', 'unit': 'teaspoon', 'ingredient': 'baking powder'}, {'quantity': '1/2', 'unit': 'teaspoon', 'ingredient': 'salt'}, {'quantity': '1/4', 'unit': 'teaspoon', 'ingredient': 'baking soda'}, {'quantity': '1/4', 'unit': 'teaspoon', 'ingredient': 'ground black pepper'}, {'quantity': '1/3', 'unit': 'cup', 'ingredient': 'sour cream'}, {'quantity': '1/4 cup plus 1', 'unit': 'tablespoon', 'ingredient': 'milk'}, {'quantity': '2', 'unit': 'tablespoons', 'ingredient': 'unsalted butter, melted,'}]",30 mins,6
https://www.allrecipes.com/strawberry-biscuits-recipe-7564428,Strawberry Biscuits,"[{'quantity': '1 2/3', 'unit': 'cups', 'ingredient': 'flour'}, {'quantity': '1/4', 'unit': 'cup', 'ingredient': 'sugar'}, {'quantity': '1', 'unit': 'tablespoon', 'ingredient': 'baking powder'}, {'quantity': '1/4', 'unit': 'teaspoon', 'ingredient': 'salt'}, {'quantity': '3/4', 'unit': 'cup', 'ingredient': 'butter, frozen'}, {'quantity': '1', 'unit': 'cup', 'ingredient': 'strawberries'}, {'quantity': '2/3', 'unit': 'cup', 'ingredient': 'buttermilk'}, {'quantity': '1', 'unit': 'teaspoon', 'ingredient': 'vanilla extract'}, {'quantity': '1', 'unit': 'tablespoon', 'ingredient': 'heavy cream'}, {'quantity': '2', 'unit': 'tablespoons', 'ingredient': 'sugar'}, {'quantity': '1/2', 'unit': 'cup', 'ingredient': ""confectioner's sugar""}, {'quantity': '1', 'unit': 'tablespoon', 'ingredient': 'milk'}]",30 mins,8
https://www.allrecipes.com/honey-biscuits-recipe-7372647,Honey Biscuits,"[{'quantity': '2', 'unit': 'cups', 'ingredient': 'all-purpose flour'}, {'quantity': '1', 'unit': 'tablespoon', 'ingredient': 'baking powder'}, {'quantity': '3/4', 'unit': 'teaspoon', 'ingredient': 'kosher salt'}, {'quantity': '1/2', 'unit': 'cup', 'ingredient': 'butter, cut into 1/4-inch pieces'}, {'quantity': '3/4', 'unit': 'cup', 'ingredient': 'buttermilk'}, {'quantity': '2', 'unit': 'tablespoons', 'ingredient': 'honey'}]",30 mins,10
https://www.allrecipes.com/strawberry-rhubarb-drop-biscuits-recipe-7495124,Strawberry Rhubarb Drop Biscuits,"[{'quantity': '1 1/4', 'unit': 'cups', 'ingredient': 'rhubarb'}, {'quantity': '1 1/4', 'unit': 'cups', 'ingredient': 'strawberries'}, {'quantity': '2', 'unit': 'tablespoons', 'ingredient': 'white sugar'}, {'quantity': '2', 'unit': 'cups', 'ingredient': 'all-purpose flour'}, {'quantity': '2 1/2', 'unit': 'teaspoons', 'ingredient': 'baking powder'}, {'quantity': '1/2', 'unit': 'teaspoon', 'ingredient': 'baking soda'}, {'quantity': '1/2', 'unit': 'teaspoon', 'ingredient': 'salt'}, {'quantity': '1', 'unit': 'stick', 'ingredient': 'unsalted butter'}, {'quantity': '1/4', 'unit': 'cup', 'ingredient': 'white sugar'}, {'quantity': '2', 'unit': 'tablespoons', 'ingredient': 'fruit syrup'}, {'quantity': '3/4', 'unit': 'cup', 'ingredient': 'buttermilk'}, {'quantity': '1', 'unit': 'large', 'ingredient': 'egg (optional)'}, {'quantity': '2', 'unit': 'teaspoons', 'ingredient': 'water (optional)'}, {'quantity': '1/3', 'unit': 'cup', 'ingredient': 'powdered sugar'}, {'quantity': '1', 'unit': 'teaspoon', 'ingredient': 'lemon zest'}, {'quantity': '2', 'unit': 'teaspoons', 'ingredient': 'lemon juice'}]",1 hr 45 mins,10
https://www.allrecipes.com/recipe/20075/basic-biscuits/,Basic Biscuits,"[{'quantity': '2', 'unit': 'cups', 'ingredient': 'all-purpose flour'}, {'quantity': '1', 'unit': 'tablespoon', 'ingredient': 'baking powder'}, {'quantity': '½', 'unit': 'teaspoon', 'ingredient': 'salt'}, {'quantity': '½', 'unit': 'cup', 'ingredient': 'shortening'}, {'quantity': '¾', 'unit': 'cup', 'ingredient': 'cold milk'}]",25 mins,10
https://www.allrecipes.com/recipe/260622/red-lobster-cheddar-biscuits/,Red Lobster Cheddar Biscuits,"[{'quantity': '2', 'unit': 'cups', 'ingredient': 'all-purpose flour'}, {'quantity': '1', 'unit': 'cup', 'ingredient': 'shredded Cheddar cheese'}, {'quantity': '1', 'unit': 'tablespoon', 'ingredient': 'baking powder'}, {'quantity': '1', 'unit': 'teaspoon', 'ingredient': 'salt'}, {'quantity': '½', 'unit': 'teaspoon', 'ingredient': 'garlic powder'}, {'quantity': '⅔', 'unit': 'cup', 'ingredient': 'milk'}, {'quantity': '⅓', 'unit': 'cup', 'ingredient': 'butter, softened and cut into pieces'}, {'quantity': '1', 'unit': 'large', 'ingredient': 'egg'}, {'quantity': '2', 'unit': 'tablespoons', 'ingredient': 'butter, melted'}, {'quantity': '2', 'unit': 'teaspoons', 'ingredient': 'dried parsley (Optional)'}, {'quantity': '1', 'unit': 'teaspoon', 'ingredient': 'garlic powder (Optional)'}]",25 mins,12
https://www.allrecipes.com/recipe/8528589/pepper-jack-cornbread-biscuits/,Pepper Jack Cornbread Biscuits,"[{'quantity': '2', 'unit': 'cups', 'ingredient': 'self-rising flour (see Tip)'}, {'quantity': '1', 'unit': 'cup', 'ingredient': 'yellow cornmeal'}, {'quantity': '2', 'unit': 'tablespoons', 'ingredient': 'white sugar'}, {'quantity': '½', 'unit': 'teaspoon', 'ingredient': 'salt'}, {'quantity': '1', 'unit': 'teaspoon', 'ingredient': 'baking soda'}, {'quantity': '1', 'unit': 'stick', 'ingredient': '(1/2 cup) very cold unsalted butter, cubed'}, {'quantity': '1 ¼', 'unit': 'cups', 'ingredient': 'cold buttermilk'}, {'quantity': '2', 'unit': 'ounces', 'ingredient': 'pepper Jack cheese'}, {'quantity': '2', 'unit': 'tablespoons', 'ingredient': 'melted butter for brushing tops'}]",50 mins,14
https://www.allrecipes.com/recipe/139948/jamaican-fried-dumplings/,Jamaican Fried Dumplings,"[{'quantity': '4', 'unit': 'cups', 'ingredient': 'all-purpose flour'}, {'quantity': '2', 'unit': 'teaspoons', 'ingredient': 'baking powder'}, {'quantity': '1 ½', 'unit': 'teaspoons', 'ingredient': 'salt'}, {'quantity': '½', 'unit': 'cup', 'ingredient': 'butter, cut into cubes and softened'}, {'quantity': '½', 'unit': 'cup', 'ingredient': 'cold water'}, {'quantity': '1', 'unit': 'cup', 'ingredient': 'vegetable oil for frying'}]",20 mins,6
https://www.allrecipes.com/recipe/7040/jps-big-daddy-biscuits/,J.P.'s Big Daddy Biscuits,"[{'quantity': '2', 'unit': 'cups', 'ingredient': 'all-purpose flour'}, {'quantity': '1', 'unit': 'tablespoon', 'ingredient': 'baking powder'}, {'quantity': '1', 'unit': 'tablespoon', 'ingredient': 'white sugar'}, {'quantity': '1', 'unit': 'teaspoon', 'ingredient': 'salt'}, {'quantity': '⅓', 'unit': 'cup', 'ingredient': 'shortening or butter'}, {'quantity': '1', 'unit': 'cup', 'ingredient': 'milk'}]",45 mins,6
https://www.allrecipes.com/recipe/220943/chef-johns-buttermilk-biscuits/,Chef John's Buttermilk Biscuits,"[{'quantity': '2', 'unit': 'cups', 'ingredient': 'all-purpose flour'}, {'quantity': '2', 'unit': 'teaspoons', 'ingredient': 'baking powder'}, {'quantity': '¼', 'unit': 'teaspoon', 'ingredient': 'baking soda'}, {'quantity': '1', 'unit': 'teaspoon', 'ingredient': 'salt'}, {'quantity': '7', 'unit': 'tablespoons', 'ingredient': 'unsalted butter, chilled in freezer and cut into thin slices'}, {'quantity': '¾', 'unit': 'cup', 'ingredient': 'cold buttermilk'}, {'quantity': '2', 'unit': 'tablespoons', 'ingredient': 'buttermilk for brushing'}]",35 mins,12
https://www.allrecipes.com/article/how-to-make-white-gravy/,How to Make Homemade White Gravy From Scratch,[],,
https://www.allrecipes.com/recipe/7146/cheddar-bay-biscuits/,Cheddar Bay Biscuits,"[{'quantity': '4', 'unit': 'cups', 'ingredient': 'baking mix (such as Bisquick or Jiffy)'}, {'quantity': '1 ⅓', 'unit': 'cups', 'ingredient': 'water'}, {'quantity': '3', 'unit': 'ounces', 'ingredient': 'Cheddar cheese, shredded'}, {'quantity': '½', 'unit': 'cup', 'ingredient': 'melted butter'}, {'quantity': '1', 'unit': 'teaspoon', 'ingredient': 'garlic powder'}, {'quantity': '¼', 'unit': 'teaspoon', 'ingredient': 'salt'}, {'quantity': '⅛', 'unit': 'teaspoon', 'ingredient': 'onion powder'}, {'quantity': '⅛', 'unit': 'teaspoon', 'ingredient': 'dried parsley'}]",25 mins,20
https://www.allrecipes.com/recipe/102151/easy-baking-powder-drop-biscuits/,Easy Baking Powder Drop Biscuits,"[{'quantity': '2', 'unit': 'cups', 'ingredient': 'all-purpose flour'}, {'quantity': '1', 'unit': 'tablespoon', 'ingredient': 'white sugar'}, {'quantity': '2 ½', 'unit': 'teaspoons', 'ingredient': 'baking powder'}, {'quantity': '½', 'unit': 'teaspoon', 'ingredient': 'salt'}, {'quantity': '½', 'unit': 'cup', 'ingredient': 'chilled butter, diced'}, {'quantity': '1 ¼', 'unit': 'cups', 'ingredient': 'whole milk'}]",30 mins,12
https://www.allrecipes.com/recipe/6740/tea-biscuits/,Tea Biscuits,"[{'quantity': '2', 'unit': 'cups', 'ingredient': 'all-purpose flour'}, {'quantity': '4', 'unit': 'teaspoons', 'ingredient': 'baking powder'}, {'quantity': '1', 'unit': 'teaspoon', 'ingredient': 'salt'}, {'quantity': '½', 'unit': 'cup', 'ingredient': 'shortening'}, {'quantity': '¾', 'unit': 'cup', 'ingredient': 'milk'}]",35 mins,20
https://www.allrecipes.com/recipe/24023/mayonnaise-biscuits/,Mayonnaise Biscuits,"[{'quantity': '2', 'unit': 'cups', 'ingredient': 'self-rising flour'}, {'quantity': '1', 'unit': 'cup', 'ingredient': 'milk'}, {'quantity': '6', 'unit': 'tablespoons', 'ingredient': 'mayonnaise'}]",25 mins,12
https://www.allrecipes.com/article/how-to-make-easy-biscuits-and-gravy/,How to Make Easy Biscuits and Gravy,[],,
https://www.allrecipes.com/recipe/255037/white-lily-light-and-fluffy-biscuits/,White Lily Light and Fluffy Biscuits,"[{'quantity': '2', 'unit': 'cups', 'ingredient': 'White Lily Enriched Bleached Self-Rising Flour or White Lily® Enriched Unbleached Self-Rising Flour'}, {'quantity': '¼', 'unit': 'cup', 'ingredient': 'Crisco All-Vegetable Shortening'}, {'quantity': '¾', 'unit': 'cup', 'ingredient': 'buttermilk'}, {'quantity': '2', 'unit': 'tablespoons', 'ingredient': 'butter, melted (Optional)'}]",20 mins,12
https://www.allrecipes.com/recipe/21135/e-z-drop-biscuits/,E-Z Drop Biscuits,"[{'quantity': '2', 'unit': 'cups', 'ingredient': 'all-purpose flour'}, {'quantity': '1', 'unit': 'tablespoon', 'ingredient': 'baking powder'}, {'quantity': '2', 'unit': 'teaspoons', 'ingredient': 'white sugar'}, {'quantity': '½', 'unit': 'teaspoon', 'ingredient': 'cream of tartar'}, {'quantity': '¼', 'unit': 'teaspoon', 'ingredient': 'salt'}, {'quantity': '½', 'unit': 'cup', 'ingredient': 'melted butter'}, {'quantity': '1', 'unit': 'cup', 'ingredient': 'milk'}]",30 mins,12
https://www.allrecipes.com/recipe/6797/moms-baking-powder-biscuits/,Mom's Baking Powder Biscuits,"[{'quantity': '2', 'unit': 'cups', 'ingredient': 'all-purpose flour, plus more for dusting'}, {'quantity': '2 ½', 'unit': 'teaspoons', 'ingredient': 'baking powder'}, {'quantity': '¾', 'unit': 'teaspoon', 'ingredient': 'salt'}, {'quantity': '5', 'unit': 'tablespoons', 'ingredient': 'shortening'}, {'quantity': '¾', 'unit': 'cup', 'ingredient': 'milk'}, {'quantity': '1', 'unit': 'tablespoon', 'ingredient': 'melted shortening, or as needed (Optional)'}]",30 mins,24
https://www.allrecipes.com/recipe/238379/easy-7-up-biscuits/,Easy 7-Up Biscuits,"[{'quantity': '½', 'unit': 'cup', 'ingredient': 'butter'}, {'quantity': '4 ½', 'unit': 'cups', 'ingredient': 'baking mix (such as Bisquick ®)'}, {'quantity': '1', 'unit': 'cup', 'ingredient': 'lemon-lime soda (such as 7-Up®)'}, {'quantity': '1', 'unit': 'cup', 'ingredient': 'sour cream'}]",40 mins,12
https://www.allrecipes.com/article/scone-vs-biscuit/,What's the Difference Between Scones and Biscuits?,[],,
https://www.allrecipes.com/recipe/280473/butter-swim-biscuits/,Butter Swim Biscuits,"[{'quantity': '½', 'unit': 'cup', 'ingredient': 'unsalted butter'}, {'quantity': '2 ½', 'unit': 'cups', 'ingredient': 'all-purpose flour'}, {'quantity': '4', 'unit': 'teaspoons', 'ingredient': 'baking powder'}, {'quantity': '4', 'unit': 'teaspoons', 'ingredient': 'white sugar'}, {'quantity': '1', 'unit': 'teaspoon', 'ingredient': 'salt'}, {'quantity': '1 ¾', 'unit': 'cups', 'ingredient': 'buttermilk'}]",30 mins,9
https://www.allrecipes.com/recipe/21382/never-fail-biscuits/,Never Fail Biscuits,"[{'quantity': '2', 'unit': 'cups', 'ingredient': 'all-purpose flour'}, {'quantity': '½', 'unit': 'teaspoon', 'ingredient': 'salt'}, {'quantity': '4', 'unit': 'teaspoons', 'ingredient': 'baking powder'}, {'quantity': '½', 'unit': 'teaspoon', 'ingredient': 'cream of tartar'}, {'quantity': '2', 'unit': 'teaspoons', 'ingredient': 'white sugar'}, {'quantity': '½', 'unit': 'cup', 'ingredient': 'butter, chilled and diced'}, {'quantity': '¾', 'unit': 'cup', 'ingredient': 'milk'}]",20 mins,4
https://www.allrecipes.com/recipe/236141/cathead-biscuits/,Cathead Biscuits,"[{'quantity': '4', 'unit': 'cups', 'ingredient': 'self-rising flour (such as WhiteLily®)'}, {'quantity': '1', 'unit': 'pinch', 'ingredient': 'salt (Optional)'}, {'quantity': '3', 'unit': 'tablespoons', 'ingredient': 'room-temperature vegetable shortening (such as Crisco®), or as needed'}, {'quantity': '1 ¾', 'unit': 'cups', 'ingredient': 'buttermilk, or as needed'}, {'quantity': '¼', 'unit': 'cup', 'ingredient': 'melted butter for brushing, or to taste'}]",25 mins,8
https://www.allrecipes.com/recipe/6871/sour-cream-biscuits/,Sour Cream Biscuits,"[{'quantity': '2', 'unit': 'cups', 'ingredient': 'all-purpose flour'}, {'quantity': '½', 'unit': 'teaspoon', 'ingredient': 'salt'}, {'quantity': '½', 'unit': 'teaspoon', 'ingredient': 'baking soda'}, {'quantity': '3', 'unit': 'teaspoons', 'ingredient': 'baking powder'}, {'quantity': '¾', 'unit': 'cup', 'ingredient': 'sour cream'}, {'quantity': '1 ½', 'unit': 'tablespoons', 'ingredient': 'water'}]",22 mins,12
https://www.allrecipes.com/recipe/222600/fluffy-whole-wheat-biscuits/,Fluffy Whole Wheat Biscuits,"[{'quantity': '1', 'unit': 'cup', 'ingredient': 'all-purpose flour'}, {'quantity': '1', 'unit': 'cup', 'ingredient': 'whole wheat flour'}, {'quantity': '4', 'unit': 'teaspoons', 'ingredient': 'baking powder'}, {'quantity': '1', 'unit': 'tablespoon', 'ingredient': 'white sugar'}, {'quantity': '¾', 'unit': 'teaspoon', 'ingredient': 'salt'}, {'quantity': '¼', 'unit': 'cup', 'ingredient': 'butter'}, {'quantity': '1', 'unit': 'cup', 'ingredient': 'buttermilk'}]",25 mins,12
https://www.allrecipes.com/recipe/231096/best-buttermilk-biscuits/,Best Buttermilk Biscuits,"[{'quantity': '2 ¼', 'unit': 'cups', 'ingredient': 'self-rising flour'}, {'quantity': '¼', 'unit': 'teaspoon', 'ingredient': 'baking soda'}, {'quantity': '½', 'unit': 'cup', 'ingredient': 'butter-flavored shortening (such as Crisco)'}, {'quantity': '1', 'unit': 'cup', 'ingredient': 'buttermilk'}]",55 mins,12
https://www.allrecipes.com/recipe/174386/homemade-biscuit-mix/,Homemade Biscuit Mix,"[{'quantity': '10', 'unit': 'cups', 'ingredient': 'all-purpose flour'}, {'quantity': '½', 'unit': 'cup', 'ingredient': 'baking powder'}, {'quantity': '2', 'unit': 'tablespoons', 'ingredient': 'white sugar'}, {'quantity': '2', 'unit': 'teaspoons', 'ingredient': 'salt'}, {'quantity': '1 ¼', 'unit': 'cups', 'ingredient': 'vegetable oil'}]",15 mins,48
https://www.allrecipes.com/recipe/22313/cheese-garlic-biscuits-ii/,Cheese Garlic Biscuits II,"[{'quantity': '1 ¾', 'unit': 'cups', 'ingredient': 'all-purpose flour'}, {'quantity': '½', 'unit': 'teaspoon', 'ingredient': 'salt'}, {'quantity': '½', 'unit': 'teaspoon', 'ingredient': 'baking powder'}, {'quantity': '5', 'unit': 'tablespoons', 'ingredient': 'butter'}, {'quantity': '1', 'unit': 'cup', 'ingredient': 'milk'}, {'quantity': '1', 'unit': 'cup', 'ingredient': 'shredded Cheddar cheese'}, {'quantity': '¼', 'unit': 'cup', 'ingredient': 'butter, melted'}, {'quantity': '1', 'unit': 'clove', 'ingredient': 'garlic, minced'}]",25 mins,12
https://www.allrecipes.com/recipe/229355/grandmas-baking-powder-biscuits/,Grandma's Baking Powder Biscuits,"[{'quantity': '2', 'unit': 'cups', 'ingredient': 'all-purpose flour'}, {'quantity': '2', 'unit': 'tablespoons', 'ingredient': 'white sugar'}, {'quantity': '4', 'unit': 'teaspoons', 'ingredient': 'baking powder'}, {'quantity': '½', 'unit': 'teaspoon', 'ingredient': 'cream of tartar'}, {'quantity': '½', 'unit': 'teaspoon', 'ingredient': 'salt'}, {'quantity': '½', 'unit': 'cup', 'ingredient': 'vegetable shortening'}, {'quantity': '1', 'unit': '', 'ingredient': 'egg'}, {'quantity': '⅔', 'unit': 'cup', 'ingredient': 'milk'}]",25 mins,12
https://www.allrecipes.com/recipe/215011/raisin-tea-biscuits/,Raisin Tea Biscuits,"[{'quantity': '⅔', 'unit': 'cup', 'ingredient': 'raisins'}, {'quantity': '1', 'unit': 'cup', 'ingredient': 'hot water'}, {'quantity': '3 ¼', 'unit': 'cups', 'ingredient': 'all-purpose flour'}, {'quantity': '3', 'unit': 'tablespoons', 'ingredient': 'white sugar'}, {'quantity': '1', 'unit': 'tablespoon', 'ingredient': 'baking powder'}, {'quantity': '½', 'unit': 'teaspoon', 'ingredient': 'salt'}, {'quantity': '¾', 'unit': 'cup', 'ingredient': 'cold unsalted butter, cut into pieces'}, {'quantity': '1', 'unit': 'cup', 'ingredient': 'milk'}, {'quantity': '1', 'unit': '', 'ingredient': 'egg'}, {'quantity': '1', 'unit': 'tablespoon', 'ingredient': 'water'}]",30 mins,8
https://www.allrecipes.com/recipe/232810/easy-mayonnaise-biscuits/,Easy Mayonnaise Biscuits,"[{'quantity': None, 'unit': None, 'ingredient': 'cooking spray'}, {'quantity': '1', 'unit': 'cup', 'ingredient': 'self-rising flour'}, {'quantity': '½', 'unit': 'cup', 'ingredient': 'milk'}, {'quantity': '¼', 'unit': 'cup', 'ingredient': 'mayonnaise'}]",45 mins,6
https://www.allrecipes.com/gallery/homemade-biscuit-recipes/,25 Homemade Biscuit Recipes to Make From Scratch,[],,
https://www.allrecipes.com/recipe/6855/easy-biscuits/,Easy Biscuits,"[{'quantity': '2 ¼', 'unit': 'cups', 'ingredient': 'self-rising flour'}, {'quantity': '¾', 'unit': 'cup', 'ingredient': 'shortening'}, {'quantity': '1', 'unit': 'cup', 'ingredient': 'milk'}]",35 mins,12
https://www.allrecipes.com/recipe/234038/canadian-tea-biscuits/,Canadian Tea Biscuits,"[{'quantity': '2', 'unit': 'cups', 'ingredient': 'all-purpose flour'}, {'quantity': '1', 'unit': 'tablespoon', 'ingredient': 'baking powder'}, {'quantity': '1', 'unit': 'teaspoon', 'ingredient': 'salt'}, {'quantity': '⅓', 'unit': 'cup', 'ingredient': 'shortening'}, {'quantity': '½', 'unit': 'cup', 'ingredient': 'shredded Cheddar cheese'}, {'quantity': '2', 'unit': 'tablespoons', 'ingredient': 'chopped fresh chives'}, {'quantity': '1', 'unit': 'cup', 'ingredient': 'milk, or as needed'}]",30 mins,6
https://www.allrecipes.com/recipe/152578/spelt-biscuits/,Spelt Biscuits,"[{'quantity': '2', 'unit': 'cups', 'ingredient': 'spelt flour'}, {'quantity': '1', 'unit': 'tablespoon', 'ingredient': 'baking powder'}, {'quantity': '1', 'unit': 'teaspoon', 'ingredient': 'salt'}, {'quantity': '6', 'unit': 'tablespoons unsalted', 'ingredient': 'butter'}, {'quantity': '⅔', 'unit': 'cup', 'ingredient': 'milk'}]",25 mins,6
https://www.allrecipes.com/recipe/179346/cheese-garlic-biscuits/,Cheese-Garlic Biscuits,"[{'quantity': '2', 'unit': 'cups', 'ingredient': 'baking mix (such as Original Bisquick)'}, {'quantity': '⅔', 'unit': 'cup', 'ingredient': 'milk'}, {'quantity': '½', 'unit': 'cup', 'ingredient': 'shredded Cheddar cheese'}, {'quantity': '2', 'unit': 'tablespoons', 'ingredient': 'unsalted butter or margarine'}, {'quantity': '⅛', 'unit': 'teaspoon', 'ingredient': 'garlic powder'}]",15 mins,9
https://www.allrecipes.com/recipe/141972/teenas-overnight-southern-buttermilk-biscuits/,Teena's Overnight Southern Buttermilk Biscuits,"[{'quantity': '4', 'unit': 'cups', 'ingredient': 'self-rising flour'}, {'quantity': '2', 'unit': 'tablespoons', 'ingredient': 'white sugar'}, {'quantity': '⅔', 'unit': 'cup', 'ingredient': 'shortening'}, {'quantity': '2', 'unit': 'cups', 'ingredient': 'buttermilk'}]",8 hrs 35 mins,12
https://www.allrecipes.com/recipe/59509/tender-potato-biscuits/,Tender Potato Biscuits,"[{'quantity': '2 ½', 'unit': 'cups', 'ingredient': 'all-purpose flour'}, {'quantity': '2', 'unit': 'tablespoons', 'ingredient': 'baking powder'}, {'quantity': '1', 'unit': 'teaspoon', 'ingredient': 'salt'}, {'quantity': '¼', 'unit': 'cup', 'ingredient': 'sugar'}, {'quantity': '¼', 'unit': 'cup', 'ingredient': 'butter or margarine'}, {'quantity': '1 ½', 'unit': 'cups', 'ingredient': 'leftover mashed potatoes'}, {'quantity': '1', 'unit': '', 'ingredient': 'egg, beaten'}, {'quantity': '⅓', 'unit': 'cup', 'ingredient': 'cold water'}, {'quantity': '⅓', 'unit': 'cup', 'ingredient': 'milk'}, {'quantity': '2', 'unit': 'tablespoons', 'ingredient': 'milk, or as needed'}]",30 mins,8
https://www.allrecipes.com/recipe/16720/baking-powder-biscuits-i/,Baking Powder Biscuits,"[{'quantity': '2', 'unit': 'cups', 'ingredient': 'all-purpose flour'}, {'quantity': '1', 'unit': 'tablespoon', 'ingredient': 'baking powder'}, {'quantity': '½', 'unit': 'teaspoon', 'ingredient': 'salt'}, {'quantity': '¼', 'unit': 'cup', 'ingredient': 'shortening (such as Crisco®)'}, {'quantity': '1', 'unit': 'cup', 'ingredient': 'milk'}]",35 mins,12
https://www.allrecipes.com/recipe/17158/baking-powder-biscuits-ii/,Baking Powder Biscuits II,"[{'quantity': '2', 'unit': 'cups', 'ingredient': 'all-purpose flour'}, {'quantity': '1', 'unit': 'tablespoon', 'ingredient': 'baking powder'}, {'quantity': '1', 'unit': 'teaspoon', 'ingredient': 'salt'}, {'quantity': '⅓', 'unit': 'cup', 'ingredient': 'vegetable oil'}, {'quantity': '⅔', 'unit': 'cup', 'ingredient': 'buttermilk'}]",40 mins,12
https://www.allrecipes.com/recipe/235613/how-to-make-cream-biscuits/,How to Make Cream Biscuits,"[{'quantity': '2', 'unit': 'cups', 'ingredient': 'self-rising flour'}, {'quantity': '1', 'unit': 'tablespoon', 'ingredient': 'white sugar'}, {'quantity': '1 ½', 'unit': 'cups', 'ingredient': 'heavy whipping cream'}, {'quantity': '2', 'unit': 'tablespoons', 'ingredient': 'butter, melted, or as needed'}]",25 mins,10
https://www.allrecipes.com/recipe/240682/garlic-herb-butter-drop-biscuits/,Garlic-Herb Butter Drop Biscuits,"[{'quantity': '2', 'unit': 'cups', 'ingredient': 'all-purpose flour'}, {'quantity': '1', 'unit': 'tablespoon', 'ingredient': 'baking powder'}, {'quantity': '2', 'unit': 'teaspoons', 'ingredient': 'white sugar'}, {'quantity': '½', 'unit': 'teaspoon', 'ingredient': 'cream of tartar'}, {'quantity': '⅓', 'unit': 'teaspoon', 'ingredient': 'garlic powder'}, {'quantity': '¼', 'unit': 'teaspoon', 'ingredient': 'salt'}, {'quantity': '½', 'unit': 'cup', 'ingredient': 'chilled unsalted butter, cut into cubes'}, {'quantity': '1', 'unit': 'cup', 'ingredient': 'shredded mild Cheddar cheese'}, {'quantity': '1', 'unit': 'teaspoon', 'ingredient': 'dried Italian seasoning'}, {'quantity': '1', 'unit': 'cup', 'ingredient': 'cold whole milk'}, {'quantity': '2', 'unit': 'tablespoons', 'ingredient': 'salted butter, melted'}, {'quantity': '½', 'unit': 'teaspoon', 'ingredient': 'dried parsley flakes'}, {'quantity': '½', 'unit': 'teaspoon', 'ingredient': 'garlic powder'}]",30 mins,12
https://www.allrecipes.com/recipe/264211/cheesy-keto-biscuits/,Cheesy Keto Biscuits,"[{'quantity': '2', 'unit': 'cups', 'ingredient': 'almond flour'}, {'quantity': '1', 'unit': 'tablespoon', 'ingredient': 'baking powder'}, {'quantity': '2 ½', 'unit': 'cups', 'ingredient': 'shredded Cheddar cheese'}, {'quantity': '4', 'unit': '', 'ingredient': 'eggs'}, {'quantity': '¼', 'unit': 'cup', 'ingredient': 'half-and-half'}]",40 mins,9
https://www.allrecipes.com/recipe/85594/kentucky-biscuits/,Kentucky Biscuits,"[{'quantity': '2', 'unit': 'cups', 'ingredient': 'all-purpose flour'}, {'quantity': '2 ½', 'unit': 'teaspoons', 'ingredient': 'baking powder'}, {'quantity': '½', 'unit': 'teaspoon', 'ingredient': 'baking soda'}, {'quantity': '1', 'unit': 'dash', 'ingredient': 'salt'}, {'quantity': '1', 'unit': 'tablespoon', 'ingredient': 'white sugar'}, {'quantity': '½', 'unit': 'cup', 'ingredient': 'butter'}, {'quantity': '¾', 'unit': 'cup', 'ingredient': 'buttermilk'}]",30 mins,12
https://www.allrecipes.com/recipe/236693/nannys-newfoundland-tea-biscuits/,Nanny's Newfoundland Tea Biscuits,"[{'quantity': '4', 'unit': 'cups', 'ingredient': 'all-purpose flour'}, {'quantity': '5', 'unit': 'teaspoons', 'ingredient': 'baking powder'}, {'quantity': '½', 'unit': 'cup', 'ingredient': 'raisins'}, {'quantity': '1', 'unit': 'cup', 'ingredient': 'milk'}, {'quantity': '3', 'unit': '', 'ingredient': 'eggs'}, {'quantity': '½', 'unit': 'cup unsalted', 'ingredient': 'butter, softened'}, {'quantity': '½', 'unit': 'cup', 'ingredient': 'white sugar'}, {'quantity': '1', 'unit': 'pinch', 'ingredient': 'salt'}]",30 mins,24
https://www.allrecipes.com/recipe/280491/super-easy-strawberry-shortcake-biscuits/,Super Easy Shortcake Biscuits,"[{'quantity': '2 ½', 'unit': 'cups', 'ingredient': 'all-purpose flour'}, {'quantity': '½', 'unit': 'cup', 'ingredient': 'white sugar'}, {'quantity': '3', 'unit': 'teaspoons', 'ingredient': 'baking powder'}, {'quantity': '1', 'unit': 'teaspoon', 'ingredient': 'salt'}, {'quantity': '½', 'unit': 'cup', 'ingredient': 'shortening'}, {'quantity': '2', 'unit': 'large', 'ingredient': 'eggs'}, {'quantity': '1 ½', 'unit': 'cups', 'ingredient': 'milk'}]",30 mins,12
https://www.allrecipes.com/recipe/234033/sadies-buttermilk-biscuits/,Sadie's Buttermilk Biscuits Recipe,"[{'quantity': '4', 'unit': 'cups', 'ingredient': 'all-purpose flour'}, {'quantity': '1', 'unit': 'teaspoon', 'ingredient': 'salt'}, {'quantity': '1', 'unit': 'teaspoon', 'ingredient': 'baking soda'}, {'quantity': '1', 'unit': 'teaspoon', 'ingredient': 'cream of tartar'}, {'quantity': '4', 'unit': 'teaspoons', 'ingredient': 'baking powder'}, {'quantity': '1', 'unit': 'cup', 'ingredient': 'lard'}, {'quantity': '2', 'unit': 'cups', 'ingredient': 'buttermilk'}]",35 mins,18
